enrollment_number,dispute_amount,resolved_date_ist,status,handling_clerk
ENR-2025674,5000,2026-08-08 16:54:06,Closed,Clerk_4
ENR-2024514,"Rs. 5,000",2026-08-16 16:23:04,Closed,Clerk_4
ENR-2026248,"Rs. 5,000",2026-08-05 17:41:26,Closed,Clerk_2
ENR-2026093,7500,2026-08-24 12:29:11,Closed,Clerk_5
ENR-2024243,Rs. 2500,2026-08-03 19:14:31,Closed,Clerk_3
ENR-2024319,Rs. 2500,2026-08-10 00:37:01,Closed,Clerk_4
ENR-2026196,5000,2026-09-10 07:44:35,Closed,Clerk_2
ENR-2024194,5000,2026-09-20 02:11:39,Closed,Clerk_5
ENR-2025497,"5,000.00",2026-09-12 12:49:55,Closed,Clerk_2
ENR-2025017,Five Thousand,2026-09-11 01:58:25,Closed,Clerk_4
ENR-2026201,"5,000.00",2026-08-09 03:53:26,Closed,Clerk_2
ENR-2024260,Five Thousand,2026-09-19 23:55:03,Closed,Clerk_5
ENR-2026398,"5,000.00",2026-08-13 11:46:34,Closed,Clerk_1
ENR-2024467,"Rs. 5,000",2026-09-16 10:09:51,Closed,Clerk_1
ENR-2026446,Rs. 2500,2026-09-15 06:01:58,Closed,Clerk_4
ENR-2025043,5000,2026-09-04 16:56:17,Closed,Clerk_3
ENR-2024998,"5,000.00",2026-08-20 16:17:14,Closed,Clerk_2
ENR-2025973,50 00,2026-08-26 18:33:38,Closed,Clerk_4
ENR-2024973,"Rs. 5,000",2026-08-16 16:14:04,Closed,Clerk_5
ENR-2024647,50 00,2026-08-12 07:29:33,Closed,Clerk_5
ENR-2026228,5000,2026-08-12 04:41:00,Closed,Clerk_4
ENR-2024036,5000,2026-09-15 03:36:06,Closed,Clerk_4
ENR-2025129,7500,2026-08-02 22:18:19,Closed,Clerk_5
ENR-2025056,Rs. 2500,2026-09-02 12:44:22,Closed,Clerk_3
ENR-2025096,7500,2026-08-15 21:38:58,Closed,Clerk_5
ENR-2025730,Rs. 2500,2026-08-06 05:58:08,Closed,Clerk_3
ENR-2024520,"Rs. 5,000",2026-09-16 04:33:03,Closed,Clerk_3
ENR-2025952,50 00,2026-09-06 03:20:29,Closed,Clerk_4
ENR-2025083,Five Thousand,2026-08-21 19:33:20,Closed,Clerk_2
ENR-2026162,Five Thousand,2026-09-14 15:49:09,Closed,Clerk_1
ENR-2024945,"5,000.00",2026-08-14 15:36:09,Closed,Clerk_3
ENR-2025475,"5,000.00",2026-09-06 13:07:56,Closed,Clerk_2
ENR-2024579,Rs. 2500,2026-08-25 18:03:31,Closed,Clerk_3
ENR-2025589,"Rs. 5,000",2026-08-20 11:30:47,Closed,Clerk_4
ENR-2024166,"5,000.00",2026-08-10 13:14:51,Closed,Clerk_5
ENR-2024062,Five Thousand,2026-09-07 03:24:59,Closed,Clerk_4
ENR-2025515,Rs. 2500,2026-09-03 15:39:58,Closed,Clerk_3
ENR-2024068,Rs. 2500,2026-08-17 05:46:01,Closed,Clerk_1
ENR-2024012,Five Thousand,2026-08-17 09:11:22,Closed,Clerk_3
ENR-2024378,Five Thousand,2026-09-23 16:18:40,Closed,Clerk_4
ENR-2024962,Rs. 2500,2026-09-14 07:02:56,Closed,Clerk_4
ENR-2026227,7500,2026-09-22 17:18:46,Closed,Clerk_3
ENR-2026158,7500,2026-08-13 22:03:03,Closed,Clerk_5
ENR-2026212,"5,000.00",2026-09-13 00:02:50,Closed,Clerk_4
ENR-2024777,"Rs. 5,000",2026-08-31 08:04:48,Closed,Clerk_1
ENR-2026211,Five Thousand,2026-08-21 03:02:25,Closed,Clerk_5
ENR-2025287,50 00,2026-09-07 23:17:53,Closed,Clerk_5
ENR-2024111,5000,2026-08-08 03:58:25,Closed,Clerk_4
ENR-2024361,"Rs. 5,000",2026-09-08 09:51:21,Closed,Clerk_3
ENR-2024887,"5,000.00",2026-08-19 23:10:10,Closed,Clerk_1
ENR-2024621,Rs. 2500,2026-09-21 02:05:44,Closed,Clerk_1
ENR-2024593,50 00,2026-08-10 14:08:02,Closed,Clerk_5
ENR-2024773,50 00,2026-09-10 02:26:48,Closed,Clerk_3
ENR-2026128,5000,2026-09-19 22:23:25,Closed,Clerk_3
ENR-2026396,7500,2026-09-07 23:52:53,Closed,Clerk_1
ENR-2024222,7500,2026-08-14 06:53:18,Closed,Clerk_2
ENR-2024087,"Rs. 5,000",2026-08-08 14:04:43,Closed,Clerk_2
ENR-2024913,"Rs. 5,000",2026-09-15 19:58:00,Closed,Clerk_4
ENR-2026171,"Rs. 5,000",2026-08-07 22:23:47,Closed,Clerk_4
ENR-2025857,Rs. 2500,2026-08-15 23:25:45,Closed,Clerk_2
ENR-2026053,5000,2026-08-30 04:47:27,Closed,Clerk_3
ENR-2025498,50 00,2026-09-18 10:14:52,Closed,Clerk_2
ENR-2025079,Rs. 2500,2026-09-10 22:12:10,Closed,Clerk_5
ENR-2025389,7500,2026-08-06 20:26:04,Closed,Clerk_1
ENR-2024508,"5,000.00",2026-08-17 17:49:33,Closed,Clerk_4
ENR-2025229,"5,000.00",2026-09-02 00:11:56,Closed,Clerk_2
ENR-2024971,Five Thousand,2026-08-15 01:44:19,Closed,Clerk_2
ENR-2024184,"5,000.00",2026-09-19 05:16:43,Closed,Clerk_1
ENR-2025188,Five Thousand,2026-08-18 10:12:08,Closed,Clerk_2
ENR-2026049,7500,2026-08-10 21:42:34,Closed,Clerk_3
ENR-2025534,50 00,2026-08-26 19:06:01,Closed,Clerk_3
ENR-2024290,Rs. 2500,2026-09-06 20:18:42,Closed,Clerk_2
ENR-2025699,50 00,2026-08-18 14:45:57,Closed,Clerk_5
ENR-2025388,"Rs. 5,000",2026-08-23 12:40:54,Closed,Clerk_2
ENR-2025928,"5,000.00",2026-08-15 11:11:03,Closed,Clerk_2
ENR-2025055,Rs. 2500,2026-08-12 20:25:21,Closed,Clerk_1
ENR-2024710,Rs. 2500,2026-09-13 15:26:35,Closed,Clerk_2
ENR-2024135,"Rs. 5,000",2026-09-09 16:59:25,Closed,Clerk_3
ENR-2025246,"Rs. 5,000",2026-09-14 05:44:02,Closed,Clerk_5
ENR-2026051,50 00,2026-08-11 06:26:14,Closed,Clerk_5
ENR-2025805,Rs. 2500,2026-08-12 02:36:03,Closed,Clerk_1
ENR-2025018,5000,2026-08-13 03:53:24,Closed,Clerk_5
ENR-2025977,7500,2026-09-03 01:42:31,Closed,Clerk_3
ENR-2024624,Rs. 2500,2026-08-20 11:03:55,Closed,Clerk_3
ENR-2024494,"5,000.00",2026-08-16 17:25:51,Closed,Clerk_2
ENR-2025271,50 00,2026-08-02 14:09:14,Closed,Clerk_3
ENR-2025212,"5,000.00",2026-08-05 20:11:30,Closed,Clerk_4
ENR-2024242,Five Thousand,2026-09-17 19:31:03,Closed,Clerk_5
ENR-2024536,"5,000.00",2026-09-06 21:25:23,Closed,Clerk_4
ENR-2024662,50 00,2026-09-04 12:39:54,Closed,Clerk_2
ENR-2025381,50 00,2026-08-21 20:49:12,Closed,Clerk_4
ENR-2024227,5000,2026-08-28 04:49:04,Closed,Clerk_2
ENR-2024627,5000,2026-09-14 04:39:38,Closed,Clerk_1
ENR-2025674,"Rs. 5,000",2026-08-31 13:54:39,Closed,Clerk_1
ENR-2024153,"Rs. 5,000",2026-08-22 18:39:51,Closed,Clerk_5
ENR-2025487,"5,000.00",2026-08-30 16:56:35,Closed,Clerk_3
ENR-2024192,50 00,2026-09-17 16:57:47,Closed,Clerk_3
ENR-2026243,Five Thousand,2026-09-10 15:55:42,Closed,Clerk_2
ENR-2024714,Five Thousand,2026-08-21 07:07:35,Closed,Clerk_1
ENR-2024778,7500,2026-09-17 12:04:04,Closed,Clerk_5
ENR-2025529,Five Thousand,2026-08-30 07:12:31,Closed,Clerk_1
ENR-2024989,"5,000.00",2026-08-08 19:30:50,Closed,Clerk_1
ENR-2025562,"5,000.00",2026-08-07 03:13:12,Closed,Clerk_5
ENR-2024442,50 00,2026-09-09 19:43:24,Closed,Clerk_4
ENR-2025389,5000,2026-08-20 19:25:47,Closed,Clerk_4
ENR-2024948,"5,000.00",2026-08-06 03:51:17,Closed,Clerk_2
ENR-2025761,"Rs. 5,000",2026-08-29 02:07:22,Closed,Clerk_3
ENR-2025802,7500,2026-08-12 01:33:51,Closed,Clerk_4
ENR-2024758,5000,2026-09-17 05:08:39,Closed,Clerk_1
ENR-2024183,5000,2026-09-10 16:57:13,Closed,Clerk_5
ENR-2024423,"Rs. 5,000",2026-08-25 15:56:52,Closed,Clerk_3
ENR-2024120,"Rs. 5,000",2026-08-31 03:50:31,Closed,Clerk_5
ENR-2024660,"Rs. 5,000",2026-09-19 18:34:40,Closed,Clerk_3
ENR-2026190,50 00,2026-08-08 21:53:24,Closed,Clerk_3
ENR-2024540,"5,000.00",2026-08-24 04:19:02,Closed,Clerk_4
ENR-2024541,Rs. 2500,2026-08-16 05:42:40,Closed,Clerk_5
ENR-2025068,Five Thousand,2026-08-16 12:43:23,Closed,Clerk_2
ENR-2024200,50 00,2026-09-01 20:08:26,Closed,Clerk_4
ENR-2025622,Five Thousand,2026-09-06 23:55:03,Closed,Clerk_4
ENR-2025563,Rs. 2500,2026-08-18 19:23:17,Closed,Clerk_2
ENR-2026472,50 00,2026-08-29 08:19:25,Closed,Clerk_3
ENR-2025010,"Rs. 5,000",2026-08-02 10:51:18,Closed,Clerk_2
ENR-2025113,"Rs. 5,000",2026-08-12 19:47:21,Closed,Clerk_4
ENR-2025445,Five Thousand,2026-08-19 11:56:18,Closed,Clerk_5
ENR-2024406,50 00,2026-08-05 16:22:05,Closed,Clerk_3
ENR-2024511,Rs. 2500,2026-08-02 15:00:51,Closed,Clerk_5
ENR-2024386,"Rs. 5,000",2026-08-12 18:16:42,Closed,Clerk_4
ENR-2026215,7500,2026-08-29 13:07:16,Closed,Clerk_4
ENR-2025565,"5,000.00",2026-09-18 07:50:21,Closed,Clerk_4
ENR-2024309,"Rs. 5,000",2026-08-09 17:52:27,Closed,Clerk_1
ENR-2025037,Rs. 2500,2026-09-18 05:39:48,Closed,Clerk_2
ENR-2024923,50 00,2026-09-05 14:40:15,Closed,Clerk_1
ENR-2024548,50 00,2026-09-14 03:59:42,Closed,Clerk_2
ENR-2025300,50 00,2026-08-13 16:40:00,Closed,Clerk_4
ENR-2025662,"5,000.00",2026-08-29 10:30:48,Closed,Clerk_2
ENR-2025183,5000,2026-08-29 17:21:15,Closed,Clerk_1
ENR-2025763,Five Thousand,2026-08-04 19:14:58,Closed,Clerk_4
ENR-2024298,5000,2026-08-17 18:04:14,Closed,Clerk_5
ENR-2025286,50 00,2026-08-12 15:54:30,Closed,Clerk_3
ENR-2026048,50 00,2026-08-05 08:24:58,Closed,Clerk_1
ENR-2024303,"Rs. 5,000",2026-09-11 13:43:11,Closed,Clerk_1
ENR-2024918,Rs. 2500,2026-09-10 01:41:51,Closed,Clerk_3
ENR-2025671,5000,2026-08-23 23:27:19,Closed,Clerk_1
ENR-2024106,Rs. 2500,2026-08-24 00:36:34,Closed,Clerk_5
ENR-2026483,7500,2026-09-12 23:00:48,Closed,Clerk_2
ENR-2026418,"Rs. 5,000",2026-09-13 09:20:58,Closed,Clerk_4
ENR-2026310,"Rs. 5,000",2026-08-14 13:47:47,Closed,Clerk_1
ENR-2024742,5000,2026-08-27 13:12:13,Closed,Clerk_2
ENR-2026100,Five Thousand,2026-08-29 07:23:20,Closed,Clerk_2
ENR-2024981,Five Thousand,2026-08-29 01:12:52,Closed,Clerk_2
ENR-2026484,"5,000.00",2026-08-08 06:50:11,Closed,Clerk_4
ENR-2026399,5000,2026-08-12 00:36:26,Closed,Clerk_3
ENR-2025081,5000,2026-08-16 18:51:09,Closed,Clerk_2
ENR-2025724,Five Thousand,2026-08-16 11:14:06,Closed,Clerk_1
ENR-2025917,"5,000.00",2026-08-14 09:37:38,Closed,Clerk_2
ENR-2024770,7500,2026-08-15 08:32:45,Closed,Clerk_3
ENR-2026124,"5,000.00",2026-09-05 07:17:36,Closed,Clerk_4
ENR-2025576,50 00,2026-08-19 07:24:22,Closed,Clerk_2
ENR-2026026,5000,2026-08-30 20:51:59,Closed,Clerk_5
ENR-2025843,"Rs. 5,000",2026-08-29 06:49:59,Closed,Clerk_4
ENR-2025926,50 00,2026-09-09 05:10:36,Closed,Clerk_3
ENR-2025299,Rs. 2500,2026-09-21 06:44:00,Closed,Clerk_4
ENR-2024422,"Rs. 5,000",2026-08-10 02:01:27,Closed,Clerk_5
ENR-2024638,7500,2026-08-11 21:39:59,Closed,Clerk_5
ENR-2025247,"5,000.00",2026-09-03 03:00:00,Closed,Clerk_4
ENR-2024588,Five Thousand,2026-09-05 04:16:20,Closed,Clerk_2
ENR-2024779,50 00,2026-08-21 15:24:34,Closed,Clerk_1
ENR-2025736,"Rs. 5,000",2026-09-04 09:25:25,Closed,Clerk_5
ENR-2024949,Rs. 2500,2026-08-13 00:49:03,Closed,Clerk_1
ENR-2026379,50 00,2026-08-24 01:04:22,Closed,Clerk_1
ENR-2026334,"5,000.00",2026-09-01 01:10:30,Closed,Clerk_1
ENR-2026282,Rs. 2500,2026-08-27 14:57:09,Closed,Clerk_2
ENR-2025306,Rs. 2500,2026-09-05 08:37:37,Closed,Clerk_2
ENR-2025019,"Rs. 5,000",2026-08-09 15:27:02,Closed,Clerk_5
ENR-2024892,Rs. 2500,2026-08-22 00:40:11,Closed,Clerk_1
ENR-2025919,50 00,2026-08-15 22:52:18,Closed,Clerk_2
ENR-2025477,Five Thousand,2026-09-18 19:12:42,Closed,Clerk_3
ENR-2026129,Five Thousand,2026-09-14 01:50:07,Closed,Clerk_3
ENR-2025512,"5,000.00",2026-08-19 22:50:42,Closed,Clerk_3
ENR-2024067,5000,2026-08-07 23:17:42,Closed,Clerk_2
ENR-2024043,5000,2026-09-11 20:46:26,Closed,Clerk_1
ENR-2024046,"5,000.00",2026-08-17 10:49:00,Closed,Clerk_1
ENR-2025046,Rs. 2500,2026-09-09 18:00:30,Closed,Clerk_1
ENR-2025042,50 00,2026-08-03 05:17:14,Closed,Clerk_4
ENR-2026477,7500,2026-09-07 05:17:59,Closed,Clerk_3
ENR-2025985,7500,2026-08-10 04:09:20,Closed,Clerk_2
ENR-2025923,5000,2026-08-28 13:18:29,Closed,Clerk_2
ENR-2024121,"Rs. 5,000",2026-08-24 15:48:42,Closed,Clerk_2
ENR-2024526,Rs. 2500,2026-08-30 11:22:00,Closed,Clerk_1
ENR-2025733,Rs. 2500,2026-09-01 11:30:02,Closed,Clerk_4
ENR-2025787,"5,000.00",2026-08-12 19:28:16,Closed,Clerk_4
ENR-2026143,Five Thousand,2026-08-14 02:37:06,Closed,Clerk_2
ENR-2026028,Rs. 2500,2026-08-15 12:46:42,Closed,Clerk_2
ENR-2026254,5000,2026-09-18 15:41:36,Closed,Clerk_3
ENR-2024330,Five Thousand,2026-08-08 16:57:31,Closed,Clerk_1
ENR-2024455,Rs. 2500,2026-09-08 01:48:45,Closed,Clerk_2
ENR-2026202,50 00,2026-08-28 14:35:16,Closed,Clerk_4
ENR-2024056,Rs. 2500,2026-08-14 18:20:21,Closed,Clerk_4
ENR-2025070,Rs. 2500,2026-08-29 17:26:21,Closed,Clerk_5
ENR-2024582,Rs. 2500,2026-09-13 22:34:55,Closed,Clerk_3
ENR-2024458,"5,000.00",2026-08-29 09:14:54,Closed,Clerk_5
ENR-2026471,Five Thousand,2026-08-05 23:22:36,Closed,Clerk_3
ENR-2025754,"5,000.00",2026-08-04 03:39:16,Closed,Clerk_1
ENR-2025869,Five Thousand,2026-08-07 18:29:48,Closed,Clerk_3
ENR-2024389,Rs. 2500,2026-08-13 11:33:41,Closed,Clerk_3
ENR-2025846,Rs. 2500,2026-09-14 12:07:56,Closed,Clerk_3
ENR-2025606,5000,2026-08-25 19:06:17,Closed,Clerk_1
ENR-2025967,5000,2026-08-25 00:29:02,Closed,Clerk_4
ENR-2024965,"5,000.00",2026-09-08 16:04:26,Closed,Clerk_2
ENR-2024899,Rs. 2500,2026-08-05 23:53:39,Closed,Clerk_3
ENR-2026029,50 00,2026-09-10 04:55:36,Closed,Clerk_3
ENR-2024977,5000,2026-09-03 13:48:30,Closed,Clerk_3
ENR-2025161,"Rs. 5,000",2026-08-22 00:15:42,Closed,Clerk_2
ENR-2024317,"Rs. 5,000",2026-08-26 09:00:02,Closed,Clerk_4
ENR-2025385,"Rs. 5,000",2026-08-19 17:07:05,Closed,Clerk_2
ENR-2025493,50 00,2026-09-12 21:19:42,Closed,Clerk_5
ENR-2025912,7500,2026-08-21 15:14:33,Closed,Clerk_3
ENR-2025845,"Rs. 5,000",2026-08-14 17:17:30,Closed,Clerk_3
ENR-2025214,50 00,2026-08-17 10:07:01,Closed,Clerk_5
ENR-2026112,5000,2026-08-14 17:32:45,Closed,Clerk_2
ENR-2024891,Five Thousand,2026-09-14 17:23:04,Closed,Clerk_1
ENR-2024217,50 00,2026-09-07 00:36:56,Closed,Clerk_4
ENR-2026456,Rs. 2500,2026-08-18 03:14:43,Closed,Clerk_3
ENR-2025061,"5,000.00",2026-09-17 07:30:54,Closed,Clerk_4
ENR-2025948,Rs. 2500,2026-09-09 21:07:03,Closed,Clerk_4
ENR-2024268,7500,2026-08-31 07:07:41,Closed,Clerk_3
ENR-2024701,50 00,2026-09-15 16:50:46,Closed,Clerk_5
ENR-2025401,"Rs. 5,000",2026-09-15 07:35:06,Closed,Clerk_4
ENR-2024565,7500,2026-09-22 12:25:55,Closed,Clerk_5
ENR-2024679,"5,000.00",2026-09-06 16:54:56,Closed,Clerk_1
ENR-2024132,Rs. 2500,2026-09-11 09:36:00,Closed,Clerk_2
ENR-2024461,"5,000.00",2026-08-07 20:00:11,Closed,Clerk_3
ENR-2026294,50 00,2026-09-09 03:34:26,Closed,Clerk_5
ENR-2025532,"5,000.00",2026-09-18 17:27:38,Closed,Clerk_4
ENR-2024076,"Rs. 5,000",2026-09-14 22:33:50,Closed,Clerk_4
ENR-2025651,7500,2026-09-07 08:34:07,Closed,Clerk_2
ENR-2024156,"Rs. 5,000",2026-09-09 09:09:04,Closed,Clerk_3
ENR-2026315,50 00,2026-09-05 04:00:44,Closed,Clerk_2
ENR-2024285,5000,2026-09-17 05:29:59,Closed,Clerk_4
ENR-2024650,50 00,2026-09-18 13:39:26,Closed,Clerk_5
ENR-2025104,Rs. 2500,2026-09-05 18:54:14,Closed,Clerk_2
ENR-2025020,5000,2026-08-14 09:50:07,Closed,Clerk_4
ENR-2024935,50 00,2026-09-05 15:46:44,Closed,Clerk_2
ENR-2024533,Five Thousand,2026-09-12 23:29:18,Closed,Clerk_2
ENR-2025987,Five Thousand,2026-09-04 04:57:20,Closed,Clerk_2
ENR-2024566,Rs. 2500,2026-08-25 12:22:29,Closed,Clerk_4
ENR-2024535,5000,2026-09-03 07:16:49,Closed,Clerk_4
ENR-2026460,50 00,2026-08-25 10:36:42,Closed,Clerk_4
ENR-2026037,Five Thousand,2026-09-02 14:12:14,Closed,Clerk_5
ENR-2024007,50 00,2026-08-25 04:58:00,Closed,Clerk_4
ENR-2025845,7500,2026-09-06 20:00:02,Closed,Clerk_4
ENR-2026262,50 00,2026-08-10 16:13:32,Closed,Clerk_5
ENR-2024680,7500,2026-08-19 00:46:36,Closed,Clerk_1
ENR-2025685,"5,000.00",2026-08-15 06:13:01,Closed,Clerk_3
ENR-2025851,Rs. 2500,2026-09-18 23:02:02,Closed,Clerk_1
ENR-2025369,5000,2026-09-15 01:12:25,Closed,Clerk_2
ENR-2024739,"5,000.00",2026-08-18 03:16:37,Closed,Clerk_5
ENR-2025584,50 00,2026-09-17 16:01:38,Closed,Clerk_5
ENR-2025054,"Rs. 5,000",2026-08-26 04:52:37,Closed,Clerk_5
ENR-2024194,50 00,2026-09-18 10:45:11,Closed,Clerk_5
ENR-2026143,7500,2026-08-27 05:31:34,Closed,Clerk_1
ENR-2025530,5000,2026-08-07 20:13:17,Closed,Clerk_1
ENR-2026133,Five Thousand,2026-08-21 11:53:59,Closed,Clerk_2
ENR-2025162,50 00,2026-09-11 17:07:40,Closed,Clerk_4
ENR-2024128,Five Thousand,2026-08-11 14:20:52,Closed,Clerk_2
ENR-2025524,"Rs. 5,000",2026-08-08 14:30:53,Closed,Clerk_5
ENR-2025505,"5,000.00",2026-08-23 22:47:42,Closed,Clerk_1
ENR-2024112,Five Thousand,2026-08-15 10:50:19,Closed,Clerk_2
ENR-2026237,50 00,2026-08-07 16:14:11,Closed,Clerk_2
ENR-2025286,Five Thousand,2026-08-11 00:49:42,Closed,Clerk_3
ENR-2025534,Rs. 2500,2026-08-10 22:46:56,Closed,Clerk_4
ENR-2024517,50 00,2026-08-27 10:10:24,Closed,Clerk_2
ENR-2026034,7500,2026-09-09 19:33:25,Closed,Clerk_3
ENR-2025436,7500,2026-08-24 18:31:45,Closed,Clerk_3
ENR-2025736,5000,2026-08-08 03:29:42,Closed,Clerk_2
ENR-2025411,Rs. 2500,2026-09-13 23:14:49,Closed,Clerk_5
ENR-2026379,5000,2026-09-13 23:46:50,Closed,Clerk_3
ENR-2026132,Rs. 2500,2026-09-08 06:35:19,Closed,Clerk_4
ENR-2024536,5000,2026-09-14 14:18:10,Closed,Clerk_5
ENR-2025123,"Rs. 5,000",2026-09-04 11:14:24,Closed,Clerk_1
ENR-2024469,Rs. 2500,2026-08-28 02:39:06,Closed,Clerk_1
ENR-2026490,5000,2026-08-08 01:36:14,Closed,Clerk_3
ENR-2025822,7500,2026-09-06 09:56:59,Closed,Clerk_5
ENR-2025731,Rs. 2500,2026-08-27 08:26:41,Closed,Clerk_4
ENR-2025531,7500,2026-09-05 03:04:51,Closed,Clerk_5
ENR-2024952,"5,000.00",2026-09-09 12:08:14,Closed,Clerk_2
ENR-2024580,5000,2026-09-12 20:56:44,Closed,Clerk_5
ENR-2026090,50 00,2026-09-13 16:11:12,Closed,Clerk_4
ENR-2026286,7500,2026-08-18 22:04:42,Closed,Clerk_3
ENR-2025269,7500,2026-09-23 00:37:16,Closed,Clerk_5
ENR-2026367,Rs. 2500,2026-08-15 19:38:42,Closed,Clerk_1
ENR-2025292,"Rs. 5,000",2026-08-08 21:05:22,Closed,Clerk_2
ENR-2026460,Rs. 2500,2026-09-11 14:07:12,Closed,Clerk_5
ENR-2024724,50 00,2026-09-13 12:23:34,Closed,Clerk_1
ENR-2025578,"Rs. 5,000",2026-09-17 16:29:27,Closed,Clerk_1
ENR-2026077,Five Thousand,2026-09-09 09:07:07,Closed,Clerk_4
ENR-2026364,"Rs. 5,000",2026-08-02 12:00:57,Closed,Clerk_3
ENR-2025913,7500,2026-09-05 20:09:15,Closed,Clerk_4
ENR-2025054,"5,000.00",2026-08-22 17:06:12,Closed,Clerk_5
ENR-2025204,Five Thousand,2026-09-03 18:47:07,Closed,Clerk_4
ENR-2026348,Rs. 2500,2026-09-03 20:35:49,Closed,Clerk_2
ENR-2025148,Rs. 2500,2026-09-15 06:56:00,Closed,Clerk_3
ENR-2024339,50 00,2026-09-13 13:07:00,Closed,Clerk_1
ENR-2024470,5000,2026-08-15 02:09:26,Closed,Clerk_1
ENR-2025130,5000,2026-08-24 14:37:19,Closed,Clerk_4
ENR-2025498,50 00,2026-09-08 10:01:02,Closed,Clerk_1
ENR-2024144,50 00,2026-08-21 16:05:51,Closed,Clerk_3
ENR-2026482,Five Thousand,2026-09-04 13:54:58,Closed,Clerk_3
ENR-2025152,Five Thousand,2026-08-14 03:51:43,Closed,Clerk_4
ENR-2026344,Five Thousand,2026-08-29 22:23:27,Closed,Clerk_3
ENR-2024901,Five Thousand,2026-09-18 02:54:26,Closed,Clerk_2
ENR-2025317,Five Thousand,2026-09-10 09:53:36,Closed,Clerk_1
ENR-2025743,"5,000.00",2026-09-03 19:11:00,Closed,Clerk_1
ENR-2025381,7500,2026-08-13 10:31:17,Closed,Clerk_5
ENR-2024646,50 00,2026-09-08 09:23:03,Closed,Clerk_1
ENR-2025757,Rs. 2500,2026-09-05 02:44:55,Closed,Clerk_2
ENR-2025351,"5,000.00",2026-08-17 11:19:48,Closed,Clerk_2
ENR-2024286,"5,000.00",2026-08-30 22:25:27,Closed,Clerk_2
ENR-2025100,"5,000.00",2026-09-05 15:43:25,Closed,Clerk_1
ENR-2025538,Five Thousand,2026-08-12 00:57:25,Closed,Clerk_1
ENR-2024226,50 00,2026-09-19 13:28:38,Closed,Clerk_1
ENR-2025440,5000,2026-08-24 03:38:15,Closed,Clerk_5
ENR-2025133,"Rs. 5,000",2026-09-18 11:23:40,Closed,Clerk_2
ENR-2025842,50 00,2026-09-05 15:16:30,Closed,Clerk_2
ENR-2025431,Rs. 2500,2026-08-18 04:18:22,Closed,Clerk_3
ENR-2024770,Rs. 2500,2026-08-06 18:57:32,Closed,Clerk_1
ENR-2025849,7500,2026-08-05 10:48:57,Closed,Clerk_3
ENR-2026472,Rs. 2500,2026-09-04 04:05:40,Closed,Clerk_2
ENR-2024299,50 00,2026-09-05 19:03:59,Closed,Clerk_1
ENR-2026001,Five Thousand,2026-08-17 06:29:52,Closed,Clerk_2
ENR-2026152,7500,2026-08-20 15:29:32,Closed,Clerk_2
ENR-2025609,"Rs. 5,000",2026-08-19 15:57:38,Closed,Clerk_2
ENR-2025214,7500,2026-09-10 08:02:22,Closed,Clerk_1
ENR-2026427,"5,000.00",2026-08-23 23:15:43,Closed,Clerk_1
ENR-2026298,Five Thousand,2026-09-13 20:34:27,Closed,Clerk_3
ENR-2026082,7500,2026-08-05 14:50:54,Closed,Clerk_2
ENR-2024562,50 00,2026-09-07 22:13:23,Closed,Clerk_4
ENR-2024088,5000,2026-08-10 14:07:36,Closed,Clerk_3
ENR-2026175,"Rs. 5,000",2026-08-05 01:34:16,Closed,Clerk_1
ENR-2025175,"Rs. 5,000",2026-09-20 22:20:18,Closed,Clerk_4
ENR-2025268,Rs. 2500,2026-08-05 02:34:15,Closed,Clerk_2
ENR-2026243,Five Thousand,2026-08-14 20:40:12,Closed,Clerk_4
ENR-2024546,50 00,2026-08-23 13:21:09,Closed,Clerk_4
ENR-2024887,5000,2026-09-14 11:23:57,Closed,Clerk_2
ENR-2026411,Five Thousand,2026-09-09 03:05:42,Closed,Clerk_1
ENR-2026040,Rs. 2500,2026-08-29 18:48:20,Closed,Clerk_4
ENR-2025177,50 00,2026-08-14 00:07:59,Closed,Clerk_2
ENR-2024654,Five Thousand,2026-09-20 02:54:04,Closed,Clerk_4
ENR-2025458,7500,2026-08-02 12:02:29,Closed,Clerk_5
ENR-2025000,"5,000.00",2026-08-23 21:30:28,Closed,Clerk_2
ENR-2025599,Rs. 2500,2026-08-31 21:14:00,Closed,Clerk_5
ENR-2025385,"Rs. 5,000",2026-08-16 20:33:51,Closed,Clerk_4
ENR-2025579,"5,000.00",2026-08-17 14:48:42,Closed,Clerk_3
ENR-2024389,"Rs. 5,000",2026-09-03 08:42:17,Closed,Clerk_3
ENR-2025905,"5,000.00",2026-08-12 15:44:15,Closed,Clerk_3
ENR-2025747,Rs. 2500,2026-08-13 11:28:19,Closed,Clerk_4
ENR-2024924,Five Thousand,2026-08-19 20:49:28,Closed,Clerk_3
ENR-2025921,Five Thousand,2026-08-15 18:57:47,Closed,Clerk_4
ENR-2026443,Five Thousand,2026-08-05 03:15:35,Closed,Clerk_2
ENR-2026493,5000,2026-08-21 06:55:06,Closed,Clerk_2
ENR-2024632,Five Thousand,2026-08-07 13:16:00,Closed,Clerk_2
ENR-2026173,50 00,2026-08-01 19:43:44,Closed,Clerk_1
ENR-2025989,Five Thousand,2026-08-16 06:58:11,Closed,Clerk_4
ENR-2024397,5000,2026-08-15 21:22:25,Closed,Clerk_4
ENR-2026334,50 00,2026-09-18 18:20:00,Closed,Clerk_4
ENR-2024138,50 00,2026-08-11 01:58:20,Closed,Clerk_1
ENR-2025881,50 00,2026-08-02 07:52:44,Closed,Clerk_3
ENR-2026270,Five Thousand,2026-08-17 18:00:32,Closed,Clerk_5
ENR-2024054,5000,2026-08-12 11:46:52,Closed,Clerk_5
ENR-2025649,Rs. 2500,2026-09-16 17:11:54,Closed,Clerk_5
ENR-2025262,5000,2026-09-23 18:49:58,Closed,Clerk_3
ENR-2026177,"Rs. 5,000",2026-08-10 19:10:26,Closed,Clerk_4
ENR-2026427,50 00,2026-08-04 04:33:35,Closed,Clerk_2
ENR-2024236,7500,2026-09-09 15:03:18,Closed,Clerk_1
ENR-2026489,"5,000.00",2026-08-08 14:43:55,Closed,Clerk_3
ENR-2025031,"5,000.00",2026-08-26 00:30:28,Closed,Clerk_3
ENR-2024425,5000,2026-08-17 13:01:20,Closed,Clerk_4
ENR-2025005,7500,2026-08-30 19:31:17,Closed,Clerk_4
ENR-2026268,Rs. 2500,2026-09-24 08:59:39,Closed,Clerk_5
ENR-2025786,7500,2026-09-15 05:37:43,Closed,Clerk_3
ENR-2026008,"Rs. 5,000",2026-08-26 16:16:16,Closed,Clerk_5
ENR-2025119,"5,000.00",2026-08-04 06:41:02,Closed,Clerk_1
ENR-2025880,50 00,2026-08-23 04:25:16,Closed,Clerk_2
ENR-2025308,50 00,2026-08-11 13:12:05,Closed,Clerk_1
ENR-2025391,50 00,2026-08-28 20:31:44,Closed,Clerk_2
ENR-2024938,5000,2026-08-23 23:25:48,Closed,Clerk_1
ENR-2025464,"5,000.00",2026-08-18 01:21:47,Closed,Clerk_4
ENR-2025099,"5,000.00",2026-09-01 05:22:43,Closed,Clerk_2
ENR-2026248,5000,2026-08-14 19:08:36,Closed,Clerk_5
ENR-2026096,"Rs. 5,000",2026-08-12 10:16:20,Closed,Clerk_2
ENR-2024560,5000,2026-09-03 00:25:21,Closed,Clerk_3
ENR-2024974,Five Thousand,2026-08-07 19:13:26,Closed,Clerk_5
ENR-2025077,Rs. 2500,2026-09-11 09:17:33,Closed,Clerk_3
ENR-2025036,50 00,2026-09-19 10:29:29,Closed,Clerk_1
ENR-2025295,"Rs. 5,000",2026-08-07 23:49:54,Closed,Clerk_5
ENR-2024543,"5,000.00",2026-09-18 22:44:53,Closed,Clerk_1
ENR-2025324,"5,000.00",2026-09-10 07:38:11,Closed,Clerk_1
ENR-2025150,"Rs. 5,000",2026-08-26 17:23:41,Closed,Clerk_5
ENR-2026127,5000,2026-08-20 01:55:01,Closed,Clerk_2
ENR-2025706,Rs. 2500,2026-08-27 06:04:54,Closed,Clerk_4
ENR-2026291,"5,000.00",2026-08-09 18:06:38,Closed,Clerk_2
ENR-2024747,Five Thousand,2026-08-17 04:01:45,Closed,Clerk_4
ENR-2025173,5000,2026-08-17 21:51:11,Closed,Clerk_2
ENR-2024829,50 00,2026-09-17 05:21:11,Closed,Clerk_3
ENR-2025487,Five Thousand,2026-08-17 19:56:33,Closed,Clerk_4
ENR-2026047,Rs. 2500,2026-09-14 15:46:15,Closed,Clerk_4
ENR-2026333,"5,000.00",2026-08-05 17:46:30,Closed,Clerk_3
ENR-2025259,"Rs. 5,000",2026-08-07 18:03:31,Closed,Clerk_1
ENR-2025121,7500,2026-08-29 08:25:04,Closed,Clerk_2
ENR-2025006,7500,2026-08-26 23:55:32,Closed,Clerk_3
ENR-2025310,50 00,2026-08-16 03:19:47,Closed,Clerk_1
ENR-2025072,Rs. 2500,2026-08-13 22:11:36,Closed,Clerk_1
ENR-2026314,"Rs. 5,000",2026-09-05 01:42:16,Closed,Clerk_2
ENR-2024794,Five Thousand,2026-08-21 09:02:43,Closed,Clerk_2
ENR-2025089,Five Thousand,2026-08-07 14:27:25,Closed,Clerk_3
ENR-2026351,7500,2026-09-07 17:25:29,Closed,Clerk_2
ENR-2024153,"5,000.00",2026-08-23 18:29:22,Closed,Clerk_3
ENR-2026039,"5,000.00",2026-08-07 09:50:10,Closed,Clerk_5
ENR-2024210,50 00,2026-09-17 15:51:31,Closed,Clerk_4
ENR-2026464,5000,2026-08-19 18:43:22,Closed,Clerk_3
ENR-2025172,"Rs. 5,000",2026-08-31 14:45:42,Closed,Clerk_1
ENR-2024941,7500,2026-08-11 16:08:23,Closed,Clerk_3
ENR-2026302,50 00,2026-09-09 22:26:21,Closed,Clerk_4
ENR-2024289,Rs. 2500,2026-08-23 02:08:23,Closed,Clerk_2
ENR-2025578,50 00,2026-08-22 09:09:43,Closed,Clerk_5
ENR-2024865,50 00,2026-09-01 12:23:07,Closed,Clerk_4
ENR-2024380,5000,2026-08-16 17:42:10,Closed,Clerk_5
ENR-2024378,"5,000.00",2026-09-14 05:19:14,Closed,Clerk_5
ENR-2024611,Rs. 2500,2026-09-08 14:27:59,Closed,Clerk_5
ENR-2024424,"5,000.00",2026-09-19 08:37:46,Closed,Clerk_5
ENR-2025488,7500,2026-09-18 17:13:06,Closed,Clerk_1
ENR-2026376,5000,2026-08-22 04:01:39,Closed,Clerk_5
ENR-2025341,7500,2026-08-29 19:19:11,Closed,Clerk_1
ENR-2024297,Five Thousand,2026-09-07 19:12:56,Closed,Clerk_3
ENR-2025933,"5,000.00",2026-09-16 12:39:04,Closed,Clerk_2
ENR-2024030,5000,2026-08-07 14:24:41,Closed,Clerk_1
ENR-2024135,5000,2026-09-09 00:27:01,Closed,Clerk_1
ENR-2025125,7500,2026-09-18 01:37:15,Closed,Clerk_5
ENR-2025113,7500,2026-09-13 19:35:14,Closed,Clerk_1
ENR-2026095,50 00,2026-08-24 05:23:21,Closed,Clerk_5
ENR-2025729,"5,000.00",2026-08-27 22:43:51,Closed,Clerk_2
ENR-2025169,Five Thousand,2026-09-14 11:26:26,Closed,Clerk_4
ENR-2025797,Rs. 2500,2026-08-25 10:51:12,Closed,Clerk_3
ENR-2024709,Five Thousand,2026-08-03 19:17:33,Closed,Clerk_5
ENR-2024122,Rs. 2500,2026-08-07 20:33:54,Closed,Clerk_5
ENR-2025985,50 00,2026-08-05 18:18:15,Closed,Clerk_1
ENR-2024296,Five Thousand,2026-09-17 08:53:53,Closed,Clerk_1
ENR-2025438,5000,2026-09-18 19:54:15,Closed,Clerk_5
ENR-2024376,"Rs. 5,000",2026-09-16 09:59:58,Closed,Clerk_1
ENR-2025962,5000,2026-09-15 01:01:08,Closed,Clerk_3
ENR-2024927,50 00,2026-08-31 20:42:43,Closed,Clerk_1
ENR-2024340,Five Thousand,2026-08-13 10:21:21,Closed,Clerk_1
ENR-2025055,Five Thousand,2026-09-20 15:36:25,Closed,Clerk_2
ENR-2026030,"5,000.00",2026-08-29 10:51:15,Closed,Clerk_3
ENR-2026476,50 00,2026-08-21 19:13:53,Closed,Clerk_3
ENR-2024508,Five Thousand,2026-08-17 04:58:53,Closed,Clerk_4
ENR-2025073,"Rs. 5,000",2026-09-01 02:28:32,Closed,Clerk_1
ENR-2026262,Rs. 2500,2026-09-13 09:23:47,Closed,Clerk_2
ENR-2024235,7500,2026-08-29 12:20:19,Closed,Clerk_5
ENR-2025723,"Rs. 5,000",2026-08-16 00:33:55,Closed,Clerk_3
ENR-2024960,7500,2026-08-06 05:15:20,Closed,Clerk_3
ENR-2026099,50 00,2026-08-15 17:10:24,Closed,Clerk_5
ENR-2026348,50 00,2026-08-04 15:41:40,Closed,Clerk_3
ENR-2026282,7500,2026-09-12 22:55:22,Closed,Clerk_4
ENR-2024969,"5,000.00",2026-08-22 12:18:32,Closed,Clerk_2
ENR-2025716,Rs. 2500,2026-08-19 08:17:50,Closed,Clerk_1
ENR-2024102,Five Thousand,2026-09-14 16:07:02,Closed,Clerk_2
ENR-2024821,5000,2026-08-10 07:55:36,Closed,Clerk_1
ENR-2024944,Rs. 2500,2026-09-02 01:30:50,Closed,Clerk_2
ENR-2024097,"5,000.00",2026-08-13 12:36:05,Closed,Clerk_1
ENR-2024098,"Rs. 5,000",2026-08-16 13:50:10,Closed,Clerk_3
ENR-2026030,Rs. 2500,2026-08-27 07:41:53,Closed,Clerk_2
ENR-2025967,7500,2026-09-11 22:27:14,Closed,Clerk_1
ENR-2024452,"Rs. 5,000",2026-09-01 10:42:02,Closed,Clerk_3
ENR-2025896,5000,2026-08-04 10:08:56,Closed,Clerk_4
ENR-2025070,7500,2026-09-12 22:20:13,Closed,Clerk_2
ENR-2026439,Rs. 2500,2026-09-10 21:32:50,Closed,Clerk_3
ENR-2024518,50 00,2026-09-03 14:27:06,Closed,Clerk_1
ENR-2024496,5000,2026-08-05 19:29:53,Closed,Clerk_2
ENR-2024172,"Rs. 5,000",2026-09-16 01:39:07,Closed,Clerk_3
ENR-2024032,"5,000.00",2026-08-06 20:30:45,Closed,Clerk_4
ENR-2025119,5000,2026-09-04 22:42:33,Closed,Clerk_2
ENR-2026448,Rs. 2500,2026-08-19 20:37:51,Closed,Clerk_3
ENR-2025733,50 00,2026-08-30 03:38:41,Closed,Clerk_3
ENR-2026430,Five Thousand,2026-08-26 04:09:21,Closed,Clerk_3
ENR-2024670,7500,2026-09-12 20:46:43,Closed,Clerk_3
ENR-2025184,Five Thousand,2026-08-21 02:49:20,Closed,Clerk_1
ENR-2024887,Five Thousand,2026-08-26 21:46:31,Closed,Clerk_5
ENR-2025686,7500,2026-09-14 21:18:02,Closed,Clerk_5
ENR-2025873,Five Thousand,2026-09-14 16:18:15,Closed,Clerk_2
ENR-2025492,7500,2026-09-15 02:16:36,Closed,Clerk_2
ENR-2024474,50 00,2026-09-20 17:39:57,Closed,Clerk_1
ENR-2024737,5000,2026-08-26 13:26:17,Closed,Clerk_2
ENR-2025425,5000,2026-08-30 18:41:49,Closed,Clerk_3
ENR-2025776,"5,000.00",2026-08-27 14:04:08,Closed,Clerk_4
ENR-2025346,5000,2026-08-29 17:59:29,Closed,Clerk_5
ENR-2024306,50 00,2026-09-10 19:11:18,Closed,Clerk_1
ENR-2024327,"5,000.00",2026-08-22 00:03:08,Closed,Clerk_5
ENR-2025575,Rs. 2500,2026-09-18 15:16:04,Closed,Clerk_3
ENR-2024335,"Rs. 5,000",2026-09-09 14:53:06,Closed,Clerk_2
ENR-2025082,7500,2026-08-28 23:01:33,Closed,Clerk_1
ENR-2025311,Five Thousand,2026-09-11 13:42:12,Closed,Clerk_4
ENR-2024031,"5,000.00",2026-08-15 16:33:39,Closed,Clerk_2
ENR-2025388,50 00,2026-08-29 09:02:52,Closed,Clerk_3
ENR-2025135,Rs. 2500,2026-08-13 01:46:40,Closed,Clerk_1
ENR-2024895,Rs. 2500,2026-08-15 21:40:52,Closed,Clerk_1
ENR-2024787,Five Thousand,2026-08-23 09:07:23,Closed,Clerk_2
ENR-2025762,Rs. 2500,2026-08-18 11:45:47,Closed,Clerk_1
ENR-2024835,Five Thousand,2026-09-17 22:16:50,Closed,Clerk_3
ENR-2024225,Five Thousand,2026-08-31 21:15:40,Closed,Clerk_2
ENR-2025209,7500,2026-08-25 23:10:38,Closed,Clerk_2
ENR-2024256,5000,2026-09-18 12:42:51,Closed,Clerk_5
ENR-2025150,"5,000.00",2026-09-11 11:50:46,Closed,Clerk_2
ENR-2024192,Five Thousand,2026-09-21 07:45:29,Closed,Clerk_2
ENR-2025019,Rs. 2500,2026-08-21 23:59:47,Closed,Clerk_3
ENR-2024034,"5,000.00",2026-09-05 23:14:39,Closed,Clerk_3
ENR-2025867,7500,2026-09-13 16:28:19,Closed,Clerk_4
ENR-2024733,Rs. 2500,2026-08-30 12:55:38,Closed,Clerk_4
ENR-2025147,"Rs. 5,000",2026-08-07 21:54:18,Closed,Clerk_2
ENR-2026418,50 00,2026-09-14 09:06:33,Closed,Clerk_4
ENR-2025503,50 00,2026-08-28 08:49:53,Closed,Clerk_5
ENR-2024871,Five Thousand,2026-08-19 17:00:33,Closed,Clerk_3
ENR-2026208,"5,000.00",2026-08-12 19:55:36,Closed,Clerk_5
ENR-2024430,Five Thousand,2026-08-15 19:41:35,Closed,Clerk_2
ENR-2026098,5000,2026-08-06 04:03:16,Closed,Clerk_3
ENR-2025002,"5,000.00",2026-09-18 12:37:48,Closed,Clerk_5
ENR-2024890,"5,000.00",2026-08-18 09:16:11,Closed,Clerk_2
ENR-2026180,7500,2026-09-08 03:37:41,Closed,Clerk_5
ENR-2025842,"Rs. 5,000",2026-08-07 22:24:11,Closed,Clerk_2
ENR-2026460,Five Thousand,2026-09-10 11:23:13,Closed,Clerk_4
ENR-2025881,"Rs. 5,000",2026-09-21 03:46:12,Closed,Clerk_5
ENR-2025975,"5,000.00",2026-09-02 19:44:25,Closed,Clerk_5
ENR-2024097,5000,2026-09-12 17:54:05,Closed,Clerk_3
ENR-2025444,50 00,2026-09-06 00:46:07,Closed,Clerk_5
ENR-2024553,"5,000.00",2026-09-11 02:07:47,Closed,Clerk_5
ENR-2024709,7500,2026-09-10 05:38:38,Closed,Clerk_5
ENR-2024670,7500,2026-09-19 02:29:53,Closed,Clerk_4
ENR-2026492,50 00,2026-09-22 23:27:00,Closed,Clerk_1
ENR-2025381,7500,2026-08-06 07:15:35,Closed,Clerk_2
ENR-2026343,5000,2026-09-02 17:46:11,Closed,Clerk_2
ENR-2025848,"5,000.00",2026-08-25 22:18:28,Closed,Clerk_4
ENR-2024799,Five Thousand,2026-08-12 03:38:50,Closed,Clerk_5
ENR-2026474,"5,000.00",2026-09-11 12:49:52,Closed,Clerk_2
ENR-2024951,Rs. 2500,2026-09-06 21:48:06,Closed,Clerk_5
ENR-2024864,50 00,2026-09-08 17:44:48,Closed,Clerk_5
ENR-2025965,Rs. 2500,2026-08-10 07:23:30,Closed,Clerk_1
ENR-2024630,Rs. 2500,2026-09-05 19:00:37,Closed,Clerk_5
ENR-2025453,5000,2026-08-27 05:36:33,Closed,Clerk_3
ENR-2024924,"5,000.00",2026-08-05 17:14:56,Closed,Clerk_1
ENR-2024824,Rs. 2500,2026-08-06 03:30:57,Closed,Clerk_2
ENR-2024673,7500,2026-08-25 23:46:29,Closed,Clerk_2
ENR-2024362,"5,000.00",2026-08-04 18:00:49,Closed,Clerk_3
ENR-2024814,"5,000.00",2026-08-03 20:52:03,Closed,Clerk_1
ENR-2024727,"5,000.00",2026-08-10 09:42:26,Closed,Clerk_3
ENR-2024174,"Rs. 5,000",2026-08-11 20:58:12,Closed,Clerk_3
ENR-2025559,"Rs. 5,000",2026-09-19 18:30:21,Closed,Clerk_3
ENR-2026142,50 00,2026-08-31 10:13:30,Closed,Clerk_2
ENR-2024685,"5,000.00",2026-08-28 00:23:01,Closed,Clerk_1
ENR-2024071,Rs. 2500,2026-09-05 18:17:15,Closed,Clerk_2
ENR-2025337,5000,2026-08-09 07:42:23,Closed,Clerk_2
ENR-2024731,5000,2026-09-15 20:07:15,Closed,Clerk_5
ENR-2025956,Five Thousand,2026-08-27 12:40:10,Closed,Clerk_2
ENR-2026377,5000,2026-09-09 04:00:00,Closed,Clerk_4
ENR-2024261,Rs. 2500,2026-08-26 07:36:22,Closed,Clerk_5
ENR-2025368,50 00,2026-08-11 01:40:05,Closed,Clerk_5
ENR-2025532,5000,2026-08-05 13:03:40,Closed,Clerk_1
ENR-2025844,"Rs. 5,000",2026-09-14 12:37:04,Closed,Clerk_2
ENR-2024353,Rs. 2500,2026-08-26 21:28:00,Closed,Clerk_2
ENR-2024655,Rs. 2500,2026-08-10 23:55:56,Closed,Clerk_1
ENR-2024549,7500,2026-08-08 01:53:24,Closed,Clerk_3
ENR-2026017,5000,2026-09-09 14:39:19,Closed,Clerk_2
ENR-2025694,5000,2026-08-25 17:07:46,Closed,Clerk_5
ENR-2026134,"Rs. 5,000",2026-09-10 23:54:16,Closed,Clerk_5
ENR-2026075,7500,2026-09-11 16:50:12,Closed,Clerk_2
ENR-2026274,"5,000.00",2026-09-13 03:36:02,Closed,Clerk_2
ENR-2024928,Five Thousand,2026-09-22 05:51:59,Closed,Clerk_2
ENR-2024782,Five Thousand,2026-08-07 20:24:55,Closed,Clerk_5
ENR-2024283,50 00,2026-08-27 14:22:44,Closed,Clerk_1
ENR-2024760,Rs. 2500,2026-09-14 22:56:03,Closed,Clerk_3
ENR-2024906,7500,2026-08-31 09:21:02,Closed,Clerk_3
ENR-2025652,"5,000.00",2026-08-27 07:54:21,Closed,Clerk_5
ENR-2024147,Five Thousand,2026-08-20 14:41:20,Closed,Clerk_3
ENR-2024762,5000,2026-08-19 15:08:23,Closed,Clerk_1
ENR-2025547,Rs. 2500,2026-08-10 10:13:12,Closed,Clerk_2
ENR-2025807,"Rs. 5,000",2026-08-22 06:31:25,Closed,Clerk_5
ENR-2026492,5000,2026-08-21 21:12:25,Closed,Clerk_3
ENR-2025689,"Rs. 5,000",2026-08-02 09:34:30,Closed,Clerk_4
ENR-2024900,Five Thousand,2026-09-05 17:34:05,Closed,Clerk_1
ENR-2025505,"5,000.00",2026-09-10 20:54:36,Closed,Clerk_4
ENR-2024686,5000,2026-08-10 11:04:31,Closed,Clerk_2
ENR-2025090,5000,2026-09-19 17:51:26,Closed,Clerk_2
ENR-2024182,7500,2026-08-09 16:02:46,Closed,Clerk_1
ENR-2026398,50 00,2026-08-16 03:56:20,Closed,Clerk_2
ENR-2026029,7500,2026-08-22 08:49:44,Closed,Clerk_3
ENR-2025237,"5,000.00",2026-08-14 11:48:50,Closed,Clerk_3
ENR-2025597,"5,000.00",2026-09-11 21:13:06,Closed,Clerk_3
ENR-2024409,5000,2026-09-13 22:57:43,Closed,Clerk_5
ENR-2024447,Rs. 2500,2026-08-12 20:33:04,Closed,Clerk_3
ENR-2024446,5000,2026-08-10 19:18:25,Closed,Clerk_2
ENR-2026154,"5,000.00",2026-08-25 22:01:23,Closed,Clerk_5
ENR-2024382,"Rs. 5,000",2026-09-19 03:17:04,Closed,Clerk_1
ENR-2026096,Rs. 2500,2026-09-21 03:19:36,Closed,Clerk_2
ENR-2024599,"Rs. 5,000",2026-08-09 19:49:25,Closed,Clerk_1
ENR-2024653,Five Thousand,2026-08-22 21:13:41,Closed,Clerk_4
ENR-2025067,5000,2026-08-12 16:55:26,Closed,Clerk_2
ENR-2024614,"Rs. 5,000",2026-08-24 09:20:57,Closed,Clerk_5
ENR-2024947,"Rs. 5,000",2026-08-12 06:31:40,Closed,Clerk_2
ENR-2026450,"Rs. 5,000",2026-08-14 07:58:54,Closed,Clerk_5
ENR-2026125,Rs. 2500,2026-09-13 05:05:19,Closed,Clerk_5
ENR-2024288,7500,2026-08-15 00:54:47,Closed,Clerk_3
ENR-2025349,Five Thousand,2026-08-08 00:09:22,Closed,Clerk_1
ENR-2026244,"Rs. 5,000",2026-08-27 16:18:06,Closed,Clerk_5
ENR-2024697,Rs. 2500,2026-09-13 05:02:14,Closed,Clerk_4
ENR-2024547,Five Thousand,2026-09-16 23:29:59,Closed,Clerk_4
ENR-2026223,Rs. 2500,2026-09-11 21:07:32,Closed,Clerk_5
ENR-2024943,Rs. 2500,2026-08-12 00:20:15,Closed,Clerk_1
ENR-2025526,"Rs. 5,000",2026-09-14 03:04:07,Closed,Clerk_2
ENR-2026352,Rs. 2500,2026-09-19 16:08:21,Closed,Clerk_4
ENR-2025914,"5,000.00",2026-08-06 03:48:04,Closed,Clerk_3
ENR-2026064,50 00,2026-09-13 06:22:06,Closed,Clerk_4
ENR-2025579,7500,2026-08-29 15:15:32,Closed,Clerk_5
ENR-2024451,Rs. 2500,2026-09-05 17:05:11,Closed,Clerk_5
ENR-2025343,7500,2026-09-21 23:17:28,Closed,Clerk_4
ENR-2026286,"Rs. 5,000",2026-08-22 19:42:25,Closed,Clerk_4
ENR-2024522,Five Thousand,2026-08-07 23:11:04,Closed,Clerk_1
ENR-2024192,Rs. 2500,2026-08-11 15:42:49,Closed,Clerk_5
ENR-2025245,7500,2026-09-04 11:24:52,Closed,Clerk_2
ENR-2025703,"Rs. 5,000",2026-08-13 02:05:31,Closed,Clerk_2
ENR-2025580,"Rs. 5,000",2026-08-16 02:21:28,Closed,Clerk_3
ENR-2025198,5000,2026-08-24 23:38:17,Closed,Clerk_2
ENR-2026377,"5,000.00",2026-09-06 20:01:14,Closed,Clerk_1
ENR-2024042,50 00,2026-08-17 10:06:17,Closed,Clerk_5
ENR-2025602,50 00,2026-08-11 01:43:49,Closed,Clerk_4
ENR-2025095,50 00,2026-09-08 00:42:10,Closed,Clerk_4
ENR-2024159,"Rs. 5,000",2026-09-22 09:12:30,Closed,Clerk_1
ENR-2026498,Five Thousand,2026-08-17 17:43:31,Closed,Clerk_1
ENR-2025856,5000,2026-08-08 10:22:59,Closed,Clerk_4
ENR-2024575,7500,2026-08-19 07:36:33,Closed,Clerk_3
ENR-2024123,"5,000.00",2026-08-12 22:48:01,Closed,Clerk_2
ENR-2025666,7500,2026-08-28 10:19:44,Closed,Clerk_2
ENR-2025296,7500,2026-08-09 09:39:02,Closed,Clerk_1
ENR-2025491,Rs. 2500,2026-09-03 14:52:47,Closed,Clerk_5
ENR-2026393,Five Thousand,2026-09-01 18:20:43,Closed,Clerk_5
ENR-2026203,"Rs. 5,000",2026-09-14 04:16:10,Closed,Clerk_2
ENR-2025817,Five Thousand,2026-08-19 17:38:44,Closed,Clerk_2
ENR-2024287,7500,2026-09-03 01:52:46,Closed,Clerk_3
ENR-2026420,7500,2026-08-13 03:03:02,Closed,Clerk_1
ENR-2024504,7500,2026-09-08 16:04:52,Closed,Clerk_5
ENR-2024699,5000,2026-09-08 07:32:16,Closed,Clerk_2
ENR-2025415,7500,2026-09-10 01:41:28,Closed,Clerk_4
ENR-2026382,50 00,2026-08-30 13:08:32,Closed,Clerk_4
ENR-2025960,7500,2026-09-16 01:12:16,Closed,Clerk_3
ENR-2026254,"5,000.00",2026-08-12 04:32:54,Closed,Clerk_1
ENR-2024583,Rs. 2500,2026-08-21 16:09:50,Closed,Clerk_1
ENR-2026429,"Rs. 5,000",2026-09-02 16:28:50,Closed,Clerk_5
ENR-2024150,"Rs. 5,000",2026-08-15 23:52:05,Closed,Clerk_5
ENR-2026470,50 00,2026-09-07 22:44:58,Closed,Clerk_2
ENR-2025426,5000,2026-09-09 05:00:43,Closed,Clerk_1
ENR-2026146,Rs. 2500,2026-08-11 22:18:17,Closed,Clerk_1
ENR-2025152,7500,2026-09-13 02:30:59,Closed,Clerk_2
ENR-2024690,7500,2026-08-19 22:35:18,Closed,Clerk_3
ENR-2025195,"Rs. 5,000",2026-09-02 15:43:43,Closed,Clerk_4
ENR-2024953,7500,2026-08-28 02:50:07,Closed,Clerk_1
ENR-2025386,"Rs. 5,000",2026-09-02 05:20:36,Closed,Clerk_3
ENR-2024044,Rs. 2500,2026-08-04 19:21:33,Closed,Clerk_3
ENR-2025542,5000,2026-08-17 10:47:50,Closed,Clerk_5
ENR-2026321,7500,2026-08-10 11:12:28,Closed,Clerk_4
ENR-2026490,50 00,2026-08-22 20:11:21,Closed,Clerk_5
ENR-2024262,Five Thousand,2026-09-02 03:08:44,Closed,Clerk_2
ENR-2024378,Rs. 2500,2026-09-06 07:41:54,Closed,Clerk_2
ENR-2025911,"5,000.00",2026-09-08 04:17:14,Closed,Clerk_3
ENR-2024175,"Rs. 5,000",2026-09-14 11:27:25,Closed,Clerk_1
ENR-2024780,Five Thousand,2026-08-15 12:00:27,Closed,Clerk_5
ENR-2024573,Rs. 2500,2026-08-16 21:06:03,Closed,Clerk_3
ENR-2025192,"5,000.00",2026-09-15 09:33:23,Closed,Clerk_1
ENR-2025181,7500,2026-08-04 06:59:57,Closed,Clerk_1
ENR-2025096,"5,000.00",2026-08-12 00:15:03,Closed,Clerk_3
ENR-2026132,50 00,2026-09-20 09:35:25,Closed,Clerk_2
ENR-2025726,7500,2026-08-29 07:36:16,Closed,Clerk_1
ENR-2026020,Five Thousand,2026-08-20 05:10:51,Closed,Clerk_4
ENR-2026274,Five Thousand,2026-08-12 12:24:10,Closed,Clerk_1
ENR-2026253,7500,2026-08-21 11:28:32,Closed,Clerk_2
ENR-2025942,50 00,2026-09-05 01:29:56,Closed,Clerk_2
ENR-2025208,50 00,2026-09-03 05:41:40,Closed,Clerk_1
ENR-2026041,Rs. 2500,2026-09-14 00:45:52,Closed,Clerk_4
ENR-2024722,5000,2026-09-15 02:46:01,Closed,Clerk_4
ENR-2024217,5000,2026-08-07 03:19:52,Closed,Clerk_2
ENR-2026184,7500,2026-09-18 16:57:56,Closed,Clerk_2
ENR-2026353,Five Thousand,2026-08-19 22:34:35,Closed,Clerk_2
ENR-2026480,Five Thousand,2026-08-06 07:38:18,Closed,Clerk_3
ENR-2024909,5000,2026-08-08 04:19:23,Closed,Clerk_1
ENR-2024653,Five Thousand,2026-09-20 05:17:13,Closed,Clerk_1
ENR-2025530,"Rs. 5,000",2026-08-06 19:54:34,Closed,Clerk_2
ENR-2025976,Five Thousand,2026-09-17 06:41:13,Closed,Clerk_1
ENR-2025352,5000,2026-08-19 03:00:19,Closed,Clerk_2
ENR-2024837,Five Thousand,2026-08-29 08:56:29,Closed,Clerk_4
ENR-2025440,5000,2026-08-20 06:52:56,Closed,Clerk_1
ENR-2025397,7500,2026-09-13 20:15:20,Closed,Clerk_5
ENR-2025143,Rs. 2500,2026-09-12 16:06:45,Closed,Clerk_5
ENR-2025535,5000,2026-09-10 00:20:58,Closed,Clerk_3
ENR-2026090,"5,000.00",2026-08-31 15:16:44,Closed,Clerk_5
ENR-2025686,"5,000.00",2026-08-24 20:02:22,Closed,Clerk_5
ENR-2024169,7500,2026-08-19 11:11:22,Closed,Clerk_4
ENR-2026372,Five Thousand,2026-08-21 03:29:53,Closed,Clerk_3
ENR-2025723,5000,2026-08-22 08:41:55,Closed,Clerk_4
ENR-2025857,"5,000.00",2026-08-28 14:58:11,Closed,Clerk_1
ENR-2024886,Rs. 2500,2026-08-25 20:00:49,Closed,Clerk_4
ENR-2024526,"Rs. 5,000",2026-08-07 06:22:23,Closed,Clerk_3
ENR-2025356,5000,2026-08-14 04:30:22,Closed,Clerk_1
ENR-2024910,Five Thousand,2026-09-05 01:21:34,Closed,Clerk_4
ENR-2026145,Five Thousand,2026-09-01 08:52:02,Closed,Clerk_1
ENR-2025569,50 00,2026-08-18 00:34:21,Closed,Clerk_5
ENR-2024629,"5,000.00",2026-09-12 19:23:56,Closed,Clerk_1
ENR-2026274,5000,2026-09-07 16:29:21,Closed,Clerk_5
ENR-2025097,5000,2026-09-21 11:35:06,Closed,Clerk_5
ENR-2024248,"5,000.00",2026-09-14 02:17:55,Closed,Clerk_4
ENR-2024357,50 00,2026-09-12 17:47:20,Closed,Clerk_3
ENR-2026151,"5,000.00",2026-08-10 15:00:27,Closed,Clerk_1
ENR-2025639,"Rs. 5,000",2026-08-27 09:13:00,Closed,Clerk_5
ENR-2024542,"5,000.00",2026-08-16 10:07:12,Closed,Clerk_2
ENR-2025320,"Rs. 5,000",2026-08-22 08:12:24,Closed,Clerk_2
ENR-2025426,"5,000.00",2026-08-09 09:50:03,Closed,Clerk_4
ENR-2026121,50 00,2026-08-26 06:52:19,Closed,Clerk_3
ENR-2024308,5000,2026-08-20 03:55:55,Closed,Clerk_3
ENR-2024348,50 00,2026-08-25 02:11:18,Closed,Clerk_3
ENR-2024623,Five Thousand,2026-09-07 06:11:42,Closed,Clerk_4
ENR-2025146,7500,2026-09-24 09:41:22,Closed,Clerk_2
ENR-2025836,"5,000.00",2026-09-01 23:06:21,Closed,Clerk_3
ENR-2026084,Five Thousand,2026-08-21 08:57:17,Closed,Clerk_1
ENR-2025214,Five Thousand,2026-08-07 06:39:31,Closed,Clerk_4
ENR-2025776,7500,2026-09-12 15:54:54,Closed,Clerk_2
ENR-2025746,Five Thousand,2026-08-08 14:49:37,Closed,Clerk_2
ENR-2024944,5000,2026-09-24 05:03:08,Closed,Clerk_4
ENR-2026500,Five Thousand,2026-09-18 07:05:31,Closed,Clerk_1
ENR-2024453,Rs. 2500,2026-09-10 04:19:59,Closed,Clerk_1
ENR-2026075,Five Thousand,2026-08-19 06:34:14,Closed,Clerk_4
ENR-2025467,5000,2026-09-17 14:44:00,Closed,Clerk_3
ENR-2025830,5000,2026-09-23 14:07:02,Closed,Clerk_5
ENR-2024949,5000,2026-09-20 02:31:30,Closed,Clerk_4
ENR-2024504,"5,000.00",2026-09-24 06:32:31,Closed,Clerk_2
ENR-2025722,5000,2026-09-09 14:17:31,Closed,Clerk_3
ENR-2025185,7500,2026-09-10 19:14:10,Closed,Clerk_5
ENR-2024233,Rs. 2500,2026-08-17 18:47:25,Closed,Clerk_2
ENR-2025538,"5,000.00",2026-08-26 21:58:45,Closed,Clerk_5
ENR-2026122,7500,2026-09-07 02:52:01,Closed,Clerk_5
ENR-2025882,50 00,2026-09-13 00:48:07,Closed,Clerk_1
ENR-2025644,Rs. 2500,2026-08-09 15:29:26,Closed,Clerk_5
ENR-2024380,"Rs. 5,000",2026-08-25 07:38:27,Closed,Clerk_5
ENR-2024415,7500,2026-08-19 01:43:01,Closed,Clerk_1
ENR-2026490,Five Thousand,2026-09-10 05:36:58,Closed,Clerk_3
ENR-2025889,"5,000.00",2026-08-12 10:10:56,Closed,Clerk_2
ENR-2024586,Five Thousand,2026-08-29 09:03:57,Closed,Clerk_3
ENR-2025697,"Rs. 5,000",2026-09-04 17:03:07,Closed,Clerk_1
ENR-2024050,Five Thousand,2026-09-02 06:48:46,Closed,Clerk_4
ENR-2026087,Five Thousand,2026-08-03 10:31:38,Closed,Clerk_4
ENR-2024730,7500,2026-08-31 13:09:11,Closed,Clerk_1
ENR-2025397,5000,2026-08-19 22:22:43,Closed,Clerk_3
ENR-2024366,"5,000.00",2026-08-27 18:51:38,Closed,Clerk_1
ENR-2025019,"5,000.00",2026-08-16 02:06:42,Closed,Clerk_4
ENR-2024428,Rs. 2500,2026-08-31 17:38:53,Closed,Clerk_2
ENR-2025096,Five Thousand,2026-07-31 14:39:49,Closed,Clerk_5
ENR-2024879,"5,000.00",2026-09-14 16:08:37,Closed,Clerk_3
ENR-2025224,5000,2026-09-04 20:15:20,Closed,Clerk_5
ENR-2026177,7500,2026-08-18 07:17:04,Closed,Clerk_4
ENR-2026474,Rs. 2500,2026-08-20 10:40:49,Closed,Clerk_5
ENR-2024592,50 00,2026-09-12 07:17:46,Closed,Clerk_3
ENR-2025320,5000,2026-09-08 02:02:31,Closed,Clerk_1
ENR-2024869,"5,000.00",2026-08-02 07:32:04,Closed,Clerk_5
ENR-2024197,50 00,2026-09-05 07:17:26,Closed,Clerk_2
ENR-2026287,5000,2026-08-07 18:12:51,Closed,Clerk_1
ENR-2026202,Five Thousand,2026-09-18 17:36:44,Closed,Clerk_1
ENR-2024762,5000,2026-09-08 06:54:29,Closed,Clerk_2
ENR-2025813,"5,000.00",2026-08-30 08:47:50,Closed,Clerk_3
ENR-2024389,7500,2026-08-07 12:03:28,Closed,Clerk_1
ENR-2025329,50 00,2026-09-22 03:17:20,Closed,Clerk_3
ENR-2024676,7500,2026-08-04 21:36:06,Closed,Clerk_4
ENR-2026250,Five Thousand,2026-09-15 09:09:24,Closed,Clerk_2
ENR-2026150,5000,2026-09-02 19:34:07,Closed,Clerk_5
ENR-2024543,50 00,2026-08-20 11:26:41,Closed,Clerk_2
ENR-2025514,7500,2026-08-06 00:41:27,Closed,Clerk_5
ENR-2024224,"Rs. 5,000",2026-08-16 05:51:22,Closed,Clerk_2
ENR-2026101,"Rs. 5,000",2026-08-24 04:53:57,Closed,Clerk_4
ENR-2024113,7500,2026-08-10 19:35:06,Closed,Clerk_2
ENR-2025088,Five Thousand,2026-08-20 08:54:08,Closed,Clerk_4
ENR-2025448,Rs. 2500,2026-09-22 19:13:29,Closed,Clerk_3
ENR-2025768,7500,2026-08-22 02:49:47,Closed,Clerk_5
ENR-2024387,"5,000.00",2026-09-12 05:14:24,Closed,Clerk_5
ENR-2025708,7500,2026-09-02 06:13:58,Closed,Clerk_5
ENR-2025051,50 00,2026-09-19 11:35:20,Closed,Clerk_2
ENR-2025305,50 00,2026-08-06 19:15:09,Closed,Clerk_4
ENR-2024053,50 00,2026-08-25 06:38:17,Closed,Clerk_3
ENR-2025248,Five Thousand,2026-09-16 03:52:51,Closed,Clerk_1
ENR-2024278,Five Thousand,2026-08-25 17:02:09,Closed,Clerk_4
ENR-2025761,"5,000.00",2026-08-24 03:03:51,Closed,Clerk_5
ENR-2026188,"Rs. 5,000",2026-09-09 21:28:20,Closed,Clerk_4
ENR-2024765,7500,2026-09-15 16:06:35,Closed,Clerk_1
ENR-2024019,"Rs. 5,000",2026-08-12 18:54:48,Closed,Clerk_3
ENR-2024440,"Rs. 5,000",2026-09-07 04:08:29,Closed,Clerk_3
ENR-2024142,7500,2026-08-11 17:56:50,Closed,Clerk_4
ENR-2025868,"5,000.00",2026-09-08 04:31:00,Closed,Clerk_3
ENR-2025342,"Rs. 5,000",2026-09-04 08:18:27,Closed,Clerk_5
ENR-2024189,5000,2026-09-24 11:45:02,Closed,Clerk_2
ENR-2024002,Rs. 2500,2026-08-03 21:25:44,Closed,Clerk_1
ENR-2024824,Rs. 2500,2026-09-16 11:44:05,Closed,Clerk_3
ENR-2026376,50 00,2026-08-30 12:04:29,Closed,Clerk_3
ENR-2025003,7500,2026-08-05 12:13:20,Closed,Clerk_1
ENR-2026359,"Rs. 5,000",2026-08-22 06:38:35,Closed,Clerk_2
ENR-2026132,7500,2026-09-24 10:33:08,Closed,Clerk_1
ENR-2024463,Five Thousand,2026-09-18 14:26:24,Closed,Clerk_2
ENR-2024725,"5,000.00",2026-08-15 08:24:43,Closed,Clerk_2
ENR-2024196,50 00,2026-08-19 12:18:03,Closed,Clerk_4
ENR-2024911,"5,000.00",2026-08-13 00:14:19,Closed,Clerk_5
ENR-2025211,"5,000.00",2026-08-07 00:46:24,Closed,Clerk_3
ENR-2025169,Rs. 2500,2026-09-23 01:49:39,Closed,Clerk_3
ENR-2025639,"5,000.00",2026-09-03 18:48:28,Closed,Clerk_5
ENR-2025101,Five Thousand,2026-09-05 12:56:26,Closed,Clerk_3
ENR-2025417,Rs. 2500,2026-08-15 04:27:06,Closed,Clerk_2
ENR-2026360,"5,000.00",2026-08-14 08:45:52,Closed,Clerk_4
ENR-2026299,Five Thousand,2026-08-09 21:59:15,Closed,Clerk_2
ENR-2024003,7500,2026-09-08 06:36:46,Closed,Clerk_4
ENR-2026346,5000,2026-08-08 22:45:07,Closed,Clerk_4
ENR-2024633,Rs. 2500,2026-08-26 05:21:17,Closed,Clerk_1
ENR-2025655,"Rs. 5,000",2026-09-05 06:17:17,Closed,Clerk_3
ENR-2024561,Five Thousand,2026-09-18 13:46:23,Closed,Clerk_4
ENR-2024737,5000,2026-09-18 13:32:19,Closed,Clerk_2
ENR-2026270,"Rs. 5,000",2026-08-16 21:13:33,Closed,Clerk_2
ENR-2025104,7500,2026-08-29 00:47:21,Closed,Clerk_3
ENR-2025963,"5,000.00",2026-08-14 13:09:50,Closed,Clerk_2
ENR-2025061,"5,000.00",2026-09-01 12:43:34,Closed,Clerk_2
ENR-2025339,"5,000.00",2026-08-22 06:33:03,Closed,Clerk_3
ENR-2024197,50 00,2026-08-05 11:34:10,Closed,Clerk_1
ENR-2025147,5000,2026-08-30 02:20:35,Closed,Clerk_5
ENR-2024657,7500,2026-09-19 03:25:44,Closed,Clerk_5
ENR-2026226,Five Thousand,2026-08-09 06:54:36,Closed,Clerk_2
ENR-2024902,Rs. 2500,2026-09-13 23:56:19,Closed,Clerk_3
ENR-2024376,"Rs. 5,000",2026-09-16 16:12:29,Closed,Clerk_2
ENR-2024967,7500,2026-09-05 19:21:09,Closed,Clerk_3
ENR-2025981,"Rs. 5,000",2026-09-22 16:08:53,Closed,Clerk_5
ENR-2025951,5000,2026-08-06 23:53:10,Closed,Clerk_2
ENR-2025067,5000,2026-08-03 23:19:26,Closed,Clerk_4
ENR-2025976,Five Thousand,2026-08-12 12:33:39,Closed,Clerk_3
ENR-2025455,Five Thousand,2026-09-13 19:50:48,Closed,Clerk_1
ENR-2024292,Rs. 2500,2026-09-19 00:18:46,Closed,Clerk_3
ENR-2026421,"5,000.00",2026-08-05 09:35:54,Closed,Clerk_2
ENR-2026395,50 00,2026-08-26 05:34:45,Closed,Clerk_5
ENR-2026453,7500,2026-08-17 06:56:29,Closed,Clerk_1
ENR-2026464,Rs. 2500,2026-08-09 23:04:45,Closed,Clerk_2
ENR-2025699,"5,000.00",2026-09-01 04:44:18,Closed,Clerk_3
ENR-2024069,5000,2026-08-31 17:10:52,Closed,Clerk_2
ENR-2025640,"5,000.00",2026-09-17 16:27:32,Closed,Clerk_5
ENR-2024171,50 00,2026-08-21 04:50:25,Closed,Clerk_1
ENR-2026452,"Rs. 5,000",2026-08-11 00:30:14,Closed,Clerk_5
ENR-2026055,"Rs. 5,000",2026-08-06 23:06:07,Closed,Clerk_1
ENR-2024634,Five Thousand,2026-09-12 06:54:31,Closed,Clerk_2
ENR-2024020,Rs. 2500,2026-09-21 09:42:43,Closed,Clerk_4
ENR-2025414,Rs. 2500,2026-08-24 19:00:39,Closed,Clerk_2
ENR-2025646,5000,2026-08-07 21:52:17,Closed,Clerk_5
ENR-2024692,"5,000.00",2026-09-15 23:50:42,Closed,Clerk_4
ENR-2025797,"Rs. 5,000",2026-09-08 23:45:16,Closed,Clerk_5
ENR-2024601,5000,2026-09-09 07:25:38,Closed,Clerk_1
ENR-2025368,5000,2026-08-22 20:59:48,Closed,Clerk_5
ENR-2025660,Five Thousand,2026-08-17 17:51:47,Closed,Clerk_3
ENR-2024186,Five Thousand,2026-08-21 17:48:47,Closed,Clerk_3
ENR-2026160,50 00,2026-08-24 07:32:05,Closed,Clerk_5
ENR-2025054,7500,2026-09-14 13:55:42,Closed,Clerk_4
ENR-2025799,Five Thousand,2026-08-15 04:34:10,Closed,Clerk_4
ENR-2025791,7500,2026-08-11 17:23:05,Closed,Clerk_2
ENR-2024224,50 00,2026-08-16 14:06:50,Closed,Clerk_2
ENR-2025964,"Rs. 5,000",2026-08-27 14:18:46,Closed,Clerk_3
ENR-2026450,"Rs. 5,000",2026-09-02 12:09:56,Closed,Clerk_2
ENR-2026323,"Rs. 5,000",2026-08-24 22:59:52,Closed,Clerk_3
ENR-2025754,50 00,2026-09-09 15:01:43,Closed,Clerk_2
ENR-2024044,Five Thousand,2026-09-04 21:35:26,Closed,Clerk_5
ENR-2025101,"5,000.00",2026-08-23 02:25:16,Closed,Clerk_5
ENR-2025864,Five Thousand,2026-09-10 00:09:46,Closed,Clerk_1
ENR-2025225,5000,2026-08-10 06:55:45,Closed,Clerk_5
ENR-2025892,Five Thousand,2026-08-25 12:31:03,Closed,Clerk_4
ENR-2025174,50 00,2026-09-06 14:21:51,Closed,Clerk_1
ENR-2024514,5000,2026-09-09 02:00:38,Closed,Clerk_3
ENR-2024952,"5,000.00",2026-08-18 12:36:58,Closed,Clerk_5
ENR-2025995,"5,000.00",2026-08-06 07:47:34,Closed,Clerk_4
ENR-2024328,Five Thousand,2026-08-25 16:40:36,Closed,Clerk_5
ENR-2025838,Five Thousand,2026-09-13 19:00:49,Closed,Clerk_2
ENR-2026122,7500,2026-08-26 17:43:11,Closed,Clerk_1
ENR-2025299,50 00,2026-09-18 18:01:31,Closed,Clerk_4
ENR-2025235,7500,2026-09-03 00:02:24,Closed,Clerk_1
ENR-2026453,"5,000.00",2026-09-06 17:17:48,Closed,Clerk_3
ENR-2025824,Rs. 2500,2026-08-20 10:20:56,Closed,Clerk_4
ENR-2025129,Rs. 2500,2026-08-12 18:17:24,Closed,Clerk_2
ENR-2025210,50 00,2026-09-18 19:57:41,Closed,Clerk_4
ENR-2024225,Five Thousand,2026-08-18 06:31:41,Closed,Clerk_5
ENR-2025272,"5,000.00",2026-09-17 17:30:35,Closed,Clerk_5
ENR-2026389,50 00,2026-09-05 16:26:25,Closed,Clerk_3
ENR-2024621,"5,000.00",2026-08-20 05:30:39,Closed,Clerk_1
ENR-2024545,"Rs. 5,000",2026-08-28 16:04:25,Closed,Clerk_5
ENR-2025232,"Rs. 5,000",2026-08-10 16:57:57,Closed,Clerk_5
ENR-2026218,7500,2026-08-24 11:32:39,Closed,Clerk_1
ENR-2025179,50 00,2026-09-17 11:43:35,Closed,Clerk_4
ENR-2025643,Five Thousand,2026-09-07 09:15:47,Closed,Clerk_1
ENR-2026297,50 00,2026-08-05 21:51:13,Closed,Clerk_4
ENR-2024797,"Rs. 5,000",2026-08-29 08:56:33,Closed,Clerk_5
ENR-2025876,Five Thousand,2026-08-06 09:37:29,Closed,Clerk_5
ENR-2024908,"Rs. 5,000",2026-09-21 18:35:12,Closed,Clerk_1
ENR-2025643,Five Thousand,2026-08-09 20:13:57,Closed,Clerk_4
ENR-2024870,5000,2026-08-03 13:11:08,Closed,Clerk_4
ENR-2026423,5000,2026-08-18 23:36:06,Closed,Clerk_3
ENR-2025297,"5,000.00",2026-09-05 07:44:46,Closed,Clerk_3
ENR-2026034,Five Thousand,2026-08-21 12:49:07,Closed,Clerk_3
ENR-2025233,Rs. 2500,2026-09-09 18:05:43,Closed,Clerk_1
ENR-2024930,Rs. 2500,2026-09-19 21:22:09,Closed,Clerk_2
ENR-2025145,5000,2026-08-31 05:00:33,Closed,Clerk_4
ENR-2026203,Rs. 2500,2026-09-06 12:45:46,Closed,Clerk_5
ENR-2026394,Rs. 2500,2026-09-09 22:12:28,Closed,Clerk_3
ENR-2024968,7500,2026-08-04 12:46:19,Closed,Clerk_1
ENR-2024745,50 00,2026-08-30 19:26:33,Closed,Clerk_1
ENR-2026471,"Rs. 5,000",2026-08-07 21:38:56,Closed,Clerk_1
ENR-2024597,7500,2026-08-12 23:09:59,Closed,Clerk_2
ENR-2024884,"Rs. 5,000",2026-09-02 21:07:27,Closed,Clerk_4
ENR-2025799,Rs. 2500,2026-09-01 11:23:34,Closed,Clerk_5
ENR-2025601,Rs. 2500,2026-09-07 21:53:58,Closed,Clerk_5
ENR-2026274,7500,2026-08-29 18:35:46,Closed,Clerk_5
ENR-2025122,"5,000.00",2026-09-17 02:40:49,Closed,Clerk_4
ENR-2024535,7500,2026-08-19 12:59:52,Closed,Clerk_3
ENR-2025847,"Rs. 5,000",2026-09-09 04:49:19,Closed,Clerk_5
ENR-2024615,5000,2026-09-17 08:03:16,Closed,Clerk_5
ENR-2025648,"Rs. 5,000",2026-08-21 22:21:56,Closed,Clerk_3
ENR-2024125,"Rs. 5,000",2026-08-13 03:09:44,Closed,Clerk_5
ENR-2026347,50 00,2026-09-05 20:20:16,Closed,Clerk_1
ENR-2024702,Rs. 2500,2026-09-04 08:37:02,Closed,Clerk_4
ENR-2024605,7500,2026-08-03 15:11:50,Closed,Clerk_3
ENR-2024740,Rs. 2500,2026-09-21 19:11:43,Closed,Clerk_5
ENR-2024714,7500,2026-08-31 21:37:20,Closed,Clerk_3
ENR-2026098,5000,2026-08-19 15:17:35,Closed,Clerk_2
ENR-2024677,"5,000.00",2026-08-21 10:16:31,Closed,Clerk_3
ENR-2025352,Rs. 2500,2026-08-27 07:47:03,Closed,Clerk_1
ENR-2025024,7500,2026-08-22 15:59:08,Closed,Clerk_5
ENR-2024085,50 00,2026-09-14 15:03:08,Closed,Clerk_3
ENR-2025822,"5,000.00",2026-08-30 15:04:00,Closed,Clerk_2
ENR-2025895,Five Thousand,2026-08-09 14:08:57,Closed,Clerk_2
ENR-2025538,"5,000.00",2026-08-11 20:35:30,Closed,Clerk_3
ENR-2026304,"5,000.00",2026-09-06 10:01:03,Closed,Clerk_2
ENR-2025673,"5,000.00",2026-08-16 13:30:23,Closed,Clerk_5
ENR-2024677,5000,2026-09-18 16:36:56,Closed,Clerk_2
ENR-2026179,50 00,2026-09-17 03:23:34,Closed,Clerk_5
ENR-2024609,50 00,2026-08-29 06:15:32,Closed,Clerk_3
ENR-2025115,Rs. 2500,2026-08-12 16:07:17,Closed,Clerk_5
ENR-2026096,7500,2026-08-13 09:21:32,Closed,Clerk_2
ENR-2024874,50 00,2026-09-07 15:41:53,Closed,Clerk_1
ENR-2024365,Five Thousand,2026-08-19 20:06:16,Closed,Clerk_2
ENR-2025664,"5,000.00",2026-09-19 17:59:26,Closed,Clerk_3
ENR-2025971,50 00,2026-09-08 13:00:58,Closed,Clerk_3
ENR-2025034,"5,000.00",2026-08-04 21:52:02,Closed,Clerk_4
ENR-2026112,5000,2026-09-21 09:37:53,Closed,Clerk_3
ENR-2025386,"Rs. 5,000",2026-08-07 06:20:25,Closed,Clerk_3
ENR-2024703,7500,2026-08-18 22:48:59,Closed,Clerk_3
ENR-2025932,"5,000.00",2026-08-11 09:44:51,Closed,Clerk_5
ENR-2025872,7500,2026-09-20 07:25:33,Closed,Clerk_4
ENR-2024875,"Rs. 5,000",2026-08-03 05:39:26,Closed,Clerk_5
ENR-2024930,Rs. 2500,2026-09-11 22:54:55,Closed,Clerk_2
ENR-2024100,50 00,2026-08-20 06:24:34,Closed,Clerk_4
ENR-2024737,5000,2026-08-03 08:16:29,Closed,Clerk_3
ENR-2024034,Five Thousand,2026-09-05 04:14:04,Closed,Clerk_3
ENR-2024317,"Rs. 5,000",2026-09-04 10:01:58,Closed,Clerk_3
ENR-2026239,Rs. 2500,2026-08-22 03:08:52,Closed,Clerk_2
ENR-2025734,"5,000.00",2026-09-05 10:58:59,Closed,Clerk_5
ENR-2024599,5000,2026-08-15 20:32:09,Closed,Clerk_2
ENR-2025965,50 00,2026-09-07 08:01:32,Closed,Clerk_3
ENR-2026247,"5,000.00",2026-08-11 10:56:54,Closed,Clerk_5
ENR-2026138,Five Thousand,2026-09-15 07:23:43,Closed,Clerk_5
ENR-2025433,Five Thousand,2026-08-14 09:15:56,Closed,Clerk_2
ENR-2026053,Rs. 2500,2026-09-19 03:01:23,Closed,Clerk_2
ENR-2026423,7500,2026-08-15 22:20:22,Closed,Clerk_4
ENR-2025419,"Rs. 5,000",2026-09-02 20:46:09,Closed,Clerk_2
ENR-2024636,Rs. 2500,2026-09-06 18:39:16,Closed,Clerk_3
ENR-2025112,Rs. 2500,2026-09-21 02:39:27,Closed,Clerk_4
ENR-2024806,"Rs. 5,000",2026-09-08 11:06:17,Closed,Clerk_3
ENR-2025381,Rs. 2500,2026-09-13 23:00:04,Closed,Clerk_5
ENR-2025929,"Rs. 5,000",2026-09-12 18:25:45,Closed,Clerk_2
ENR-2026030,50 00,2026-09-06 20:52:39,Closed,Clerk_3
ENR-2026269,"Rs. 5,000",2026-08-18 01:57:06,Closed,Clerk_4
ENR-2025824,50 00,2026-08-14 10:10:26,Closed,Clerk_2
ENR-2024545,50 00,2026-09-06 16:36:12,Closed,Clerk_4
ENR-2026085,5000,2026-09-08 15:48:51,Closed,Clerk_5
ENR-2024921,50 00,2026-08-17 05:45:32,Closed,Clerk_1
ENR-2024318,7500,2026-09-08 15:03:08,Closed,Clerk_1
ENR-2025136,50 00,2026-09-05 16:06:01,Closed,Clerk_4
ENR-2025647,5000,2026-08-29 11:52:05,Closed,Clerk_4
ENR-2026466,5000,2026-09-18 19:31:10,Closed,Clerk_3
ENR-2024545,Five Thousand,2026-08-15 23:25:50,Closed,Clerk_1
ENR-2024632,Rs. 2500,2026-08-23 12:49:23,Closed,Clerk_5
ENR-2024593,"Rs. 5,000",2026-09-09 05:58:08,Closed,Clerk_2
ENR-2024935,"Rs. 5,000",2026-09-08 00:25:47,Closed,Clerk_5
ENR-2025218,Five Thousand,2026-08-25 23:15:23,Closed,Clerk_3
ENR-2024056,"Rs. 5,000",2026-09-05 20:58:38,Closed,Clerk_3
ENR-2025165,5000,2026-08-17 07:27:01,Closed,Clerk_5
ENR-2026331,"5,000.00",2026-09-19 20:25:08,Closed,Clerk_5
ENR-2024247,50 00,2026-09-01 10:46:55,Closed,Clerk_1
ENR-2026454,Five Thousand,2026-09-20 04:39:49,Closed,Clerk_2
ENR-2026178,7500,2026-09-10 20:25:13,Closed,Clerk_2
ENR-2026155,"5,000.00",2026-08-27 19:05:30,Closed,Clerk_5
ENR-2026431,Rs. 2500,2026-08-19 07:01:41,Closed,Clerk_2
ENR-2025372,50 00,2026-09-06 07:52:41,Closed,Clerk_5
ENR-2025678,"Rs. 5,000",2026-08-30 06:30:43,Closed,Clerk_5
ENR-2025212,Rs. 2500,2026-08-27 20:18:48,Closed,Clerk_1
ENR-2025473,"Rs. 5,000",2026-08-20 13:02:26,Closed,Clerk_4
ENR-2026470,Rs. 2500,2026-09-03 02:42:09,Closed,Clerk_2
ENR-2026118,7500,2026-09-14 01:19:04,Closed,Clerk_3
ENR-2024956,50 00,2026-08-27 21:01:03,Closed,Clerk_1
ENR-2024119,Five Thousand,2026-09-06 13:45:26,Closed,Clerk_4
ENR-2024431,7500,2026-08-13 22:13:06,Closed,Clerk_1
ENR-2024662,Rs. 2500,2026-08-16 14:10:35,Closed,Clerk_4
ENR-2026085,50 00,2026-09-13 11:16:18,Closed,Clerk_4
ENR-2024946,Rs. 2500,2026-09-23 22:44:10,Closed,Clerk_5
ENR-2025700,7500,2026-09-14 19:36:43,Closed,Clerk_3
ENR-2024127,"5,000.00",2026-08-29 08:35:04,Closed,Clerk_1
ENR-2025883,"Rs. 5,000",2026-09-16 04:42:00,Closed,Clerk_1
ENR-2024707,Rs. 2500,2026-09-13 13:59:33,Closed,Clerk_1
ENR-2026426,5000,2026-08-26 12:54:26,Closed,Clerk_3
ENR-2025954,7500,2026-09-15 20:53:12,Closed,Clerk_3
ENR-2025288,"5,000.00",2026-09-19 06:25:50,Closed,Clerk_2
ENR-2024245,5000,2026-09-13 15:57:02,Closed,Clerk_3
ENR-2025435,"Rs. 5,000",2026-09-14 11:34:08,Closed,Clerk_2
ENR-2024602,7500,2026-08-11 01:35:35,Closed,Clerk_4
ENR-2025080,"Rs. 5,000",2026-08-22 00:54:15,Closed,Clerk_4
ENR-2026180,"5,000.00",2026-08-11 09:47:38,Closed,Clerk_4
ENR-2025939,Five Thousand,2026-08-17 02:37:13,Closed,Clerk_1
ENR-2024184,"5,000.00",2026-08-05 23:07:49,Closed,Clerk_2
ENR-2024440,"Rs. 5,000",2026-08-05 20:51:07,Closed,Clerk_4
ENR-2024419,"Rs. 5,000",2026-09-11 15:42:11,Closed,Clerk_5
ENR-2024076,"5,000.00",2026-09-11 00:17:16,Closed,Clerk_2
ENR-2025431,50 00,2026-08-03 10:54:50,Closed,Clerk_2
ENR-2024455,Five Thousand,2026-08-06 10:27:57,Closed,Clerk_5
ENR-2026114,"5,000.00",2026-09-12 06:05:41,Closed,Clerk_3
ENR-2025241,"Rs. 5,000",2026-08-20 14:48:22,Closed,Clerk_5
ENR-2025689,Five Thousand,2026-08-16 22:32:38,Closed,Clerk_3
ENR-2024636,"Rs. 5,000",2026-08-28 19:40:00,Closed,Clerk_1
ENR-2024215,50 00,2026-09-07 08:33:18,Closed,Clerk_3
ENR-2024881,7500,2026-09-01 22:54:07,Closed,Clerk_3
ENR-2025494,Rs. 2500,2026-08-08 06:50:26,Closed,Clerk_5
ENR-2025361,50 00,2026-08-04 09:43:50,Closed,Clerk_4
ENR-2025133,"Rs. 5,000",2026-08-16 00:36:07,Closed,Clerk_3
ENR-2025149,50 00,2026-09-02 10:26:20,Closed,Clerk_5
ENR-2025919,Rs. 2500,2026-09-05 04:20:29,Closed,Clerk_3
ENR-2024451,"5,000.00",2026-09-15 22:04:28,Closed,Clerk_4
ENR-2026320,Rs. 2500,2026-09-03 19:12:13,Closed,Clerk_2
ENR-2024320,50 00,2026-09-04 19:02:19,Closed,Clerk_5
ENR-2026124,Five Thousand,2026-08-08 17:11:16,Closed,Clerk_2
ENR-2024311,5000,2026-09-11 21:01:20,Closed,Clerk_2
ENR-2026319,7500,2026-09-08 21:11:11,Closed,Clerk_1
ENR-2025699,Rs. 2500,2026-08-13 17:01:30,Closed,Clerk_3
ENR-2025954,Rs. 2500,2026-08-16 21:35:09,Closed,Clerk_2
ENR-2025158,Five Thousand,2026-09-01 12:38:08,Closed,Clerk_1
ENR-2024200,"5,000.00",2026-09-16 17:53:56,Closed,Clerk_5
ENR-2024419,Rs. 2500,2026-08-09 19:19:42,Closed,Clerk_3
ENR-2025287,Rs. 2500,2026-09-17 02:40:14,Closed,Clerk_5
ENR-2024578,Five Thousand,2026-09-16 14:27:10,Closed,Clerk_2
ENR-2024987,7500,2026-09-19 11:35:21,Closed,Clerk_5
ENR-2025953,5000,2026-08-22 15:32:03,Closed,Clerk_2
ENR-2024365,7500,2026-09-15 15:33:25,Closed,Clerk_3
ENR-2024601,Five Thousand,2026-09-04 19:22:14,Closed,Clerk_3
ENR-2024518,7500,2026-08-02 03:09:56,Closed,Clerk_5
ENR-2024780,"Rs. 5,000",2026-09-07 09:10:14,Closed,Clerk_2
ENR-2025337,50 00,2026-08-16 20:04:02,Closed,Clerk_3
ENR-2024796,7500,2026-09-20 13:08:56,Closed,Clerk_1
ENR-2026380,5000,2026-08-14 11:40:16,Closed,Clerk_2
ENR-2026116,5000,2026-08-28 03:39:08,Closed,Clerk_3
ENR-2024902,50 00,2026-09-19 07:53:04,Closed,Clerk_1
ENR-2024233,"5,000.00",2026-09-16 10:37:57,Closed,Clerk_1
ENR-2026051,Five Thousand,2026-08-24 21:31:47,Closed,Clerk_5
ENR-2024058,50 00,2026-09-03 05:43:04,Closed,Clerk_1
ENR-2024968,7500,2026-09-21 22:20:00,Closed,Clerk_3
ENR-2025470,5000,2026-09-18 19:33:46,Closed,Clerk_2
ENR-2024484,5000,2026-08-09 19:02:34,Closed,Clerk_2
ENR-2024168,7500,2026-08-29 11:48:24,Closed,Clerk_2
ENR-2024129,Rs. 2500,2026-08-09 22:08:58,Closed,Clerk_2
ENR-2026308,"5,000.00",2026-09-18 16:54:22,Closed,Clerk_2
ENR-2026200,50 00,2026-09-02 01:44:10,Closed,Clerk_4
ENR-2024096,"5,000.00",2026-08-29 08:02:33,Closed,Clerk_3
ENR-2025633,"5,000.00",2026-08-04 08:04:47,Closed,Clerk_4
ENR-2025508,5000,2026-08-21 16:46:55,Closed,Clerk_3
ENR-2026297,Rs. 2500,2026-09-14 02:42:20,Closed,Clerk_2
ENR-2025611,Rs. 2500,2026-09-13 02:39:35,Closed,Clerk_1
ENR-2026056,7500,2026-09-09 17:32:10,Closed,Clerk_1
ENR-2024208,7500,2026-09-10 07:19:40,Closed,Clerk_5
ENR-2025893,5000,2026-08-15 04:48:56,Closed,Clerk_2
ENR-2025933,7500,2026-09-03 05:04:03,Closed,Clerk_2
ENR-2024005,"5,000.00",2026-08-29 09:03:20,Closed,Clerk_5
ENR-2024606,Rs. 2500,2026-08-24 08:32:24,Closed,Clerk_2
ENR-2025489,7500,2026-08-17 20:51:20,Closed,Clerk_2
ENR-2024806,50 00,2026-08-28 13:38:21,Closed,Clerk_2
ENR-2025957,Rs. 2500,2026-09-09 21:24:20,Closed,Clerk_4
ENR-2024081,Rs. 2500,2026-08-15 14:46:30,Closed,Clerk_2
ENR-2025554,7500,2026-08-20 23:18:32,Closed,Clerk_5
ENR-2024316,7500,2026-08-11 18:07:54,Closed,Clerk_4
ENR-2025824,"Rs. 5,000",2026-08-28 21:07:32,Closed,Clerk_3
ENR-2025159,50 00,2026-09-13 19:32:42,Closed,Clerk_1
ENR-2024059,7500,2026-08-21 06:38:17,Closed,Clerk_3
ENR-2025383,50 00,2026-09-15 04:24:14,Closed,Clerk_3
ENR-2025726,7500,2026-08-07 09:26:08,Closed,Clerk_3
ENR-2024402,50 00,2026-09-03 16:56:42,Closed,Clerk_5
ENR-2025419,Five Thousand,2026-09-10 16:34:51,Closed,Clerk_2
ENR-2025411,50 00,2026-08-29 12:27:51,Closed,Clerk_4
ENR-2025572,50 00,2026-09-17 12:30:57,Closed,Clerk_4
ENR-2024405,Rs. 2500,2026-08-07 05:56:17,Closed,Clerk_1
ENR-2025797,Rs. 2500,2026-08-10 18:50:08,Closed,Clerk_3
ENR-2024697,5000,2026-09-05 09:59:31,Closed,Clerk_1
ENR-2024667,"Rs. 5,000",2026-09-06 10:44:46,Closed,Clerk_2
ENR-2025939,Rs. 2500,2026-08-13 15:10:04,Closed,Clerk_5
ENR-2025379,5000,2026-08-10 15:48:51,Closed,Clerk_4
ENR-2025146,5000,2026-08-13 01:23:31,Closed,Clerk_4
ENR-2026348,7500,2026-08-14 16:07:04,Closed,Clerk_3
ENR-2024395,Rs. 2500,2026-09-07 17:20:35,Closed,Clerk_1
ENR-2025022,50 00,2026-09-06 06:29:27,Closed,Clerk_4
ENR-2025460,Rs. 2500,2026-08-28 17:39:46,Closed,Clerk_5
ENR-2026113,7500,2026-08-11 17:09:27,Closed,Clerk_4
ENR-2026143,5000,2026-08-21 18:42:03,Closed,Clerk_2
ENR-2024542,"Rs. 5,000",2026-09-20 23:37:25,Closed,Clerk_1
ENR-2025887,"5,000.00",2026-09-21 18:17:34,Closed,Clerk_4
ENR-2024145,Five Thousand,2026-09-06 03:41:00,Closed,Clerk_1
ENR-2024368,"Rs. 5,000",2026-08-08 11:08:13,Closed,Clerk_5
ENR-2024010,Five Thousand,2026-08-23 00:18:00,Closed,Clerk_3
ENR-2025341,Five Thousand,2026-08-07 05:59:19,Closed,Clerk_5
ENR-2025509,5000,2026-09-14 16:42:24,Closed,Clerk_1
ENR-2025351,"Rs. 5,000",2026-08-02 00:03:31,Closed,Clerk_3
ENR-2025407,"Rs. 5,000",2026-08-27 10:24:25,Closed,Clerk_4
ENR-2026128,Rs. 2500,2026-08-26 16:28:02,Closed,Clerk_3
ENR-2025232,"5,000.00",2026-09-13 04:37:32,Closed,Clerk_4
ENR-2025264,Rs. 2500,2026-09-14 06:14:27,Closed,Clerk_4
ENR-2026039,5000,2026-08-14 22:35:21,Closed,Clerk_1
ENR-2026473,50 00,2026-08-27 06:19:23,Closed,Clerk_3
ENR-2024299,"Rs. 5,000",2026-09-07 07:13:52,Closed,Clerk_2
ENR-2025028,50 00,2026-09-07 22:00:27,Closed,Clerk_1
ENR-2024600,Rs. 2500,2026-09-18 11:52:51,Closed,Clerk_4
ENR-2024588,"5,000.00",2026-09-12 14:13:15,Closed,Clerk_3
ENR-2025977,7500,2026-08-15 21:11:47,Closed,Clerk_4
ENR-2024680,5000,2026-08-04 04:00:51,Closed,Clerk_2
ENR-2025241,7500,2026-09-05 15:52:35,Closed,Clerk_5
ENR-2024506,Five Thousand,2026-08-31 02:07:33,Closed,Clerk_3
ENR-2024954,50 00,2026-08-13 10:21:30,Closed,Clerk_1
ENR-2026173,7500,2026-08-05 16:51:46,Closed,Clerk_4
ENR-2025507,5000,2026-09-08 22:37:33,Closed,Clerk_4
ENR-2025241,7500,2026-08-14 19:51:22,Closed,Clerk_5
ENR-2026077,7500,2026-09-03 22:12:02,Closed,Clerk_5
ENR-2026210,"Rs. 5,000",2026-08-31 16:31:31,Closed,Clerk_1
ENR-2025175,7500,2026-08-20 19:29:40,Closed,Clerk_4
ENR-2024817,Five Thousand,2026-08-16 08:25:30,Closed,Clerk_3
ENR-2024255,"Rs. 5,000",2026-09-07 19:08:48,Closed,Clerk_3
ENR-2024793,7500,2026-08-26 08:03:30,Closed,Clerk_4
ENR-2024967,"5,000.00",2026-08-09 12:50:31,Closed,Clerk_2
ENR-2026166,5000,2026-08-31 17:02:42,Closed,Clerk_5
ENR-2024895,"Rs. 5,000",2026-08-17 07:20:45,Closed,Clerk_5
ENR-2024109,Rs. 2500,2026-09-01 04:39:08,Closed,Clerk_2
ENR-2025029,"5,000.00",2026-09-19 16:42:12,Closed,Clerk_1
ENR-2024174,Five Thousand,2026-09-16 19:07:17,Closed,Clerk_3
ENR-2024894,7500,2026-08-21 21:15:56,Closed,Clerk_2
ENR-2025406,"5,000.00",2026-08-11 12:15:53,Closed,Clerk_5
ENR-2024301,"5,000.00",2026-09-12 20:57:11,Closed,Clerk_2
ENR-2026429,Rs. 2500,2026-08-30 13:04:41,Closed,Clerk_1
ENR-2024742,7500,2026-08-14 07:00:57,Closed,Clerk_4
ENR-2025261,5000,2026-09-09 22:14:37,Closed,Clerk_4
ENR-2024807,5000,2026-08-10 23:08:30,Closed,Clerk_1
ENR-2025775,"Rs. 5,000",2026-09-06 10:38:36,Closed,Clerk_3
ENR-2024226,"5,000.00",2026-09-14 12:39:08,Closed,Clerk_1
ENR-2025584,50 00,2026-09-13 04:52:37,Closed,Clerk_1
ENR-2024609,7500,2026-09-12 03:23:54,Closed,Clerk_2
ENR-2025915,Rs. 2500,2026-09-16 04:07:59,Closed,Clerk_5
ENR-2025340,50 00,2026-08-11 04:22:16,Closed,Clerk_2
ENR-2024482,Five Thousand,2026-08-25 07:23:03,Closed,Clerk_4
ENR-2025368,5000,2026-09-06 03:45:08,Closed,Clerk_1
ENR-2025675,Five Thousand,2026-08-28 09:02:21,Closed,Clerk_3
ENR-2025734,Five Thousand,2026-09-11 12:02:00,Closed,Clerk_2
ENR-2026413,7500,2026-08-20 07:26:59,Closed,Clerk_2
ENR-2025599,"Rs. 5,000",2026-08-19 06:53:47,Closed,Clerk_5
ENR-2025100,"5,000.00",2026-09-10 10:09:30,Closed,Clerk_4
ENR-2024851,Rs. 2500,2026-08-10 23:31:36,Closed,Clerk_2
ENR-2025558,Five Thousand,2026-09-02 14:04:54,Closed,Clerk_4
ENR-2026466,5000,2026-08-26 19:34:04,Closed,Clerk_1
ENR-2026169,"Rs. 5,000",2026-09-01 21:25:11,Closed,Clerk_1
ENR-2025102,"Rs. 5,000",2026-09-05 23:47:33,Closed,Clerk_3
ENR-2025506,"Rs. 5,000",2026-08-22 17:03:19,Closed,Clerk_1
ENR-2024863,Rs. 2500,2026-09-13 20:45:33,Closed,Clerk_4
ENR-2025726,5000,2026-08-01 20:44:07,Closed,Clerk_4
ENR-2024922,7500,2026-08-12 04:05:08,Closed,Clerk_3
ENR-2026209,Five Thousand,2026-08-09 06:38:47,Closed,Clerk_5
ENR-2026033,7500,2026-09-22 12:20:09,Closed,Clerk_2
ENR-2026168,7500,2026-08-31 03:50:10,Closed,Clerk_1
ENR-2025516,"5,000.00",2026-09-10 17:55:27,Closed,Clerk_4
ENR-2026043,7500,2026-09-13 20:26:34,Closed,Clerk_5
ENR-2024803,"5,000.00",2026-09-12 02:54:39,Closed,Clerk_1
ENR-2024298,50 00,2026-08-10 20:21:39,Closed,Clerk_4
ENR-2024247,"5,000.00",2026-09-18 18:14:48,Closed,Clerk_4
ENR-2025940,5000,2026-09-22 10:13:18,Closed,Clerk_1
ENR-2025326,"5,000.00",2026-08-06 22:37:20,Closed,Clerk_5
ENR-2024011,Rs. 2500,2026-08-28 12:33:29,Closed,Clerk_1
ENR-2025126,5000,2026-09-16 18:09:36,Closed,Clerk_4
ENR-2026242,"5,000.00",2026-08-28 05:53:57,Closed,Clerk_2
ENR-2024033,"5,000.00",2026-08-31 14:28:20,Closed,Clerk_3
ENR-2026221,Rs. 2500,2026-08-22 17:33:15,Closed,Clerk_4
ENR-2026422,7500,2026-09-11 04:45:14,Closed,Clerk_3
ENR-2024922,Five Thousand,2026-08-10 07:45:43,Closed,Clerk_1
ENR-2024747,50 00,2026-09-10 07:42:14,Closed,Clerk_5
ENR-2025924,Five Thousand,2026-09-05 04:27:38,Closed,Clerk_1
ENR-2025912,Five Thousand,2026-08-03 06:57:05,Closed,Clerk_2
ENR-2024667,50 00,2026-08-14 11:49:09,Closed,Clerk_1
ENR-2024438,5000,2026-09-07 16:06:59,Closed,Clerk_4
ENR-2024203,5000,2026-08-28 02:57:00,Closed,Clerk_5
ENR-2026126,Rs. 2500,2026-09-12 23:02:03,Closed,Clerk_3
ENR-2024980,50 00,2026-09-04 21:23:05,Closed,Clerk_1
ENR-2024931,50 00,2026-08-07 05:43:43,Closed,Clerk_2
ENR-2024256,Rs. 2500,2026-09-23 18:03:24,Closed,Clerk_3
ENR-2026488,5000,2026-09-01 01:45:17,Closed,Clerk_5
ENR-2026134,"Rs. 5,000",2026-08-19 12:42:35,Closed,Clerk_2
ENR-2026276,Five Thousand,2026-08-26 00:19:28,Closed,Clerk_5
ENR-2024033,Rs. 2500,2026-08-27 08:04:05,Closed,Clerk_2
ENR-2025107,50 00,2026-08-18 16:18:43,Closed,Clerk_3
ENR-2025468,Five Thousand,2026-08-02 04:22:19,Closed,Clerk_4
ENR-2024482,7500,2026-09-05 00:09:16,Closed,Clerk_5
ENR-2024216,7500,2026-09-07 03:27:35,Closed,Clerk_3
ENR-2024506,"5,000.00",2026-07-31 01:01:36,Closed,Clerk_3
ENR-2024972,Five Thousand,2026-08-06 13:17:24,Closed,Clerk_2
ENR-2025750,Rs. 2500,2026-08-25 07:55:21,Closed,Clerk_2
ENR-2025805,Five Thousand,2026-08-11 11:56:29,Closed,Clerk_3
ENR-2024302,"Rs. 5,000",2026-09-02 12:22:44,Closed,Clerk_4
ENR-2025176,"5,000.00",2026-08-29 02:55:18,Closed,Clerk_4
ENR-2026296,7500,2026-08-03 12:12:16,Closed,Clerk_5
ENR-2025360,"5,000.00",2026-08-17 05:02:58,Closed,Clerk_2
ENR-2025245,Five Thousand,2026-09-16 15:53:52,Closed,Clerk_3
ENR-2025344,"Rs. 5,000",2026-08-11 01:18:15,Closed,Clerk_4
ENR-2026423,"5,000.00",2026-09-18 21:55:09,Closed,Clerk_5
ENR-2024840,"Rs. 5,000",2026-09-07 16:05:56,Closed,Clerk_1
ENR-2025543,"5,000.00",2026-09-03 04:33:00,Closed,Clerk_4
ENR-2025836,Five Thousand,2026-09-07 11:38:14,Closed,Clerk_4
ENR-2024220,50 00,2026-09-18 12:04:36,Closed,Clerk_1
ENR-2025088,"5,000.00",2026-08-28 02:21:46,Closed,Clerk_1
ENR-2025147,"Rs. 5,000",2026-08-18 09:00:13,Closed,Clerk_4
ENR-2024252,"5,000.00",2026-08-18 10:54:17,Closed,Clerk_1
ENR-2025965,5000,2026-09-02 20:36:46,Closed,Clerk_5
ENR-2025281,5000,2026-08-16 19:49:29,Closed,Clerk_4
ENR-2026482,7500,2026-09-14 16:33:32,Closed,Clerk_4
ENR-2025109,5000,2026-09-11 15:19:43,Closed,Clerk_1
ENR-2024005,7500,2026-09-16 14:16:48,Closed,Clerk_5
ENR-2025465,"Rs. 5,000",2026-08-21 16:32:40,Closed,Clerk_1
ENR-2024936,5000,2026-09-12 09:45:11,Closed,Clerk_2
ENR-2024129,Five Thousand,2026-09-06 11:18:14,Closed,Clerk_5
ENR-2025250,Five Thousand,2026-08-28 03:13:31,Closed,Clerk_3
ENR-2026057,Rs. 2500,2026-09-10 14:08:43,Closed,Clerk_1
ENR-2024596,Rs. 2500,2026-09-02 21:26:30,Closed,Clerk_5
ENR-2025025,Rs. 2500,2026-09-11 08:03:55,Closed,Clerk_2
ENR-2026193,Five Thousand,2026-08-05 10:38:18,Closed,Clerk_1
ENR-2026484,Rs. 2500,2026-08-23 02:45:52,Closed,Clerk_4
ENR-2024524,"Rs. 5,000",2026-09-02 03:13:42,Closed,Clerk_5
ENR-2025951,Five Thousand,2026-08-06 04:39:09,Closed,Clerk_5
ENR-2025071,5000,2026-08-22 11:02:34,Closed,Clerk_3
ENR-2026049,Five Thousand,2026-08-12 09:20:45,Closed,Clerk_5
ENR-2024614,7500,2026-08-22 10:09:32,Closed,Clerk_5
ENR-2025878,7500,2026-09-05 07:47:32,Closed,Clerk_4
ENR-2026256,50 00,2026-08-20 10:37:22,Closed,Clerk_5
ENR-2024722,5000,2026-09-18 11:12:50,Closed,Clerk_3
ENR-2024494,50 00,2026-09-16 05:47:10,Closed,Clerk_3
ENR-2025319,Rs. 2500,2026-09-18 19:34:41,Closed,Clerk_4
ENR-2025585,Rs. 2500,2026-08-06 10:05:51,Closed,Clerk_5
ENR-2024447,5000,2026-08-13 12:50:36,Closed,Clerk_2
ENR-2026290,7500,2026-08-29 14:07:29,Closed,Clerk_5
ENR-2025274,50 00,2026-09-08 13:34:52,Closed,Clerk_3
ENR-2026358,7500,2026-09-08 09:45:20,Closed,Clerk_5
ENR-2025541,Rs. 2500,2026-08-07 12:32:28,Closed,Clerk_2
ENR-2026296,5000,2026-09-03 15:58:23,Closed,Clerk_1
ENR-2025114,7500,2026-08-25 20:53:56,Closed,Clerk_4
ENR-2024258,7500,2026-09-06 21:19:01,Closed,Clerk_5
ENR-2024565,50 00,2026-08-11 13:28:10,Closed,Clerk_2
ENR-2025099,"5,000.00",2026-09-21 15:21:54,Closed,Clerk_5
ENR-2026463,7500,2026-09-09 04:59:49,Closed,Clerk_1
ENR-2024675,"Rs. 5,000",2026-09-11 18:25:50,Closed,Clerk_5
ENR-2024049,"Rs. 5,000",2026-08-05 13:26:37,Closed,Clerk_4
ENR-2025008,Rs. 2500,2026-08-27 00:27:35,Closed,Clerk_5
ENR-2024722,50 00,2026-08-12 11:48:48,Closed,Clerk_1
ENR-2024625,5000,2026-09-15 10:39:12,Closed,Clerk_4
ENR-2024260,Rs. 2500,2026-08-13 23:50:45,Closed,Clerk_3
ENR-2024529,50 00,2026-08-07 15:53:27,Closed,Clerk_3
ENR-2024302,50 00,2026-08-11 01:39:40,Closed,Clerk_2
ENR-2024665,"5,000.00",2026-09-08 01:23:43,Closed,Clerk_3
ENR-2024885,"Rs. 5,000",2026-08-29 11:18:07,Closed,Clerk_2
ENR-2024677,7500,2026-08-05 05:09:41,Closed,Clerk_4
ENR-2025968,5000,2026-08-30 19:22:32,Closed,Clerk_4
ENR-2024955,5000,2026-08-18 01:03:06,Closed,Clerk_4
ENR-2025063,50 00,2026-08-17 17:36:38,Closed,Clerk_3
ENR-2026151,50 00,2026-08-31 05:38:59,Closed,Clerk_3
ENR-2026209,Rs. 2500,2026-09-07 04:47:56,Closed,Clerk_5
ENR-2026374,Five Thousand,2026-08-17 16:17:04,Closed,Clerk_2
ENR-2025938,7500,2026-09-12 10:47:43,Closed,Clerk_5
ENR-2024075,50 00,2026-09-12 13:59:53,Closed,Clerk_3
ENR-2025240,7500,2026-08-19 08:58:47,Closed,Clerk_2
ENR-2024915,"Rs. 5,000",2026-08-25 19:52:51,Closed,Clerk_3
ENR-2024456,50 00,2026-09-17 19:45:08,Closed,Clerk_3
ENR-2026073,5000,2026-08-31 18:07:35,Closed,Clerk_3
ENR-2025256,"Rs. 5,000",2026-08-29 16:32:17,Closed,Clerk_1
ENR-2024374,50 00,2026-08-28 00:30:37,Closed,Clerk_5
ENR-2025365,Rs. 2500,2026-09-16 15:07:12,Closed,Clerk_2
ENR-2025470,"5,000.00",2026-08-25 06:35:55,Closed,Clerk_1
ENR-2025789,7500,2026-09-19 10:29:28,Closed,Clerk_2
ENR-2025013,Five Thousand,2026-08-25 11:11:18,Closed,Clerk_4
ENR-2025406,5000,2026-08-21 08:47:51,Closed,Clerk_1
ENR-2026485,Rs. 2500,2026-09-13 16:32:55,Closed,Clerk_3
ENR-2024012,7500,2026-08-06 21:03:46,Closed,Clerk_3
ENR-2024184,50 00,2026-08-22 20:59:32,Closed,Clerk_5
ENR-2024841,7500,2026-09-19 21:33:16,Closed,Clerk_5
ENR-2024980,Five Thousand,2026-09-20 02:29:18,Closed,Clerk_5
ENR-2025478,"5,000.00",2026-08-25 07:56:57,Closed,Clerk_1
ENR-2026219,7500,2026-09-20 22:42:11,Closed,Clerk_5
ENR-2024547,"Rs. 5,000",2026-08-25 05:01:30,Closed,Clerk_5
ENR-2025775,"5,000.00",2026-09-05 01:53:32,Closed,Clerk_2
ENR-2024545,Five Thousand,2026-09-11 01:35:34,Closed,Clerk_5
ENR-2026406,"5,000.00",2026-09-04 18:29:38,Closed,Clerk_5
ENR-2025159,50 00,2026-08-17 03:27:37,Closed,Clerk_1
ENR-2025889,50 00,2026-08-06 12:03:33,Closed,Clerk_4
ENR-2025520,"5,000.00",2026-09-19 10:21:21,Closed,Clerk_1
ENR-2024892,Rs. 2500,2026-08-16 08:20:07,Closed,Clerk_2
ENR-2024145,Five Thousand,2026-08-28 05:21:39,Closed,Clerk_3
ENR-2024026,50 00,2026-09-11 03:32:20,Closed,Clerk_3
ENR-2024788,50 00,2026-09-20 13:32:37,Closed,Clerk_4
ENR-2024393,7500,2026-09-16 09:59:10,Closed,Clerk_4
ENR-2025689,Rs. 2500,2026-08-23 02:15:03,Closed,Clerk_5
ENR-2026201,50 00,2026-08-07 05:37:34,Closed,Clerk_3
ENR-2026132,"Rs. 5,000",2026-09-17 15:49:31,Closed,Clerk_5
ENR-2026183,Five Thousand,2026-09-13 23:14:17,Closed,Clerk_5
ENR-2025582,Five Thousand,2026-08-28 10:17:26,Closed,Clerk_4
ENR-2025882,"5,000.00",2026-09-14 12:33:38,Closed,Clerk_4
ENR-2026266,Rs. 2500,2026-09-15 07:00:14,Closed,Clerk_1
ENR-2024491,50 00,2026-08-19 04:39:11,Closed,Clerk_5
ENR-2025011,Five Thousand,2026-09-20 06:49:53,Closed,Clerk_5
ENR-2025250,5000,2026-09-08 10:03:46,Closed,Clerk_1
ENR-2026232,5000,2026-09-05 20:56:12,Closed,Clerk_3
ENR-2024738,Five Thousand,2026-08-16 03:08:47,Closed,Clerk_5
ENR-2024367,5000,2026-08-24 19:09:05,Closed,Clerk_1
ENR-2024023,7500,2026-08-22 11:15:41,Closed,Clerk_3
ENR-2024979,50 00,2026-08-28 10:55:21,Closed,Clerk_2
ENR-2024116,50 00,2026-09-23 21:58:56,Closed,Clerk_5
ENR-2025485,5000,2026-08-17 13:02:23,Closed,Clerk_2
ENR-2026235,Rs. 2500,2026-08-06 21:52:40,Closed,Clerk_3
ENR-2025376,50 00,2026-08-19 07:49:45,Closed,Clerk_1
ENR-2024411,Five Thousand,2026-08-27 04:45:16,Closed,Clerk_4
ENR-2025401,Five Thousand,2026-08-02 18:52:37,Closed,Clerk_5
ENR-2025817,7500,2026-09-16 16:04:26,Closed,Clerk_2
ENR-2024776,"5,000.00",2026-09-08 20:22:22,Closed,Clerk_4
ENR-2025344,7500,2026-08-27 00:31:50,Closed,Clerk_4
ENR-2024395,Five Thousand,2026-08-04 12:09:26,Closed,Clerk_3
ENR-2025192,7500,2026-09-20 19:57:31,Closed,Clerk_3
ENR-2024073,50 00,2026-08-04 10:51:15,Closed,Clerk_3
ENR-2026102,"5,000.00",2026-09-03 00:05:09,Closed,Clerk_4
ENR-2025867,5000,2026-09-23 03:53:07,Closed,Clerk_1
ENR-2024171,Rs. 2500,2026-08-10 09:31:28,Closed,Clerk_5
ENR-2024264,Five Thousand,2026-08-29 13:34:44,Closed,Clerk_4
ENR-2024927,"Rs. 5,000",2026-09-21 22:04:06,Closed,Clerk_4
ENR-2024105,7500,2026-09-01 10:16:41,Closed,Clerk_3
ENR-2024627,7500,2026-09-20 11:01:49,Closed,Clerk_1
ENR-2024156,5000,2026-09-18 06:19:42,Closed,Clerk_3
ENR-2025983,7500,2026-08-23 19:52:28,Closed,Clerk_1
ENR-2025487,"Rs. 5,000",2026-09-02 19:00:02,Closed,Clerk_1
ENR-2024386,7500,2026-08-18 11:43:29,Closed,Clerk_1
ENR-2024788,7500,2026-08-03 21:44:29,Closed,Clerk_1
ENR-2024322,7500,2026-08-25 06:47:22,Closed,Clerk_4
ENR-2024902,50 00,2026-08-31 00:52:10,Closed,Clerk_2
ENR-2026378,7500,2026-08-18 01:25:36,Closed,Clerk_2
ENR-2026027,"5,000.00",2026-08-27 03:26:00,Closed,Clerk_2
ENR-2024456,"Rs. 5,000",2026-08-03 01:49:00,Closed,Clerk_2
ENR-2024007,5000,2026-08-10 18:10:40,Closed,Clerk_1
ENR-2024325,50 00,2026-08-03 11:16:22,Closed,Clerk_5
ENR-2024220,"Rs. 5,000",2026-09-12 09:38:25,Closed,Clerk_1
ENR-2024997,7500,2026-08-06 05:53:09,Closed,Clerk_4
ENR-2024355,Rs. 2500,2026-08-17 05:36:36,Closed,Clerk_3
ENR-2024432,"Rs. 5,000",2026-08-19 15:24:32,Closed,Clerk_1
ENR-2025720,"Rs. 5,000",2026-09-12 18:54:05,Closed,Clerk_1
ENR-2026214,50 00,2026-08-30 17:18:47,Closed,Clerk_1
ENR-2024489,5000,2026-08-29 16:33:38,Closed,Clerk_5
ENR-2026284,"Rs. 5,000",2026-08-15 01:28:01,Closed,Clerk_3
ENR-2024102,7500,2026-09-02 18:58:55,Closed,Clerk_4
ENR-2026446,Five Thousand,2026-08-16 00:31:51,Closed,Clerk_2
ENR-2024338,5000,2026-08-26 17:12:16,Closed,Clerk_2
ENR-2024924,"Rs. 5,000",2026-08-15 00:32:38,Closed,Clerk_3
ENR-2026294,"5,000.00",2026-08-28 08:06:53,Closed,Clerk_1
ENR-2025873,Rs. 2500,2026-09-12 07:58:32,Closed,Clerk_2
ENR-2026073,"Rs. 5,000",2026-08-03 09:53:58,Closed,Clerk_3
ENR-2025509,"5,000.00",2026-08-18 12:33:28,Closed,Clerk_3
ENR-2025859,"Rs. 5,000",2026-08-26 20:28:47,Closed,Clerk_4
ENR-2024034,5000,2026-08-27 12:20:13,Closed,Clerk_1
ENR-2025727,5000,2026-08-06 18:51:23,Closed,Clerk_3
ENR-2024276,"Rs. 5,000",2026-09-10 19:29:37,Closed,Clerk_5
ENR-2025189,"5,000.00",2026-09-22 13:10:05,Closed,Clerk_1
ENR-2024223,5000,2026-08-13 10:58:41,Closed,Clerk_2
ENR-2024021,7500,2026-08-12 02:02:29,Closed,Clerk_3
ENR-2024908,7500,2026-09-01 13:45:37,Closed,Clerk_4
ENR-2024777,Rs. 2500,2026-08-30 11:52:45,Closed,Clerk_4
ENR-2025473,Five Thousand,2026-08-20 03:01:48,Closed,Clerk_3
ENR-2024760,Rs. 2500,2026-09-09 19:23:56,Closed,Clerk_1
ENR-2024935,5000,2026-09-02 17:40:05,Closed,Clerk_3
ENR-2024097,7500,2026-09-11 09:21:54,Closed,Clerk_4
ENR-2025834,7500,2026-08-19 10:40:53,Closed,Clerk_1
ENR-2024340,5000,2026-08-13 02:40:26,Closed,Clerk_1
ENR-2024785,5000,2026-08-30 09:38:05,Closed,Clerk_5
ENR-2024714,50 00,2026-08-11 09:31:49,Closed,Clerk_5
ENR-2024916,Five Thousand,2026-08-15 04:54:34,Closed,Clerk_1
ENR-2024465,Rs. 2500,2026-08-11 20:30:17,Closed,Clerk_2
ENR-2025874,5000,2026-09-16 08:05:08,Closed,Clerk_5
ENR-2024511,7500,2026-09-04 02:10:37,Closed,Clerk_1
ENR-2025090,7500,2026-09-15 10:10:34,Closed,Clerk_2
ENR-2026358,Five Thousand,2026-09-14 20:55:32,Closed,Clerk_4
ENR-2025549,7500,2026-09-06 04:57:51,Closed,Clerk_3
ENR-2026112,"Rs. 5,000",2026-08-04 09:44:47,Closed,Clerk_1
ENR-2025158,"Rs. 5,000",2026-08-16 00:33:07,Closed,Clerk_2
ENR-2026317,7500,2026-08-13 19:29:51,Closed,Clerk_5
ENR-2025490,"Rs. 5,000",2026-09-04 16:45:05,Closed,Clerk_2
ENR-2025920,5000,2026-09-13 11:07:46,Closed,Clerk_4
ENR-2025951,Five Thousand,2026-08-24 10:35:56,Closed,Clerk_4
ENR-2025611,Rs. 2500,2026-08-18 20:24:04,Closed,Clerk_2
ENR-2024819,50 00,2026-09-05 17:50:14,Closed,Clerk_2
ENR-2024277,"5,000.00",2026-08-22 13:02:52,Closed,Clerk_1
ENR-2024360,Five Thousand,2026-08-08 03:22:24,Closed,Clerk_1
ENR-2026448,50 00,2026-08-14 20:55:51,Closed,Clerk_1
ENR-2026321,"Rs. 5,000",2026-08-07 08:51:14,Closed,Clerk_5
ENR-2026224,"5,000.00",2026-08-17 18:12:37,Closed,Clerk_1
ENR-2025758,50 00,2026-09-18 01:14:28,Closed,Clerk_2
ENR-2024305,"Rs. 5,000",2026-09-09 07:56:10,Closed,Clerk_4
ENR-2024629,50 00,2026-09-18 20:01:48,Closed,Clerk_2
ENR-2024056,"5,000.00",2026-08-11 20:23:47,Closed,Clerk_1
ENR-2024093,Rs. 2500,2026-08-08 13:08:47,Closed,Clerk_4
ENR-2026112,7500,2026-09-07 23:47:32,Closed,Clerk_1
ENR-2025747,50 00,2026-09-08 21:02:57,Closed,Clerk_2
ENR-2024456,Five Thousand,2026-08-18 18:24:27,Closed,Clerk_2
ENR-2025449,7500,2026-08-20 09:19:07,Closed,Clerk_4
ENR-2024515,"5,000.00",2026-09-13 10:48:34,Closed,Clerk_4
ENR-2025508,Five Thousand,2026-08-14 04:29:06,Closed,Clerk_2
ENR-2024639,Five Thousand,2026-08-29 09:00:37,Closed,Clerk_3
ENR-2025986,"Rs. 5,000",2026-08-14 08:29:07,Closed,Clerk_4
ENR-2025254,Five Thousand,2026-09-18 01:25:03,Closed,Clerk_5
ENR-2025641,Rs. 2500,2026-09-11 06:01:10,Closed,Clerk_5
ENR-2024537,7500,2026-08-10 09:20:40,Closed,Clerk_4
ENR-2026417,50 00,2026-08-07 20:57:12,Closed,Clerk_5
ENR-2024281,"Rs. 5,000",2026-08-07 13:38:31,Closed,Clerk_4
ENR-2025548,7500,2026-09-11 21:43:48,Closed,Clerk_5
ENR-2024549,"Rs. 5,000",2026-08-20 11:05:00,Closed,Clerk_5
ENR-2025621,Rs. 2500,2026-08-09 16:58:21,Closed,Clerk_1
ENR-2024287,"Rs. 5,000",2026-08-10 13:45:44,Closed,Clerk_1
ENR-2024554,7500,2026-08-08 16:39:31,Closed,Clerk_5
ENR-2026258,50 00,2026-09-11 16:44:18,Closed,Clerk_5
ENR-2025433,5000,2026-09-03 06:08:01,Closed,Clerk_2
ENR-2025175,50 00,2026-08-27 15:47:08,Closed,Clerk_4
ENR-2025082,50 00,2026-09-10 20:09:55,Closed,Clerk_2
ENR-2024411,5000,2026-09-15 21:01:21,Closed,Clerk_2
ENR-2025876,7500,2026-08-12 02:22:45,Closed,Clerk_5
ENR-2024412,7500,2026-09-08 21:00:08,Closed,Clerk_3
ENR-2026482,Rs. 2500,2026-08-18 19:19:04,Closed,Clerk_1
ENR-2025629,50 00,2026-09-01 10:20:35,Closed,Clerk_4
ENR-2025619,50 00,2026-09-09 14:52:18,Closed,Clerk_1
ENR-2025514,Five Thousand,2026-09-10 15:01:58,Closed,Clerk_4
ENR-2025530,Five Thousand,2026-09-09 04:26:00,Closed,Clerk_5
ENR-2026470,"5,000.00",2026-08-26 01:33:55,Closed,Clerk_1
ENR-2024064,"5,000.00",2026-08-29 04:17:59,Closed,Clerk_1
ENR-2026084,"Rs. 5,000",2026-09-06 16:28:51,Closed,Clerk_4
ENR-2026224,5000,2026-09-17 02:08:26,Closed,Clerk_2
ENR-2025651,"5,000.00",2026-09-02 17:07:49,Closed,Clerk_1
ENR-2024029,Five Thousand,2026-08-20 17:16:14,Closed,Clerk_1
ENR-2024422,7500,2026-08-12 18:52:46,Closed,Clerk_1
ENR-2025453,"5,000.00",2026-08-25 06:16:04,Closed,Clerk_5
ENR-2025740,50 00,2026-08-20 02:34:35,Closed,Clerk_5
ENR-2024643,Five Thousand,2026-09-11 11:03:49,Closed,Clerk_4
ENR-2024811,Five Thousand,2026-08-12 14:48:57,Closed,Clerk_5
ENR-2025452,"Rs. 5,000",2026-09-21 00:09:46,Closed,Clerk_2
ENR-2025832,7500,2026-09-05 19:31:49,Closed,Clerk_3
ENR-2025560,Five Thousand,2026-08-21 20:55:11,Closed,Clerk_3
ENR-2026040,Rs. 2500,2026-09-11 20:51:18,Closed,Clerk_2
ENR-2025326,7500,2026-09-17 17:00:45,Closed,Clerk_4
ENR-2024977,Five Thousand,2026-08-20 14:16:05,Closed,Clerk_2
ENR-2025437,50 00,2026-09-11 23:19:49,Closed,Clerk_4
ENR-2025814,"Rs. 5,000",2026-08-29 13:00:18,Closed,Clerk_1
ENR-2025255,5000,2026-09-06 12:50:59,Closed,Clerk_3
ENR-2025933,Rs. 2500,2026-09-06 04:23:11,Closed,Clerk_5
ENR-2025401,"5,000.00",2026-09-16 03:20:21,Closed,Clerk_1
ENR-2025326,50 00,2026-09-10 23:24:12,Closed,Clerk_5
ENR-2024007,7500,2026-08-23 11:41:22,Closed,Clerk_3
ENR-2026415,50 00,2026-09-21 22:23:17,Closed,Clerk_2
ENR-2025821,50 00,2026-08-03 15:29:55,Closed,Clerk_2
ENR-2025214,"5,000.00",2026-08-11 10:17:34,Closed,Clerk_4
ENR-2025558,"5,000.00",2026-09-21 08:39:29,Closed,Clerk_5
ENR-2024436,Rs. 2500,2026-08-21 18:44:46,Closed,Clerk_4
ENR-2026037,50 00,2026-08-08 12:42:57,Closed,Clerk_1
ENR-2026128,"Rs. 5,000",2026-09-19 02:41:04,Closed,Clerk_1
ENR-2024533,5000,2026-08-24 01:39:44,Closed,Clerk_4
ENR-2024200,Five Thousand,2026-09-19 18:57:55,Closed,Clerk_3
ENR-2024317,Rs. 2500,2026-08-08 00:19:31,Closed,Clerk_3
ENR-2025759,"Rs. 5,000",2026-08-30 14:48:36,Closed,Clerk_4
ENR-2025441,5000,2026-08-17 12:31:39,Closed,Clerk_4
ENR-2026264,"Rs. 5,000",2026-08-20 22:17:49,Closed,Clerk_2
ENR-2025290,"Rs. 5,000",2026-09-21 04:47:47,Closed,Clerk_4
ENR-2025841,5000,2026-09-19 19:15:20,Closed,Clerk_5
ENR-2025485,Rs. 2500,2026-08-04 17:23:03,Closed,Clerk_2
ENR-2024479,7500,2026-09-05 23:13:54,Closed,Clerk_3
ENR-2026050,"Rs. 5,000",2026-08-09 17:33:41,Closed,Clerk_4
ENR-2024685,Five Thousand,2026-09-06 18:32:13,Closed,Clerk_1
ENR-2025039,5000,2026-08-18 01:28:21,Closed,Clerk_1
ENR-2024700,50 00,2026-09-17 13:03:13,Closed,Clerk_5
ENR-2026307,Rs. 2500,2026-08-25 20:55:58,Closed,Clerk_2
ENR-2025560,Rs. 2500,2026-08-27 21:26:17,Closed,Clerk_1
ENR-2026060,50 00,2026-09-08 23:26:25,Closed,Clerk_4
ENR-2026232,5000,2026-08-10 09:38:56,Closed,Clerk_1
ENR-2024952,5000,2026-08-03 23:24:38,Closed,Clerk_1
ENR-2024006,Five Thousand,2026-08-02 16:20:42,Closed,Clerk_3
ENR-2025785,5000,2026-08-19 05:05:03,Closed,Clerk_2
ENR-2025322,"Rs. 5,000",2026-08-13 04:22:11,Closed,Clerk_3
ENR-2024992,"5,000.00",2026-08-12 02:57:33,Closed,Clerk_3
ENR-2025675,50 00,2026-09-02 03:00:47,Closed,Clerk_2
ENR-2025453,5000,2026-08-22 21:00:04,Closed,Clerk_3
ENR-2026102,"Rs. 5,000",2026-08-07 16:45:47,Closed,Clerk_3
ENR-2025436,Five Thousand,2026-08-16 13:39:25,Closed,Clerk_4
ENR-2026427,50 00,2026-09-04 19:20:21,Closed,Clerk_5
ENR-2025657,7500,2026-09-10 10:39:49,Closed,Clerk_3
ENR-2024027,"5,000.00",2026-09-09 21:37:16,Closed,Clerk_2
ENR-2025220,50 00,2026-09-21 04:26:17,Closed,Clerk_1
ENR-2025884,Rs. 2500,2026-08-20 17:33:07,Closed,Clerk_1
ENR-2025775,"Rs. 5,000",2026-09-06 02:10:10,Closed,Clerk_3
ENR-2024483,"Rs. 5,000",2026-08-10 12:26:02,Closed,Clerk_1
ENR-2025132,Five Thousand,2026-08-14 19:34:50,Closed,Clerk_3
ENR-2024027,50 00,2026-08-29 22:41:24,Closed,Clerk_4
ENR-2025923,50 00,2026-09-08 10:43:52,Closed,Clerk_5
ENR-2024571,"Rs. 5,000",2026-09-05 11:47:37,Closed,Clerk_1
ENR-2024399,"Rs. 5,000",2026-08-27 00:08:15,Closed,Clerk_3
ENR-2025315,Rs. 2500,2026-09-02 06:16:50,Closed,Clerk_5
ENR-2025253,"5,000.00",2026-08-24 11:21:42,Closed,Clerk_3
ENR-2025227,Rs. 2500,2026-08-11 05:24:19,Closed,Clerk_4
ENR-2026160,7500,2026-08-10 02:56:10,Closed,Clerk_1
ENR-2024710,50 00,2026-08-27 10:32:49,Closed,Clerk_4
ENR-2026271,5000,2026-08-03 07:47:13,Closed,Clerk_5
ENR-2024258,7500,2026-09-03 13:40:06,Closed,Clerk_4
ENR-2024040,Five Thousand,2026-08-26 07:01:07,Closed,Clerk_4
ENR-2025036,5000,2026-08-05 04:27:52,Closed,Clerk_2
ENR-2024573,Rs. 2500,2026-09-09 13:37:07,Closed,Clerk_5
ENR-2024322,50 00,2026-09-03 14:40:40,Closed,Clerk_2
ENR-2025067,"Rs. 5,000",2026-09-13 22:24:24,Closed,Clerk_5
ENR-2024209,50 00,2026-09-22 10:20:34,Closed,Clerk_1
ENR-2025511,5000,2026-08-26 23:09:30,Closed,Clerk_2
ENR-2026115,Rs. 2500,2026-08-25 01:33:34,Closed,Clerk_2
ENR-2026329,Rs. 2500,2026-08-22 20:12:42,Closed,Clerk_1
ENR-2025452,7500,2026-09-01 07:47:05,Closed,Clerk_3
ENR-2025871,"5,000.00",2026-09-01 12:53:27,Closed,Clerk_5
ENR-2024086,Five Thousand,2026-09-17 19:57:48,Closed,Clerk_5
ENR-2025238,"5,000.00",2026-09-17 19:47:24,Closed,Clerk_5
ENR-2026397,Five Thousand,2026-09-22 10:59:18,Closed,Clerk_1
ENR-2024742,Five Thousand,2026-08-29 13:12:06,Closed,Clerk_3
ENR-2024361,"5,000.00",2026-09-11 11:55:23,Closed,Clerk_1
ENR-2024237,7500,2026-09-22 04:19:27,Closed,Clerk_3
ENR-2025097,"Rs. 5,000",2026-09-06 00:58:15,Closed,Clerk_2
ENR-2026329,Rs. 2500,2026-09-11 22:38:08,Closed,Clerk_4
ENR-2025044,"5,000.00",2026-08-13 07:54:41,Closed,Clerk_2
ENR-2025335,5000,2026-09-04 07:53:05,Closed,Clerk_4
ENR-2026378,5000,2026-09-22 03:50:29,Closed,Clerk_3
ENR-2024644,"5,000.00",2026-08-26 08:16:40,Closed,Clerk_4
ENR-2024854,Rs. 2500,2026-08-11 12:19:17,Closed,Clerk_5
ENR-2026184,Rs. 2500,2026-08-08 06:13:06,Closed,Clerk_4
ENR-2025502,5000,2026-09-02 08:59:36,Closed,Clerk_2
ENR-2025947,5000,2026-09-17 17:44:52,Closed,Clerk_4
ENR-2025761,"5,000.00",2026-09-09 15:22:12,Closed,Clerk_1
ENR-2024552,7500,2026-08-07 22:11:22,Closed,Clerk_1
ENR-2024320,Five Thousand,2026-09-14 01:30:17,Closed,Clerk_5
ENR-2025401,50 00,2026-08-26 23:36:48,Closed,Clerk_3
ENR-2024052,"5,000.00",2026-09-10 11:05:58,Closed,Clerk_2
ENR-2025140,"5,000.00",2026-08-30 18:40:21,Closed,Clerk_3
ENR-2025622,5000,2026-08-15 10:52:41,Closed,Clerk_5
ENR-2025257,"5,000.00",2026-08-14 10:28:04,Closed,Clerk_5
ENR-2024065,Five Thousand,2026-08-28 04:13:44,Closed,Clerk_2
ENR-2024380,5000,2026-08-15 15:54:37,Closed,Clerk_1
ENR-2025128,Rs. 2500,2026-09-01 23:05:11,Closed,Clerk_3
ENR-2025575,Five Thousand,2026-08-23 17:49:57,Closed,Clerk_5
ENR-2024592,7500,2026-08-07 11:07:34,Closed,Clerk_2
ENR-2024589,"Rs. 5,000",2026-08-18 14:54:57,Closed,Clerk_1
ENR-2025024,"5,000.00",2026-09-23 09:55:58,Closed,Clerk_5
ENR-2025845,Five Thousand,2026-09-17 02:15:10,Closed,Clerk_2
ENR-2025730,50 00,2026-09-11 10:16:55,Closed,Clerk_1
ENR-2025245,5000,2026-09-09 07:43:50,Closed,Clerk_5
ENR-2025888,"Rs. 5,000",2026-08-16 01:35:14,Closed,Clerk_5
ENR-2025009,"Rs. 5,000",2026-08-29 20:59:17,Closed,Clerk_4
ENR-2026091,5000,2026-09-06 05:56:12,Closed,Clerk_1
ENR-2024431,Rs. 2500,2026-08-16 11:36:16,Closed,Clerk_3
ENR-2025298,"Rs. 5,000",2026-08-26 21:23:34,Closed,Clerk_3
ENR-2024209,Rs. 2500,2026-08-12 01:18:07,Closed,Clerk_4
ENR-2024329,50 00,2026-08-09 15:20:29,Closed,Clerk_5
ENR-2024328,5000,2026-09-02 16:17:02,Closed,Clerk_3
ENR-2025843,"5,000.00",2026-08-31 06:16:59,Closed,Clerk_1
ENR-2024680,"5,000.00",2026-08-22 08:19:05,Closed,Clerk_2
ENR-2024727,Rs. 2500,2026-09-21 21:20:32,Closed,Clerk_4
ENR-2025985,Rs. 2500,2026-08-10 06:21:51,Closed,Clerk_1
ENR-2024320,"5,000.00",2026-08-20 10:10:43,Closed,Clerk_2
ENR-2025769,Five Thousand,2026-09-17 20:00:30,Closed,Clerk_4
ENR-2025846,"Rs. 5,000",2026-08-18 10:04:25,Closed,Clerk_5
ENR-2025942,"5,000.00",2026-08-27 20:38:36,Closed,Clerk_3
ENR-2024006,7500,2026-09-04 16:16:12,Closed,Clerk_3
ENR-2025871,"5,000.00",2026-08-06 16:35:14,Closed,Clerk_1
ENR-2026446,5000,2026-08-26 03:45:46,Closed,Clerk_4
ENR-2025532,"Rs. 5,000",2026-09-02 04:52:15,Closed,Clerk_2
ENR-2024895,Rs. 2500,2026-09-21 11:21:13,Closed,Clerk_4
ENR-2025164,"5,000.00",2026-08-30 14:22:26,Closed,Clerk_1
ENR-2026497,"5,000.00",2026-09-14 15:39:59,Closed,Clerk_4
ENR-2025310,Rs. 2500,2026-08-12 14:35:40,Closed,Clerk_1
ENR-2025037,50 00,2026-08-08 12:55:38,Closed,Clerk_2
ENR-2025073,50 00,2026-08-09 03:02:10,Closed,Clerk_2
ENR-2025531,Rs. 2500,2026-08-11 21:32:58,Closed,Clerk_4
ENR-2025065,"5,000.00",2026-08-22 21:09:04,Closed,Clerk_4
ENR-2024062,"Rs. 5,000",2026-08-17 04:48:36,Closed,Clerk_5
ENR-2025757,"Rs. 5,000",2026-08-10 02:29:07,Closed,Clerk_1
ENR-2024318,50 00,2026-08-26 01:41:31,Closed,Clerk_5
ENR-2025361,Rs. 2500,2026-08-07 20:26:29,Closed,Clerk_3
ENR-2024948,Rs. 2500,2026-08-05 14:11:10,Closed,Clerk_2
ENR-2024733,50 00,2026-09-13 14:00:19,Closed,Clerk_3
ENR-2025440,"5,000.00",2026-09-20 03:29:41,Closed,Clerk_5
ENR-2024614,5000,2026-08-13 22:20:57,Closed,Clerk_3
ENR-2025185,50 00,2026-09-01 08:52:32,Closed,Clerk_3
ENR-2025607,50 00,2026-09-06 13:33:45,Closed,Clerk_4
ENR-2025294,"Rs. 5,000",2026-08-27 11:13:08,Closed,Clerk_1
ENR-2025246,"Rs. 5,000",2026-09-16 13:03:13,Closed,Clerk_2
ENR-2026230,50 00,2026-08-03 22:11:52,Closed,Clerk_4
ENR-2026111,"Rs. 5,000",2026-08-12 20:48:36,Closed,Clerk_4
ENR-2025467,"Rs. 5,000",2026-08-04 15:42:20,Closed,Clerk_4
ENR-2025533,Rs. 2500,2026-08-13 03:00:22,Closed,Clerk_2
ENR-2025786,5000,2026-08-12 03:25:57,Closed,Clerk_5
ENR-2024268,50 00,2026-09-05 12:23:07,Closed,Clerk_2
ENR-2024974,"5,000.00",2026-08-21 05:49:42,Closed,Clerk_5
ENR-2025845,5000,2026-09-05 02:29:36,Closed,Clerk_4
ENR-2024882,Rs. 2500,2026-09-19 07:38:14,Closed,Clerk_1
ENR-2025070,50 00,2026-08-08 03:09:58,Closed,Clerk_1
ENR-2026239,5000,2026-09-21 11:17:11,Closed,Clerk_3
ENR-2024178,50 00,2026-08-24 17:48:34,Closed,Clerk_1
ENR-2025478,Five Thousand,2026-08-26 19:58:31,Closed,Clerk_4
ENR-2024456,Rs. 2500,2026-08-15 18:55:59,Closed,Clerk_4
ENR-2024272,50 00,2026-09-17 11:28:56,Closed,Clerk_2
ENR-2024112,5000,2026-08-29 23:58:40,Closed,Clerk_4
ENR-2024663,50 00,2026-08-08 09:55:18,Closed,Clerk_1
ENR-2024083,Rs. 2500,2026-08-28 02:51:04,Closed,Clerk_4
ENR-2026208,50 00,2026-09-16 00:20:54,Closed,Clerk_1
ENR-2025021,"5,000.00",2026-08-12 12:48:20,Closed,Clerk_3
ENR-2025578,"Rs. 5,000",2026-08-18 18:15:02,Closed,Clerk_2
ENR-2026106,50 00,2026-09-07 23:48:53,Closed,Clerk_5
ENR-2025837,5000,2026-09-19 13:27:03,Closed,Clerk_2
ENR-2025323,5000,2026-08-30 06:22:51,Closed,Clerk_1
ENR-2025151,Five Thousand,2026-08-25 05:22:41,Closed,Clerk_3
ENR-2024542,Rs. 2500,2026-08-20 06:00:03,Closed,Clerk_4
ENR-2026324,5000,2026-08-03 08:53:39,Closed,Clerk_3
ENR-2024464,Five Thousand,2026-09-06 05:21:39,Closed,Clerk_2
ENR-2024475,Rs. 2500,2026-08-27 03:09:38,Closed,Clerk_3
ENR-2025266,7500,2026-08-11 19:30:20,Closed,Clerk_5
ENR-2025380,"Rs. 5,000",2026-08-07 03:06:22,Closed,Clerk_5
ENR-2024256,7500,2026-09-05 16:37:55,Closed,Clerk_3
ENR-2026012,5000,2026-09-17 22:13:35,Closed,Clerk_2
ENR-2024303,50 00,2026-09-18 18:04:25,Closed,Clerk_4
ENR-2026411,Five Thousand,2026-08-20 18:12:57,Closed,Clerk_2
ENR-2026268,7500,2026-08-21 02:40:58,Closed,Clerk_3
ENR-2025436,7500,2026-09-17 14:08:34,Closed,Clerk_1
ENR-2025762,"5,000.00",2026-09-09 17:38:37,Closed,Clerk_4
ENR-2025846,"5,000.00",2026-08-23 19:25:06,Closed,Clerk_5
ENR-2024011,Rs. 2500,2026-08-09 08:16:08,Closed,Clerk_2
ENR-2025725,Five Thousand,2026-09-04 19:32:14,Closed,Clerk_3
ENR-2025448,"Rs. 5,000",2026-09-16 21:02:42,Closed,Clerk_2
ENR-2024584,Five Thousand,2026-08-25 13:00:14,Closed,Clerk_2
ENR-2025650,"Rs. 5,000",2026-08-08 00:59:37,Closed,Clerk_5
ENR-2026301,"Rs. 5,000",2026-09-02 09:28:10,Closed,Clerk_3
ENR-2025622,Five Thousand,2026-08-27 01:05:14,Closed,Clerk_1
ENR-2025673,5000,2026-08-26 10:43:52,Closed,Clerk_1
ENR-2024496,5000,2026-08-29 13:58:14,Closed,Clerk_2
ENR-2025879,50 00,2026-09-11 06:03:31,Closed,Clerk_5
ENR-2025186,"Rs. 5,000",2026-08-15 14:57:24,Closed,Clerk_4
ENR-2025829,"Rs. 5,000",2026-08-10 22:44:54,Closed,Clerk_2
ENR-2025161,5000,2026-08-19 07:40:35,Closed,Clerk_1
ENR-2024513,50 00,2026-09-23 08:40:06,Closed,Clerk_5
ENR-2024581,Five Thousand,2026-08-06 02:05:16,Closed,Clerk_3
ENR-2026055,"Rs. 5,000",2026-08-21 12:01:49,Closed,Clerk_2
ENR-2025733,"5,000.00",2026-08-27 21:39:31,Closed,Clerk_3
ENR-2025171,50 00,2026-08-15 14:22:33,Closed,Clerk_3
ENR-2024747,7500,2026-09-05 00:11:46,Closed,Clerk_1
ENR-2025301,7500,2026-08-25 03:04:32,Closed,Clerk_2
ENR-2025684,5000,2026-09-03 11:53:40,Closed,Clerk_2
ENR-2024562,"5,000.00",2026-08-15 00:11:43,Closed,Clerk_3
ENR-2024786,50 00,2026-08-22 00:14:54,Closed,Clerk_5
ENR-2024290,5000,2026-09-23 20:29:19,Closed,Clerk_2
ENR-2025012,"Rs. 5,000",2026-09-05 03:09:27,Closed,Clerk_2
ENR-2024283,"5,000.00",2026-09-14 18:35:38,Closed,Clerk_1
ENR-2024603,5000,2026-08-12 09:05:54,Closed,Clerk_1
ENR-2024337,"5,000.00",2026-08-08 17:17:54,Closed,Clerk_5
ENR-2026436,7500,2026-08-12 05:01:14,Closed,Clerk_3
ENR-2025560,"5,000.00",2026-09-13 22:17:42,Closed,Clerk_4
ENR-2026311,"Rs. 5,000",2026-09-16 16:07:28,Closed,Clerk_3
ENR-2024854,"5,000.00",2026-08-14 20:50:20,Closed,Clerk_1
ENR-2025644,7500,2026-09-03 08:59:55,Closed,Clerk_4
ENR-2024089,"5,000.00",2026-09-04 23:47:00,Closed,Clerk_4
ENR-2025804,5000,2026-08-22 18:37:19,Closed,Clerk_1
ENR-2026281,"Rs. 5,000",2026-09-15 11:53:07,Closed,Clerk_5
ENR-2026215,5000,2026-09-01 23:00:34,Closed,Clerk_2
ENR-2024141,50 00,2026-09-06 08:56:22,Closed,Clerk_3
ENR-2024504,Rs. 2500,2026-08-17 18:34:37,Closed,Clerk_1
ENR-2024966,"Rs. 5,000",2026-09-13 20:57:23,Closed,Clerk_4
ENR-2025285,"Rs. 5,000",2026-08-06 01:29:28,Closed,Clerk_2
ENR-2024604,7500,2026-08-07 09:02:48,Closed,Clerk_3
ENR-2026404,50 00,2026-09-07 22:20:03,Closed,Clerk_5
ENR-2024692,Rs. 2500,2026-09-05 19:48:43,Closed,Clerk_2
ENR-2025738,7500,2026-09-16 22:01:43,Closed,Clerk_3
ENR-2024721,7500,2026-08-17 01:45:57,Closed,Clerk_3
ENR-2025808,"Rs. 5,000",2026-08-03 10:23:34,Closed,Clerk_2
ENR-2025504,Rs. 2500,2026-09-11 13:08:32,Closed,Clerk_1
ENR-2025146,7500,2026-09-05 20:53:42,Closed,Clerk_4
ENR-2026039,Rs. 2500,2026-08-21 17:59:53,Closed,Clerk_1
ENR-2024570,Rs. 2500,2026-08-09 22:06:35,Closed,Clerk_2
ENR-2026014,5000,2026-08-20 09:14:59,Closed,Clerk_1
ENR-2025580,"Rs. 5,000",2026-08-02 16:12:11,Closed,Clerk_3
ENR-2024868,"Rs. 5,000",2026-08-06 05:40:46,Closed,Clerk_4
ENR-2024865,7500,2026-08-17 16:46:56,Closed,Clerk_1
ENR-2025509,50 00,2026-09-08 12:09:03,Closed,Clerk_4
ENR-2025198,"5,000.00",2026-08-05 19:37:00,Closed,Clerk_5
ENR-2024654,7500,2026-08-20 17:07:57,Closed,Clerk_4
ENR-2026155,5000,2026-08-26 04:10:43,Closed,Clerk_5
ENR-2025222,7500,2026-08-12 15:05:22,Closed,Clerk_1
ENR-2025369,"5,000.00",2026-08-17 11:27:55,Closed,Clerk_2
ENR-2024150,"5,000.00",2026-09-02 04:30:50,Closed,Clerk_4
ENR-2025848,7500,2026-08-27 02:41:29,Closed,Clerk_1
ENR-2025185,7500,2026-09-03 17:58:56,Closed,Clerk_5
ENR-2024759,50 00,2026-08-26 03:24:19,Closed,Clerk_2
ENR-2025478,7500,2026-08-31 13:13:44,Closed,Clerk_3
ENR-2024120,5000,2026-09-08 05:37:55,Closed,Clerk_4
ENR-2024606,"Rs. 5,000",2026-09-14 16:16:32,Closed,Clerk_2
ENR-2024044,Rs. 2500,2026-08-04 06:05:32,Closed,Clerk_2
ENR-2024750,"5,000.00",2026-08-14 19:22:50,Closed,Clerk_2
ENR-2025031,Rs. 2500,2026-09-11 15:39:21,Closed,Clerk_2
ENR-2024473,"Rs. 5,000",2026-08-27 16:55:49,Closed,Clerk_5
ENR-2024468,5000,2026-09-01 00:19:05,Closed,Clerk_4
ENR-2025284,"5,000.00",2026-08-13 08:56:12,Closed,Clerk_5
ENR-2024132,Rs. 2500,2026-08-16 17:07:51,Closed,Clerk_2
ENR-2024173,5000,2026-09-15 11:20:50,Closed,Clerk_1
ENR-2026470,Rs. 2500,2026-08-15 02:13:47,Closed,Clerk_3
ENR-2025180,Five Thousand,2026-08-03 07:20:14,Closed,Clerk_3
ENR-2024588,5000,2026-08-27 11:38:11,Closed,Clerk_5
ENR-2026179,Five Thousand,2026-08-22 11:49:50,Closed,Clerk_5
ENR-2026040,50 00,2026-09-24 13:27:28,Closed,Clerk_5
ENR-2024273,Five Thousand,2026-08-22 14:10:05,Closed,Clerk_3
ENR-2025981,5000,2026-09-12 11:16:51,Closed,Clerk_5
ENR-2025796,7500,2026-08-15 04:20:08,Closed,Clerk_1
ENR-2025920,5000,2026-09-20 16:41:48,Closed,Clerk_5
ENR-2024323,"5,000.00",2026-08-04 12:48:52,Closed,Clerk_5
ENR-2025446,"5,000.00",2026-09-21 14:43:08,Closed,Clerk_5
ENR-2026335,"Rs. 5,000",2026-08-03 23:47:46,Closed,Clerk_4
ENR-2025620,7500,2026-08-16 23:30:19,Closed,Clerk_3
ENR-2026437,7500,2026-09-15 10:54:38,Closed,Clerk_1
ENR-2024522,Five Thousand,2026-09-12 14:28:55,Closed,Clerk_2
ENR-2025653,Rs. 2500,2026-08-08 16:38:52,Closed,Clerk_5
ENR-2025179,50 00,2026-09-07 04:33:02,Closed,Clerk_3
ENR-2024453,7500,2026-09-14 13:49:22,Closed,Clerk_4
ENR-2025192,50 00,2026-09-21 23:30:27,Closed,Clerk_5
ENR-2025066,5000,2026-09-08 20:32:05,Closed,Clerk_4
ENR-2025121,Rs. 2500,2026-09-01 02:02:42,Closed,Clerk_2
ENR-2026374,5000,2026-09-15 23:37:40,Closed,Clerk_5
ENR-2024801,Rs. 2500,2026-09-12 09:50:43,Closed,Clerk_1
ENR-2024367,"5,000.00",2026-08-05 17:58:14,Closed,Clerk_5
ENR-2025697,"5,000.00",2026-09-19 12:30:09,Closed,Clerk_4
ENR-2025239,Rs. 2500,2026-09-18 20:50:26,Closed,Clerk_1
ENR-2025716,Rs. 2500,2026-08-22 09:49:48,Closed,Clerk_4
ENR-2025534,"Rs. 5,000",2026-09-20 01:39:45,Closed,Clerk_3
ENR-2024571,Five Thousand,2026-09-05 00:01:10,Closed,Clerk_3
ENR-2025374,5000,2026-09-05 22:30:27,Closed,Clerk_5
ENR-2025707,Rs. 2500,2026-08-26 18:43:33,Closed,Clerk_3
ENR-2024898,Rs. 2500,2026-08-29 05:33:09,Closed,Clerk_4
ENR-2025026,7500,2026-09-14 13:51:06,Closed,Clerk_5
ENR-2024469,5000,2026-08-30 19:48:49,Closed,Clerk_1
ENR-2025370,"5,000.00",2026-08-25 21:19:09,Closed,Clerk_2
ENR-2025102,"5,000.00",2026-09-21 03:50:52,Closed,Clerk_4
ENR-2025936,Five Thousand,2026-09-15 22:16:33,Closed,Clerk_5
ENR-2025895,7500,2026-08-13 02:21:44,Closed,Clerk_5
