student_id,enrollment_number,official_email,personal_email,student_name,department,program,year,active_status
24bcs10001,ENR-2024001,24bcs10001@university.edu,student.test1@gmail.com,Student 1,Civil,B.Tech,2024,Inactive
24bcs10002,ENR-2024002,24bcs10002@university.edu,student.test2@gmail.com,Student 2,Computer Science,B.Tech,2024,Active
24bcs10003,ENR-2024003,24bcs10003@university.edu,student.test3@gmail.com,Student 3,Electronics,B.Tech,2024,Inactive
24bcs10004,ENR-2024004,24bcs10004@university.edu,student.test4@gmail.com,Student 4,Mechanical,B.Tech,2024,Active
24bcs10005,ENR-2024005,24bcs10005@university.edu,student.test5@gmail.com,Student 5,Computer Science,B.Tech,2024,Active
24bcs10006,ENR-2024006,24bcs10006@university.edu,student.test6@gmail.com,Student 6,Mechanical,B.Tech,2024,Active
24bcs10007,ENR-2024007,24bcs10007@university.edu,student.test7@gmail.com,Student 7,Electronics,B.Tech,2024,Active
24bcs10008,ENR-2024008,24bcs10008@university.edu,student.test8@gmail.com,Student 8,Computer Science,B.Tech,2024,Active
24bcs10009,ENR-2024009,24bcs10009@university.edu,student.test9@gmail.com,Student 9,Electronics,B.Tech,2024,Active
24bcs10010,ENR-2024010,24bcs10010@university.edu,student.test10@gmail.com,Student 10,Mechanical,B.Tech,2024,Active
24bcs10011,ENR-2024011,24bcs10011@university.edu,student.test11@gmail.com,Student 11,Computer Science,B.Tech,2024,Active
24bcs10012,ENR-2024012,24bcs10012@university.edu,student.test12@gmail.com,Student 12,Mechanical,B.Tech,2024,Active
24bcs10013,ENR-2024013,24bcs10013@university.edu,student.test13@gmail.com,Student 13,Electronics,B.Tech,2024,Active
24bcs10014,ENR-2024014,24bcs10014@university.edu,student.test14@gmail.com,Student 14,Computer Science,B.Tech,2024,Active
24bcs10015,ENR-2024015,24bcs10015@university.edu,student.test15@gmail.com,Student 15,Mechanical,B.Tech,2024,Active
24bcs10016,ENR-2024016,24bcs10016@university.edu,student.test16@gmail.com,Student 16,Electronics,B.Tech,2024,Inactive
24bcs10017,ENR-2024017,24bcs10017@university.edu,student.test17@gmail.com,Student 17,Computer Science,B.Tech,2024,Active
24bcs10018,ENR-2024018,24bcs10018@university.edu,student.test18@gmail.com,Student 18,Electronics,B.Tech,2024,Active
24bcs10019,ENR-2024019,24bcs10019@university.edu,student.test19@gmail.com,Student 19,Mechanical,B.Tech,2024,Active
24bcs10020,ENR-2024020,24bcs10020@university.edu,student.test20@gmail.com,Student 20,Computer Science,B.Tech,2024,Inactive
24bcs10021,ENR-2024021,24bcs10021@university.edu,student.test21@gmail.com,Student 21,Computer Science,B.Tech,2024,Inactive
24bcs10022,ENR-2024022,24bcs10022@university.edu,student.test22@gmail.com,Student 22,Civil,B.Tech,2024,Active
24bcs10023,ENR-2024023,24bcs10023@university.edu,student.test23@gmail.com,Student 23,Computer Science,B.Tech,2024,Inactive
24bcs10024,ENR-2024024,24bcs10024@university.edu,,Student 24,Computer Science,B.Tech,2024,Inactive
24bcs10025,ENR-2024025,24bcs10025@university.edu,student.test25@gmail.com,Student 25,Civil,B.Tech,2024,Active
24bcs10026,ENR-2024026,24bcs10026@university.edu,student.test26@gmail.com,Student 26,Civil,B.Tech,2024,Active
24bcs10027,ENR-2024027,24bcs10027@university.edu,student.test27@gmail.com,Student 27,Electronics,B.Tech,2024,Active
24bcs10028,ENR-2024028,24bcs10028@university.edu,student.test28@gmail.com,Student 28,Mechanical,B.Tech,2024,Active
24bcs10029,ENR-2024029,24bcs10029@university.edu,student.test29@gmail.com,Student 29,Computer Science,B.Tech,2024,Inactive
24bcs10030,ENR-2024030,24bcs10030@university.edu,student.test30@gmail.com,Student 30,Electronics,B.Tech,2024,Active
24bcs10031,ENR-2024031,24bcs10031@university.edu,student.test31@gmail.com,Student 31,Computer Science,B.Tech,2024,Active
24bcs10032,ENR-2024032,24bcs10032@university.edu,student.test32@gmail.com,Student 32,Civil,B.Tech,2024,Active
24bcs10033,ENR-2024033,24bcs10033@university.edu,student.test33@gmail.com,Student 33,Mechanical,B.Tech,2024,Active
24bcs10034,ENR-2024034,24bcs10034@university.edu,,Student 34,Civil,B.Tech,2024,Inactive
24bcs10035,ENR-2024035,24bcs10035@university.edu,student.test35@gmail.com,Student 35,Civil,B.Tech,2024,Inactive
24bcs10036,ENR-2024036,24bcs10036@university.edu,student.test36@gmail.com,Student 36,Mechanical,B.Tech,2024,Active
24bcs10037,ENR-2024037,24bcs10037@university.edu,,Student 37,Electronics,B.Tech,2024,Active
24bcs10038,ENR-2024038,24bcs10038@university.edu,student.test38@gmail.com,Student 38,Mechanical,B.Tech,2024,Active
24bcs10039,ENR-2024039,24bcs10039@university.edu,student.test39@gmail.com,Student 39,Mechanical,B.Tech,2024,Inactive
24bcs10040,ENR-2024040,24bcs10040@university.edu,student.test40@gmail.com,Student 40,Electronics,B.Tech,2024,Active
24bcs10041,ENR-2024041,24bcs10041@university.edu,student.test41@gmail.com,Student 41,Electronics,B.Tech,2024,Active
24bcs10042,ENR-2024042,24bcs10042@university.edu,student.test42@gmail.com,Student 42,Civil,B.Tech,2024,Active
24bcs10043,ENR-2024043,24bcs10043@university.edu,student.test43@gmail.com,Student 43,Civil,B.Tech,2024,Active
24bcs10044,ENR-2024044,24bcs10044@university.edu,student.test44@gmail.com,Student 44,Computer Science,B.Tech,2024,Active
24bcs10045,ENR-2024045,24bcs10045@university.edu,student.test45@gmail.com,Student 45,Civil,B.Tech,2024,Active
24bcs10046,ENR-2024046,24bcs10046@university.edu,student.test46@gmail.com,Student 46,Civil,B.Tech,2024,Inactive
24bcs10047,ENR-2024047,24bcs10047@university.edu,student.test47@gmail.com,Student 47,Computer Science,B.Tech,2024,Inactive
24bcs10048,ENR-2024048,24bcs10048@university.edu,student.test48@gmail.com,Student 48,Civil,B.Tech,2024,Active
24bcs10049,ENR-2024049,24bcs10049@university.edu,student.test49@gmail.com,Student 49,Civil,B.Tech,2024,Active
24bcs10050,ENR-2024050,24bcs10050@university.edu,student.test50@gmail.com,Student 50,Electronics,B.Tech,2024,Active
24bcs10051,ENR-2024051,24bcs10051@university.edu,student.test51@gmail.com,Student 51,Mechanical,B.Tech,2024,Inactive
24bcs10052,ENR-2024052,24bcs10052@university.edu,student.test52@gmail.com,Student 52,Civil,B.Tech,2024,Inactive
24bcs10053,ENR-2024053,24bcs10053@university.edu,student.test53@gmail.com,Student 53,Computer Science,B.Tech,2024,Inactive
24bcs10054,ENR-2024054,24bcs10054@university.edu,student.test54@gmail.com,Student 54,Mechanical,B.Tech,2024,Active
24bcs10055,ENR-2024055,24bcs10055@university.edu,student.test55@gmail.com,Student 55,Civil,B.Tech,2024,Inactive
24bcs10056,ENR-2024056,24bcs10056@university.edu,student.test56@gmail.com,Student 56,Electronics,B.Tech,2024,Active
24bcs10057,ENR-2024057,24bcs10057@university.edu,student.test57@gmail.com,Student 57,Civil,B.Tech,2024,Active
24bcs10058,ENR-2024058,24bcs10058@university.edu,student.test58@gmail.com,Student 58,Civil,B.Tech,2024,Active
24bcs10059,ENR-2024059,24bcs10059@university.edu,,Student 59,Electronics,B.Tech,2024,Active
24bcs10060,ENR-2024060,24bcs10060@university.edu,student.test60@gmail.com,Student 60,Civil,B.Tech,2024,Inactive
24bcs10061,ENR-2024061,24bcs10061@university.edu,student.test61@gmail.com,Student 61,Civil,B.Tech,2024,Active
24bcs10062,ENR-2024062,24bcs10062@university.edu,student.test62@gmail.com,Student 62,Computer Science,B.Tech,2024,Active
24bcs10063,ENR-2024063,24bcs10063@university.edu,student.test63@gmail.com,Student 63,Mechanical,B.Tech,2024,Active
24bcs10064,ENR-2024064,24bcs10064@university.edu,student.test64@gmail.com,Student 64,Mechanical,B.Tech,2024,Active
24bcs10065,ENR-2024065,24bcs10065@university.edu,student.test65@gmail.com,Student 65,Electronics,B.Tech,2024,Inactive
24bcs10066,ENR-2024066,24bcs10066@university.edu,student.test66@gmail.com,Student 66,Computer Science,B.Tech,2024,Active
24bcs10067,ENR-2024067,24bcs10067@university.edu,student.test67@gmail.com,Student 67,Mechanical,B.Tech,2024,Active
24bcs10068,ENR-2024068,24bcs10068@university.edu,student.test68@gmail.com,Student 68,Computer Science,B.Tech,2024,Active
24bcs10069,ENR-2024069,24bcs10069@university.edu,student.test69@gmail.com,Student 69,Civil,B.Tech,2024,Active
24bcs10070,ENR-2024070,24bcs10070@university.edu,student.test70@gmail.com,Student 70,Computer Science,B.Tech,2024,Inactive
24bcs10071,ENR-2024071,24bcs10071@university.edu,student.test71@gmail.com,Student 71,Mechanical,B.Tech,2024,Active
24bcs10072,ENR-2024072,24bcs10072@university.edu,student.test72@gmail.com,Student 72,Civil,B.Tech,2024,Active
24bcs10073,ENR-2024073,24bcs10073@university.edu,student.test73@gmail.com,Student 73,Mechanical,B.Tech,2024,Inactive
24bcs10074,ENR-2024074,24bcs10074@university.edu,student.test74@gmail.com,Student 74,Computer Science,B.Tech,2024,Active
24bcs10075,ENR-2024075,24bcs10075@university.edu,student.test75@gmail.com,Student 75,Civil,B.Tech,2024,Active
24bcs10076,ENR-2024076,24bcs10076@university.edu,student.test76@gmail.com,Student 76,Civil,B.Tech,2024,Active
24bcs10077,ENR-2024077,24bcs10077@university.edu,student.test77@gmail.com,Student 77,Computer Science,B.Tech,2024,Inactive
24bcs10078,ENR-2024078,24bcs10078@university.edu,student.test78@gmail.com,Student 78,Electronics,B.Tech,2024,Active
24bcs10079,ENR-2024079,24bcs10079@university.edu,student.test79@gmail.com,Student 79,Computer Science,B.Tech,2024,Active
24bcs10080,ENR-2024080,24bcs10080@university.edu,student.test80@gmail.com,Student 80,Computer Science,B.Tech,2024,Inactive
24bcs10081,ENR-2024081,24bcs10081@university.edu,student.test81@gmail.com,Student 81,Electronics,B.Tech,2024,Inactive
24bcs10082,ENR-2024082,24bcs10082@university.edu,,Student 82,Electronics,B.Tech,2024,Active
24bcs10083,ENR-2024083,24bcs10083@university.edu,student.test83@gmail.com,Student 83,Computer Science,B.Tech,2024,Inactive
24bcs10084,ENR-2024084,24bcs10084@university.edu,,Student 84,Electronics,B.Tech,2024,Active
24bcs10085,ENR-2024085,24bcs10085@university.edu,student.test85@gmail.com,Student 85,Civil,B.Tech,2024,Active
24bcs10086,ENR-2024086,24bcs10086@university.edu,student.test86@gmail.com,Student 86,Mechanical,B.Tech,2024,Active
24bcs10087,ENR-2024087,24bcs10087@university.edu,student.test87@gmail.com,Student 87,Civil,B.Tech,2024,Active
24bcs10088,ENR-2024088,24bcs10088@university.edu,student.test88@gmail.com,Student 88,Civil,B.Tech,2024,Active
24bcs10089,ENR-2024089,24bcs10089@university.edu,student.test89@gmail.com,Student 89,Electronics,B.Tech,2024,Active
24bcs10090,ENR-2024090,24bcs10090@university.edu,student.test90@gmail.com,Student 90,Mechanical,B.Tech,2024,Active
24bcs10091,ENR-2024091,24bcs10091@university.edu,student.test91@gmail.com,Student 91,Civil,B.Tech,2024,Active
24bcs10092,ENR-2024092,24bcs10092@university.edu,student.test92@gmail.com,Student 92,Mechanical,B.Tech,2024,Inactive
24bcs10093,ENR-2024093,24bcs10093@university.edu,student.test93@gmail.com,Student 93,Electronics,B.Tech,2024,Active
24bcs10094,ENR-2024094,24bcs10094@university.edu,student.test94@gmail.com,Student 94,Computer Science,B.Tech,2024,Active
24bcs10095,ENR-2024095,24bcs10095@university.edu,student.test95@gmail.com,Student 95,Mechanical,B.Tech,2024,Active
24bcs10096,ENR-2024096,24bcs10096@university.edu,student.test96@gmail.com,Student 96,Mechanical,B.Tech,2024,Active
24bcs10097,ENR-2024097,24bcs10097@university.edu,student.test97@gmail.com,Student 97,Mechanical,B.Tech,2024,Active
24bcs10098,ENR-2024098,24bcs10098@university.edu,student.test98@gmail.com,Student 98,Mechanical,B.Tech,2024,Active
24bcs10099,ENR-2024099,24bcs10099@university.edu,student.test99@gmail.com,Student 99,Computer Science,B.Tech,2024,Active
24bcs10100,ENR-2024100,24bcs10100@university.edu,student.test100@gmail.com,Student 100,Civil,B.Tech,2024,Active
24bcs10101,ENR-2024101,24bcs10101@university.edu,student.test101@gmail.com,Student 101,Civil,B.Tech,2024,Active
24bcs10102,ENR-2024102,24bcs10102@university.edu,student.test102@gmail.com,Student 102,Electronics,B.Tech,2024,Active
24bcs10103,ENR-2024103,24bcs10103@university.edu,student.test103@gmail.com,Student 103,Mechanical,B.Tech,2024,Inactive
24bcs10104,ENR-2024104,24bcs10104@university.edu,student.test104@gmail.com,Student 104,Computer Science,B.Tech,2024,Active
24bcs10105,ENR-2024105,24bcs10105@university.edu,student.test105@gmail.com,Student 105,Civil,B.Tech,2024,Active
24bcs10106,ENR-2024106,24bcs10106@university.edu,student.test106@gmail.com,Student 106,Computer Science,B.Tech,2024,Inactive
24bcs10107,ENR-2024107,24bcs10107@university.edu,student.test107@gmail.com,Student 107,Computer Science,B.Tech,2024,Active
24bcs10108,ENR-2024108,24bcs10108@university.edu,student.test108@gmail.com,Student 108,Computer Science,B.Tech,2024,Active
24bcs10109,ENR-2024109,24bcs10109@university.edu,student.test109@gmail.com,Student 109,Electronics,B.Tech,2024,Active
24bcs10110,ENR-2024110,24bcs10110@university.edu,,Student 110,Civil,B.Tech,2024,Active
24bcs10111,ENR-2024111,24bcs10111@university.edu,student.test111@gmail.com,Student 111,Electronics,B.Tech,2024,Active
24bcs10112,ENR-2024112,24bcs10112@university.edu,student.test112@gmail.com,Student 112,Mechanical,B.Tech,2024,Active
24bcs10113,ENR-2024113,24bcs10113@university.edu,student.test113@gmail.com,Student 113,Computer Science,B.Tech,2024,Active
24bcs10114,ENR-2024114,24bcs10114@university.edu,student.test114@gmail.com,Student 114,Mechanical,B.Tech,2024,Inactive
24bcs10115,ENR-2024115,24bcs10115@university.edu,student.test115@gmail.com,Student 115,Civil,B.Tech,2024,Active
24bcs10116,ENR-2024116,24bcs10116@university.edu,student.test116@gmail.com,Student 116,Mechanical,B.Tech,2024,Inactive
24bcs10117,ENR-2024117,24bcs10117@university.edu,student.test117@gmail.com,Student 117,Computer Science,B.Tech,2024,Active
24bcs10118,ENR-2024118,24bcs10118@university.edu,student.test118@gmail.com,Student 118,Computer Science,B.Tech,2024,Active
24bcs10119,ENR-2024119,24bcs10119@university.edu,student.test119@gmail.com,Student 119,Electronics,B.Tech,2024,Active
24bcs10120,ENR-2024120,24bcs10120@university.edu,student.test120@gmail.com,Student 120,Mechanical,B.Tech,2024,Active
24bcs10121,ENR-2024121,24bcs10121@university.edu,student.test121@gmail.com,Student 121,Computer Science,B.Tech,2024,Active
24bcs10122,ENR-2024122,24bcs10122@university.edu,student.test122@gmail.com,Student 122,Mechanical,B.Tech,2024,Active
24bcs10123,ENR-2024123,24bcs10123@university.edu,student.test123@gmail.com,Student 123,Electronics,B.Tech,2024,Inactive
24bcs10124,ENR-2024124,24bcs10124@university.edu,student.test124@gmail.com,Student 124,Electronics,B.Tech,2024,Active
24bcs10125,ENR-2024125,24bcs10125@university.edu,student.test125@gmail.com,Student 125,Civil,B.Tech,2024,Active
24bcs10126,ENR-2024126,24bcs10126@university.edu,student.test126@gmail.com,Student 126,Mechanical,B.Tech,2024,Inactive
24bcs10127,ENR-2024127,24bcs10127@university.edu,student.test127@gmail.com,Student 127,Mechanical,B.Tech,2024,Active
24bcs10128,ENR-2024128,24bcs10128@university.edu,,Student 128,Civil,B.Tech,2024,Active
24bcs10129,ENR-2024129,24bcs10129@university.edu,student.test129@gmail.com,Student 129,Civil,B.Tech,2024,Active
24bcs10130,ENR-2024130,24bcs10130@university.edu,student.test130@gmail.com,Student 130,Electronics,B.Tech,2024,Active
24bcs10131,ENR-2024131,24bcs10131@university.edu,student.test131@gmail.com,Student 131,Civil,B.Tech,2024,Active
24bcs10132,ENR-2024132,24bcs10132@university.edu,student.test132@gmail.com,Student 132,Computer Science,B.Tech,2024,Active
24bcs10133,ENR-2024133,24bcs10133@university.edu,student.test133@gmail.com,Student 133,Mechanical,B.Tech,2024,Active
24bcs10134,ENR-2024134,24bcs10134@university.edu,student.test134@gmail.com,Student 134,Electronics,B.Tech,2024,Active
24bcs10135,ENR-2024135,24bcs10135@university.edu,,Student 135,Computer Science,B.Tech,2024,Active
24bcs10136,ENR-2024136,24bcs10136@university.edu,student.test136@gmail.com,Student 136,Civil,B.Tech,2024,Active
24bcs10137,ENR-2024137,24bcs10137@university.edu,student.test137@gmail.com,Student 137,Electronics,B.Tech,2024,Inactive
24bcs10138,ENR-2024138,24bcs10138@university.edu,student.test138@gmail.com,Student 138,Civil,B.Tech,2024,Active
24bcs10139,ENR-2024139,24bcs10139@university.edu,student.test139@gmail.com,Student 139,Mechanical,B.Tech,2024,Active
24bcs10140,ENR-2024140,24bcs10140@university.edu,student.test140@gmail.com,Student 140,Computer Science,B.Tech,2024,Active
24bcs10141,ENR-2024141,24bcs10141@university.edu,student.test141@gmail.com,Student 141,Computer Science,B.Tech,2024,Active
24bcs10142,ENR-2024142,24bcs10142@university.edu,student.test142@gmail.com,Student 142,Electronics,B.Tech,2024,Active
24bcs10143,ENR-2024143,24bcs10143@university.edu,student.test143@gmail.com,Student 143,Electronics,B.Tech,2024,Active
24bcs10144,ENR-2024144,24bcs10144@university.edu,student.test144@gmail.com,Student 144,Mechanical,B.Tech,2024,Inactive
24bcs10145,ENR-2024145,24bcs10145@university.edu,student.test145@gmail.com,Student 145,Computer Science,B.Tech,2024,Inactive
24bcs10146,ENR-2024146,24bcs10146@university.edu,student.test146@gmail.com,Student 146,Electronics,B.Tech,2024,Active
24bcs10147,ENR-2024147,24bcs10147@university.edu,student.test147@gmail.com,Student 147,Mechanical,B.Tech,2024,Active
24bcs10148,ENR-2024148,24bcs10148@university.edu,student.test148@gmail.com,Student 148,Mechanical,B.Tech,2024,Active
24bcs10149,ENR-2024149,24bcs10149@university.edu,student.test149@gmail.com,Student 149,Civil,B.Tech,2024,Active
24bcs10150,ENR-2024150,24bcs10150@university.edu,student.test150@gmail.com,Student 150,Electronics,B.Tech,2024,Active
24bcs10151,ENR-2024151,24bcs10151@university.edu,student.test151@gmail.com,Student 151,Electronics,B.Tech,2024,Active
24bcs10152,ENR-2024152,24bcs10152@university.edu,student.test152@gmail.com,Student 152,Civil,B.Tech,2024,Active
24bcs10153,ENR-2024153,24bcs10153@university.edu,student.test153@gmail.com,Student 153,Mechanical,B.Tech,2024,Active
24bcs10154,ENR-2024154,24bcs10154@university.edu,student.test154@gmail.com,Student 154,Computer Science,B.Tech,2024,Active
24bcs10155,ENR-2024155,24bcs10155@university.edu,student.test155@gmail.com,Student 155,Mechanical,B.Tech,2024,Active
24bcs10156,ENR-2024156,24bcs10156@university.edu,student.test156@gmail.com,Student 156,Electronics,B.Tech,2024,Active
24bcs10157,ENR-2024157,24bcs10157@university.edu,student.test157@gmail.com,Student 157,Civil,B.Tech,2024,Active
24bcs10158,ENR-2024158,24bcs10158@university.edu,student.test158@gmail.com,Student 158,Civil,B.Tech,2024,Inactive
24bcs10159,ENR-2024159,24bcs10159@university.edu,student.test159@gmail.com,Student 159,Computer Science,B.Tech,2024,Active
24bcs10160,ENR-2024160,24bcs10160@university.edu,student.test160@gmail.com,Student 160,Mechanical,B.Tech,2024,Inactive
24bcs10161,ENR-2024161,24bcs10161@university.edu,student.test161@gmail.com,Student 161,Mechanical,B.Tech,2024,Active
24bcs10162,ENR-2024162,24bcs10162@university.edu,student.test162@gmail.com,Student 162,Mechanical,B.Tech,2024,Active
24bcs10163,ENR-2024163,24bcs10163@university.edu,student.test163@gmail.com,Student 163,Electronics,B.Tech,2024,Inactive
24bcs10164,ENR-2024164,24bcs10164@university.edu,student.test164@gmail.com,Student 164,Mechanical,B.Tech,2024,Inactive
24bcs10165,ENR-2024165,24bcs10165@university.edu,student.test165@gmail.com,Student 165,Electronics,B.Tech,2024,Inactive
24bcs10166,ENR-2024166,24bcs10166@university.edu,student.test166@gmail.com,Student 166,Civil,B.Tech,2024,Active
24bcs10167,ENR-2024167,24bcs10167@university.edu,student.test167@gmail.com,Student 167,Computer Science,B.Tech,2024,Active
24bcs10168,ENR-2024168,24bcs10168@university.edu,,Student 168,Mechanical,B.Tech,2024,Inactive
24bcs10169,ENR-2024169,24bcs10169@university.edu,student.test169@gmail.com,Student 169,Mechanical,B.Tech,2024,Active
24bcs10170,ENR-2024170,24bcs10170@university.edu,student.test170@gmail.com,Student 170,Computer Science,B.Tech,2024,Active
24bcs10171,ENR-2024171,24bcs10171@university.edu,student.test171@gmail.com,Student 171,Civil,B.Tech,2024,Active
24bcs10172,ENR-2024172,24bcs10172@university.edu,student.test172@gmail.com,Student 172,Electronics,B.Tech,2024,Active
24bcs10173,ENR-2024173,24bcs10173@university.edu,student.test173@gmail.com,Student 173,Computer Science,B.Tech,2024,Active
24bcs10174,ENR-2024174,24bcs10174@university.edu,student.test174@gmail.com,Student 174,Mechanical,B.Tech,2024,Inactive
24bcs10175,ENR-2024175,24bcs10175@university.edu,student.test175@gmail.com,Student 175,Civil,B.Tech,2024,Active
24bcs10176,ENR-2024176,24bcs10176@university.edu,student.test176@gmail.com,Student 176,Electronics,B.Tech,2024,Inactive
24bcs10177,ENR-2024177,24bcs10177@university.edu,student.test177@gmail.com,Student 177,Electronics,B.Tech,2024,Active
24bcs10178,ENR-2024178,24bcs10178@university.edu,student.test178@gmail.com,Student 178,Electronics,B.Tech,2024,Active
24bcs10179,ENR-2024179,24bcs10179@university.edu,student.test179@gmail.com,Student 179,Computer Science,B.Tech,2024,Active
24bcs10180,ENR-2024180,24bcs10180@university.edu,student.test180@gmail.com,Student 180,Computer Science,B.Tech,2024,Active
24bcs10181,ENR-2024181,24bcs10181@university.edu,student.test181@gmail.com,Student 181,Mechanical,B.Tech,2024,Active
24bcs10182,ENR-2024182,24bcs10182@university.edu,student.test182@gmail.com,Student 182,Mechanical,B.Tech,2024,Active
24bcs10183,ENR-2024183,24bcs10183@university.edu,student.test183@gmail.com,Student 183,Electronics,B.Tech,2024,Active
24bcs10184,ENR-2024184,24bcs10184@university.edu,student.test184@gmail.com,Student 184,Electronics,B.Tech,2024,Active
24bcs10185,ENR-2024185,24bcs10185@university.edu,student.test185@gmail.com,Student 185,Computer Science,B.Tech,2024,Inactive
24bcs10186,ENR-2024186,24bcs10186@university.edu,student.test186@gmail.com,Student 186,Computer Science,B.Tech,2024,Active
24bcs10187,ENR-2024187,24bcs10187@university.edu,student.test187@gmail.com,Student 187,Civil,B.Tech,2024,Active
24bcs10188,ENR-2024188,24bcs10188@university.edu,student.test188@gmail.com,Student 188,Mechanical,B.Tech,2024,Active
24bcs10189,ENR-2024189,24bcs10189@university.edu,student.test189@gmail.com,Student 189,Civil,B.Tech,2024,Inactive
24bcs10190,ENR-2024190,24bcs10190@university.edu,student.test190@gmail.com,Student 190,Computer Science,B.Tech,2024,Active
24bcs10191,ENR-2024191,24bcs10191@university.edu,student.test191@gmail.com,Student 191,Computer Science,B.Tech,2024,Active
24bcs10192,ENR-2024192,24bcs10192@university.edu,student.test192@gmail.com,Student 192,Civil,B.Tech,2024,Inactive
24bcs10193,ENR-2024193,24bcs10193@university.edu,student.test193@gmail.com,Student 193,Civil,B.Tech,2024,Active
24bcs10194,ENR-2024194,24bcs10194@university.edu,student.test194@gmail.com,Student 194,Mechanical,B.Tech,2024,Active
24bcs10195,ENR-2024195,24bcs10195@university.edu,student.test195@gmail.com,Student 195,Mechanical,B.Tech,2024,Active
24bcs10196,ENR-2024196,24bcs10196@university.edu,student.test196@gmail.com,Student 196,Electronics,B.Tech,2024,Active
24bcs10197,ENR-2024197,24bcs10197@university.edu,student.test197@gmail.com,Student 197,Electronics,B.Tech,2024,Active
24bcs10198,ENR-2024198,24bcs10198@university.edu,student.test198@gmail.com,Student 198,Electronics,B.Tech,2024,Active
24bcs10199,ENR-2024199,24bcs10199@university.edu,student.test199@gmail.com,Student 199,Electronics,B.Tech,2024,Active
24bcs10200,ENR-2024200,24bcs10200@university.edu,student.test200@gmail.com,Student 200,Civil,B.Tech,2024,Active
24bcs10201,ENR-2024201,24bcs10201@university.edu,student.test201@gmail.com,Student 201,Mechanical,B.Tech,2024,Active
24bcs10202,ENR-2024202,24bcs10202@university.edu,student.test202@gmail.com,Student 202,Computer Science,B.Tech,2024,Active
24bcs10203,ENR-2024203,24bcs10203@university.edu,student.test203@gmail.com,Student 203,Civil,B.Tech,2024,Active
24bcs10204,ENR-2024204,24bcs10204@university.edu,student.test204@gmail.com,Student 204,Civil,B.Tech,2024,Active
24bcs10205,ENR-2024205,24bcs10205@university.edu,student.test205@gmail.com,Student 205,Civil,B.Tech,2024,Active
24bcs10206,ENR-2024206,24bcs10206@university.edu,student.test206@gmail.com,Student 206,Civil,B.Tech,2024,Active
24bcs10207,ENR-2024207,24bcs10207@university.edu,student.test207@gmail.com,Student 207,Civil,B.Tech,2024,Active
24bcs10208,ENR-2024208,24bcs10208@university.edu,student.test208@gmail.com,Student 208,Electronics,B.Tech,2024,Active
24bcs10209,ENR-2024209,24bcs10209@university.edu,student.test209@gmail.com,Student 209,Mechanical,B.Tech,2024,Active
24bcs10210,ENR-2024210,24bcs10210@university.edu,student.test210@gmail.com,Student 210,Mechanical,B.Tech,2024,Active
24bcs10211,ENR-2024211,24bcs10211@university.edu,student.test211@gmail.com,Student 211,Mechanical,B.Tech,2024,Inactive
24bcs10212,ENR-2024212,24bcs10212@university.edu,student.test212@gmail.com,Student 212,Computer Science,B.Tech,2024,Active
24bcs10213,ENR-2024213,24bcs10213@university.edu,student.test213@gmail.com,Student 213,Computer Science,B.Tech,2024,Inactive
24bcs10214,ENR-2024214,24bcs10214@university.edu,student.test214@gmail.com,Student 214,Civil,B.Tech,2024,Active
24bcs10215,ENR-2024215,24bcs10215@university.edu,student.test215@gmail.com,Student 215,Computer Science,B.Tech,2024,Active
24bcs10216,ENR-2024216,24bcs10216@university.edu,student.test216@gmail.com,Student 216,Civil,B.Tech,2024,Active
24bcs10217,ENR-2024217,24bcs10217@university.edu,student.test217@gmail.com,Student 217,Mechanical,B.Tech,2024,Active
24bcs10218,ENR-2024218,24bcs10218@university.edu,student.test218@gmail.com,Student 218,Civil,B.Tech,2024,Active
24bcs10219,ENR-2024219,24bcs10219@university.edu,student.test219@gmail.com,Student 219,Electronics,B.Tech,2024,Inactive
24bcs10220,ENR-2024220,24bcs10220@university.edu,student.test220@gmail.com,Student 220,Civil,B.Tech,2024,Active
24bcs10221,ENR-2024221,24bcs10221@university.edu,student.test221@gmail.com,Student 221,Civil,B.Tech,2024,Active
24bcs10222,ENR-2024222,24bcs10222@university.edu,student.test222@gmail.com,Student 222,Computer Science,B.Tech,2024,Active
24bcs10223,ENR-2024223,24bcs10223@university.edu,student.test223@gmail.com,Student 223,Mechanical,B.Tech,2024,Inactive
24bcs10224,ENR-2024224,24bcs10224@university.edu,student.test224@gmail.com,Student 224,Electronics,B.Tech,2024,Inactive
24bcs10225,ENR-2024225,24bcs10225@university.edu,student.test225@gmail.com,Student 225,Computer Science,B.Tech,2024,Inactive
24bcs10226,ENR-2024226,24bcs10226@university.edu,student.test226@gmail.com,Student 226,Civil,B.Tech,2024,Inactive
24bcs10227,ENR-2024227,24bcs10227@university.edu,,Student 227,Mechanical,B.Tech,2024,Active
24bcs10228,ENR-2024228,24bcs10228@university.edu,student.test228@gmail.com,Student 228,Civil,B.Tech,2024,Inactive
24bcs10229,ENR-2024229,24bcs10229@university.edu,student.test229@gmail.com,Student 229,Mechanical,B.Tech,2024,Active
24bcs10230,ENR-2024230,24bcs10230@university.edu,student.test230@gmail.com,Student 230,Civil,B.Tech,2024,Active
24bcs10231,ENR-2024231,24bcs10231@university.edu,student.test231@gmail.com,Student 231,Mechanical,B.Tech,2024,Active
24bcs10232,ENR-2024232,24bcs10232@university.edu,,Student 232,Civil,B.Tech,2024,Active
24bcs10233,ENR-2024233,24bcs10233@university.edu,student.test233@gmail.com,Student 233,Electronics,B.Tech,2024,Active
24bcs10234,ENR-2024234,24bcs10234@university.edu,student.test234@gmail.com,Student 234,Civil,B.Tech,2024,Active
24bcs10235,ENR-2024235,24bcs10235@university.edu,student.test235@gmail.com,Student 235,Civil,B.Tech,2024,Active
24bcs10236,ENR-2024236,24bcs10236@university.edu,student.test236@gmail.com,Student 236,Computer Science,B.Tech,2024,Inactive
24bcs10237,ENR-2024237,24bcs10237@university.edu,student.test237@gmail.com,Student 237,Civil,B.Tech,2024,Active
24bcs10238,ENR-2024238,24bcs10238@university.edu,student.test238@gmail.com,Student 238,Electronics,B.Tech,2024,Active
24bcs10239,ENR-2024239,24bcs10239@university.edu,student.test239@gmail.com,Student 239,Electronics,B.Tech,2024,Active
24bcs10240,ENR-2024240,24bcs10240@university.edu,student.test240@gmail.com,Student 240,Electronics,B.Tech,2024,Active
24bcs10241,ENR-2024241,24bcs10241@university.edu,student.test241@gmail.com,Student 241,Civil,B.Tech,2024,Inactive
24bcs10242,ENR-2024242,24bcs10242@university.edu,student.test242@gmail.com,Student 242,Mechanical,B.Tech,2024,Active
24bcs10243,ENR-2024243,24bcs10243@university.edu,student.test243@gmail.com,Student 243,Mechanical,B.Tech,2024,Active
24bcs10244,ENR-2024244,24bcs10244@university.edu,student.test244@gmail.com,Student 244,Mechanical,B.Tech,2024,Active
24bcs10245,ENR-2024245,24bcs10245@university.edu,student.test245@gmail.com,Student 245,Electronics,B.Tech,2024,Active
24bcs10246,ENR-2024246,24bcs10246@university.edu,student.test246@gmail.com,Student 246,Mechanical,B.Tech,2024,Active
24bcs10247,ENR-2024247,24bcs10247@university.edu,student.test247@gmail.com,Student 247,Electronics,B.Tech,2024,Active
24bcs10248,ENR-2024248,24bcs10248@university.edu,student.test248@gmail.com,Student 248,Computer Science,B.Tech,2024,Active
24bcs10249,ENR-2024249,24bcs10249@university.edu,student.test249@gmail.com,Student 249,Electronics,B.Tech,2024,Active
24bcs10250,ENR-2024250,24bcs10250@university.edu,student.test250@gmail.com,Student 250,Mechanical,B.Tech,2024,Active
24bcs10251,ENR-2024251,24bcs10251@university.edu,student.test251@gmail.com,Student 251,Computer Science,B.Tech,2024,Inactive
24bcs10252,ENR-2024252,24bcs10252@university.edu,student.test252@gmail.com,Student 252,Civil,B.Tech,2024,Inactive
24bcs10253,ENR-2024253,24bcs10253@university.edu,student.test253@gmail.com,Student 253,Civil,B.Tech,2024,Active
24bcs10254,ENR-2024254,24bcs10254@university.edu,student.test254@gmail.com,Student 254,Civil,B.Tech,2024,Active
24bcs10255,ENR-2024255,24bcs10255@university.edu,student.test255@gmail.com,Student 255,Computer Science,B.Tech,2024,Active
24bcs10256,ENR-2024256,24bcs10256@university.edu,student.test256@gmail.com,Student 256,Computer Science,B.Tech,2024,Active
24bcs10257,ENR-2024257,24bcs10257@university.edu,student.test257@gmail.com,Student 257,Civil,B.Tech,2024,Inactive
24bcs10258,ENR-2024258,24bcs10258@university.edu,student.test258@gmail.com,Student 258,Mechanical,B.Tech,2024,Inactive
24bcs10259,ENR-2024259,24bcs10259@university.edu,student.test259@gmail.com,Student 259,Electronics,B.Tech,2024,Active
24bcs10260,ENR-2024260,24bcs10260@university.edu,student.test260@gmail.com,Student 260,Computer Science,B.Tech,2024,Active
24bcs10261,ENR-2024261,24bcs10261@university.edu,student.test261@gmail.com,Student 261,Computer Science,B.Tech,2024,Active
24bcs10262,ENR-2024262,24bcs10262@university.edu,student.test262@gmail.com,Student 262,Electronics,B.Tech,2024,Active
24bcs10263,ENR-2024263,24bcs10263@university.edu,student.test263@gmail.com,Student 263,Civil,B.Tech,2024,Inactive
24bcs10264,ENR-2024264,24bcs10264@university.edu,student.test264@gmail.com,Student 264,Electronics,B.Tech,2024,Inactive
24bcs10265,ENR-2024265,24bcs10265@university.edu,student.test265@gmail.com,Student 265,Civil,B.Tech,2024,Active
24bcs10266,ENR-2024266,24bcs10266@university.edu,student.test266@gmail.com,Student 266,Civil,B.Tech,2024,Active
24bcs10267,ENR-2024267,24bcs10267@university.edu,student.test267@gmail.com,Student 267,Mechanical,B.Tech,2024,Active
24bcs10268,ENR-2024268,24bcs10268@university.edu,student.test268@gmail.com,Student 268,Electronics,B.Tech,2024,Inactive
24bcs10269,ENR-2024269,24bcs10269@university.edu,student.test269@gmail.com,Student 269,Mechanical,B.Tech,2024,Active
24bcs10270,ENR-2024270,24bcs10270@university.edu,student.test270@gmail.com,Student 270,Electronics,B.Tech,2024,Active
24bcs10271,ENR-2024271,24bcs10271@university.edu,student.test271@gmail.com,Student 271,Mechanical,B.Tech,2024,Active
24bcs10272,ENR-2024272,24bcs10272@university.edu,student.test272@gmail.com,Student 272,Electronics,B.Tech,2024,Inactive
24bcs10273,ENR-2024273,24bcs10273@university.edu,student.test273@gmail.com,Student 273,Computer Science,B.Tech,2024,Active
24bcs10274,ENR-2024274,24bcs10274@university.edu,student.test274@gmail.com,Student 274,Electronics,B.Tech,2024,Inactive
24bcs10275,ENR-2024275,24bcs10275@university.edu,student.test275@gmail.com,Student 275,Electronics,B.Tech,2024,Inactive
24bcs10276,ENR-2024276,24bcs10276@university.edu,student.test276@gmail.com,Student 276,Electronics,B.Tech,2024,Active
24bcs10277,ENR-2024277,24bcs10277@university.edu,student.test277@gmail.com,Student 277,Civil,B.Tech,2024,Inactive
24bcs10278,ENR-2024278,24bcs10278@university.edu,student.test278@gmail.com,Student 278,Mechanical,B.Tech,2024,Active
24bcs10279,ENR-2024279,24bcs10279@university.edu,student.test279@gmail.com,Student 279,Electronics,B.Tech,2024,Active
24bcs10280,ENR-2024280,24bcs10280@university.edu,student.test280@gmail.com,Student 280,Electronics,B.Tech,2024,Active
24bcs10281,ENR-2024281,24bcs10281@university.edu,student.test281@gmail.com,Student 281,Mechanical,B.Tech,2024,Active
24bcs10282,ENR-2024282,24bcs10282@university.edu,student.test282@gmail.com,Student 282,Mechanical,B.Tech,2024,Active
24bcs10283,ENR-2024283,24bcs10283@university.edu,student.test283@gmail.com,Student 283,Electronics,B.Tech,2024,Inactive
24bcs10284,ENR-2024284,24bcs10284@university.edu,student.test284@gmail.com,Student 284,Computer Science,B.Tech,2024,Active
24bcs10285,ENR-2024285,24bcs10285@university.edu,,Student 285,Mechanical,B.Tech,2024,Inactive
24bcs10286,ENR-2024286,24bcs10286@university.edu,student.test286@gmail.com,Student 286,Electronics,B.Tech,2024,Active
24bcs10287,ENR-2024287,24bcs10287@university.edu,student.test287@gmail.com,Student 287,Electronics,B.Tech,2024,Active
24bcs10288,ENR-2024288,24bcs10288@university.edu,student.test288@gmail.com,Student 288,Computer Science,B.Tech,2024,Active
24bcs10289,ENR-2024289,24bcs10289@university.edu,student.test289@gmail.com,Student 289,Mechanical,B.Tech,2024,Active
24bcs10290,ENR-2024290,24bcs10290@university.edu,student.test290@gmail.com,Student 290,Civil,B.Tech,2024,Active
24bcs10291,ENR-2024291,24bcs10291@university.edu,student.test291@gmail.com,Student 291,Electronics,B.Tech,2024,Active
24bcs10292,ENR-2024292,24bcs10292@university.edu,student.test292@gmail.com,Student 292,Electronics,B.Tech,2024,Inactive
24bcs10293,ENR-2024293,24bcs10293@university.edu,,Student 293,Mechanical,B.Tech,2024,Active
24bcs10294,ENR-2024294,24bcs10294@university.edu,student.test294@gmail.com,Student 294,Civil,B.Tech,2024,Inactive
24bcs10295,ENR-2024295,24bcs10295@university.edu,student.test295@gmail.com,Student 295,Civil,B.Tech,2024,Active
24bcs10296,ENR-2024296,24bcs10296@university.edu,student.test296@gmail.com,Student 296,Mechanical,B.Tech,2024,Active
24bcs10297,ENR-2024297,24bcs10297@university.edu,student.test297@gmail.com,Student 297,Electronics,B.Tech,2024,Active
24bcs10298,ENR-2024298,24bcs10298@university.edu,student.test298@gmail.com,Student 298,Electronics,B.Tech,2024,Inactive
24bcs10299,ENR-2024299,24bcs10299@university.edu,student.test299@gmail.com,Student 299,Electronics,B.Tech,2024,Active
24bcs10300,ENR-2024300,24bcs10300@university.edu,,Student 300,Electronics,B.Tech,2024,Active
24bcs10301,ENR-2024301,24bcs10301@university.edu,student.test301@gmail.com,Student 301,Mechanical,B.Tech,2024,Active
24bcs10302,ENR-2024302,24bcs10302@university.edu,student.test302@gmail.com,Student 302,Electronics,B.Tech,2024,Active
24bcs10303,ENR-2024303,24bcs10303@university.edu,student.test303@gmail.com,Student 303,Electronics,B.Tech,2024,Active
24bcs10304,ENR-2024304,24bcs10304@university.edu,student.test304@gmail.com,Student 304,Electronics,B.Tech,2024,Active
24bcs10305,ENR-2024305,24bcs10305@university.edu,student.test305@gmail.com,Student 305,Computer Science,B.Tech,2024,Active
24bcs10306,ENR-2024306,24bcs10306@university.edu,student.test306@gmail.com,Student 306,Computer Science,B.Tech,2024,Active
24bcs10307,ENR-2024307,24bcs10307@university.edu,student.test307@gmail.com,Student 307,Civil,B.Tech,2024,Active
24bcs10308,ENR-2024308,24bcs10308@university.edu,student.test308@gmail.com,Student 308,Electronics,B.Tech,2024,Inactive
24bcs10309,ENR-2024309,24bcs10309@university.edu,student.test309@gmail.com,Student 309,Civil,B.Tech,2024,Active
24bcs10310,ENR-2024310,24bcs10310@university.edu,student.test310@gmail.com,Student 310,Electronics,B.Tech,2024,Active
24bcs10311,ENR-2024311,24bcs10311@university.edu,student.test311@gmail.com,Student 311,Civil,B.Tech,2024,Active
24bcs10312,ENR-2024312,24bcs10312@university.edu,student.test312@gmail.com,Student 312,Mechanical,B.Tech,2024,Active
24bcs10313,ENR-2024313,24bcs10313@university.edu,student.test313@gmail.com,Student 313,Civil,B.Tech,2024,Active
24bcs10314,ENR-2024314,24bcs10314@university.edu,student.test314@gmail.com,Student 314,Civil,B.Tech,2024,Active
24bcs10315,ENR-2024315,24bcs10315@university.edu,student.test315@gmail.com,Student 315,Civil,B.Tech,2024,Active
24bcs10316,ENR-2024316,24bcs10316@university.edu,student.test316@gmail.com,Student 316,Electronics,B.Tech,2024,Active
24bcs10317,ENR-2024317,24bcs10317@university.edu,student.test317@gmail.com,Student 317,Electronics,B.Tech,2024,Active
24bcs10318,ENR-2024318,24bcs10318@university.edu,student.test318@gmail.com,Student 318,Computer Science,B.Tech,2024,Active
24bcs10319,ENR-2024319,24bcs10319@university.edu,student.test319@gmail.com,Student 319,Civil,B.Tech,2024,Active
24bcs10320,ENR-2024320,24bcs10320@university.edu,,Student 320,Computer Science,B.Tech,2024,Active
24bcs10321,ENR-2024321,24bcs10321@university.edu,student.test321@gmail.com,Student 321,Mechanical,B.Tech,2024,Active
24bcs10322,ENR-2024322,24bcs10322@university.edu,student.test322@gmail.com,Student 322,Civil,B.Tech,2024,Inactive
24bcs10323,ENR-2024323,24bcs10323@university.edu,student.test323@gmail.com,Student 323,Computer Science,B.Tech,2024,Active
24bcs10324,ENR-2024324,24bcs10324@university.edu,student.test324@gmail.com,Student 324,Civil,B.Tech,2024,Active
24bcs10325,ENR-2024325,24bcs10325@university.edu,student.test325@gmail.com,Student 325,Mechanical,B.Tech,2024,Active
24bcs10326,ENR-2024326,24bcs10326@university.edu,student.test326@gmail.com,Student 326,Electronics,B.Tech,2024,Active
24bcs10327,ENR-2024327,24bcs10327@university.edu,student.test327@gmail.com,Student 327,Civil,B.Tech,2024,Active
24bcs10328,ENR-2024328,24bcs10328@university.edu,student.test328@gmail.com,Student 328,Civil,B.Tech,2024,Inactive
24bcs10329,ENR-2024329,24bcs10329@university.edu,student.test329@gmail.com,Student 329,Civil,B.Tech,2024,Active
24bcs10330,ENR-2024330,24bcs10330@university.edu,student.test330@gmail.com,Student 330,Mechanical,B.Tech,2024,Active
24bcs10331,ENR-2024331,24bcs10331@university.edu,student.test331@gmail.com,Student 331,Computer Science,B.Tech,2024,Active
24bcs10332,ENR-2024332,24bcs10332@university.edu,,Student 332,Civil,B.Tech,2024,Active
24bcs10333,ENR-2024333,24bcs10333@university.edu,student.test333@gmail.com,Student 333,Electronics,B.Tech,2024,Active
24bcs10334,ENR-2024334,24bcs10334@university.edu,student.test334@gmail.com,Student 334,Mechanical,B.Tech,2024,Inactive
24bcs10335,ENR-2024335,24bcs10335@university.edu,student.test335@gmail.com,Student 335,Computer Science,B.Tech,2024,Active
24bcs10336,ENR-2024336,24bcs10336@university.edu,student.test336@gmail.com,Student 336,Computer Science,B.Tech,2024,Active
24bcs10337,ENR-2024337,24bcs10337@university.edu,student.test337@gmail.com,Student 337,Mechanical,B.Tech,2024,Inactive
24bcs10338,ENR-2024338,24bcs10338@university.edu,student.test338@gmail.com,Student 338,Civil,B.Tech,2024,Active
24bcs10339,ENR-2024339,24bcs10339@university.edu,student.test339@gmail.com,Student 339,Mechanical,B.Tech,2024,Active
24bcs10340,ENR-2024340,24bcs10340@university.edu,student.test340@gmail.com,Student 340,Electronics,B.Tech,2024,Active
24bcs10341,ENR-2024341,24bcs10341@university.edu,student.test341@gmail.com,Student 341,Computer Science,B.Tech,2024,Active
24bcs10342,ENR-2024342,24bcs10342@university.edu,student.test342@gmail.com,Student 342,Civil,B.Tech,2024,Active
24bcs10343,ENR-2024343,24bcs10343@university.edu,student.test343@gmail.com,Student 343,Electronics,B.Tech,2024,Active
24bcs10344,ENR-2024344,24bcs10344@university.edu,student.test344@gmail.com,Student 344,Mechanical,B.Tech,2024,Inactive
24bcs10345,ENR-2024345,24bcs10345@university.edu,student.test345@gmail.com,Student 345,Mechanical,B.Tech,2024,Active
24bcs10346,ENR-2024346,24bcs10346@university.edu,student.test346@gmail.com,Student 346,Civil,B.Tech,2024,Active
24bcs10347,ENR-2024347,24bcs10347@university.edu,student.test347@gmail.com,Student 347,Civil,B.Tech,2024,Inactive
24bcs10348,ENR-2024348,24bcs10348@university.edu,student.test348@gmail.com,Student 348,Electronics,B.Tech,2024,Inactive
24bcs10349,ENR-2024349,24bcs10349@university.edu,student.test349@gmail.com,Student 349,Civil,B.Tech,2024,Active
24bcs10350,ENR-2024350,24bcs10350@university.edu,student.test350@gmail.com,Student 350,Civil,B.Tech,2024,Active
24bcs10351,ENR-2024351,24bcs10351@university.edu,student.test351@gmail.com,Student 351,Mechanical,B.Tech,2024,Active
24bcs10352,ENR-2024352,24bcs10352@university.edu,student.test352@gmail.com,Student 352,Civil,B.Tech,2024,Active
24bcs10353,ENR-2024353,24bcs10353@university.edu,student.test353@gmail.com,Student 353,Civil,B.Tech,2024,Active
24bcs10354,ENR-2024354,24bcs10354@university.edu,student.test354@gmail.com,Student 354,Civil,B.Tech,2024,Active
24bcs10355,ENR-2024355,24bcs10355@university.edu,student.test355@gmail.com,Student 355,Civil,B.Tech,2024,Inactive
24bcs10356,ENR-2024356,24bcs10356@university.edu,student.test356@gmail.com,Student 356,Electronics,B.Tech,2024,Inactive
24bcs10357,ENR-2024357,24bcs10357@university.edu,student.test357@gmail.com,Student 357,Mechanical,B.Tech,2024,Active
24bcs10358,ENR-2024358,24bcs10358@university.edu,student.test358@gmail.com,Student 358,Mechanical,B.Tech,2024,Active
24bcs10359,ENR-2024359,24bcs10359@university.edu,student.test359@gmail.com,Student 359,Mechanical,B.Tech,2024,Inactive
24bcs10360,ENR-2024360,24bcs10360@university.edu,student.test360@gmail.com,Student 360,Electronics,B.Tech,2024,Active
24bcs10361,ENR-2024361,24bcs10361@university.edu,student.test361@gmail.com,Student 361,Mechanical,B.Tech,2024,Active
24bcs10362,ENR-2024362,24bcs10362@university.edu,student.test362@gmail.com,Student 362,Computer Science,B.Tech,2024,Active
24bcs10363,ENR-2024363,24bcs10363@university.edu,,Student 363,Civil,B.Tech,2024,Active
24bcs10364,ENR-2024364,24bcs10364@university.edu,student.test364@gmail.com,Student 364,Civil,B.Tech,2024,Inactive
24bcs10365,ENR-2024365,24bcs10365@university.edu,student.test365@gmail.com,Student 365,Electronics,B.Tech,2024,Active
24bcs10366,ENR-2024366,24bcs10366@university.edu,student.test366@gmail.com,Student 366,Civil,B.Tech,2024,Inactive
24bcs10367,ENR-2024367,24bcs10367@university.edu,student.test367@gmail.com,Student 367,Electronics,B.Tech,2024,Inactive
24bcs10368,ENR-2024368,24bcs10368@university.edu,student.test368@gmail.com,Student 368,Computer Science,B.Tech,2024,Active
24bcs10369,ENR-2024369,24bcs10369@university.edu,student.test369@gmail.com,Student 369,Mechanical,B.Tech,2024,Active
24bcs10370,ENR-2024370,24bcs10370@university.edu,student.test370@gmail.com,Student 370,Computer Science,B.Tech,2024,Inactive
24bcs10371,ENR-2024371,24bcs10371@university.edu,student.test371@gmail.com,Student 371,Civil,B.Tech,2024,Inactive
24bcs10372,ENR-2024372,24bcs10372@university.edu,student.test372@gmail.com,Student 372,Computer Science,B.Tech,2024,Active
24bcs10373,ENR-2024373,24bcs10373@university.edu,student.test373@gmail.com,Student 373,Computer Science,B.Tech,2024,Active
24bcs10374,ENR-2024374,24bcs10374@university.edu,student.test374@gmail.com,Student 374,Civil,B.Tech,2024,Active
24bcs10375,ENR-2024375,24bcs10375@university.edu,student.test375@gmail.com,Student 375,Civil,B.Tech,2024,Inactive
24bcs10376,ENR-2024376,24bcs10376@university.edu,student.test376@gmail.com,Student 376,Civil,B.Tech,2024,Active
24bcs10377,ENR-2024377,24bcs10377@university.edu,student.test377@gmail.com,Student 377,Mechanical,B.Tech,2024,Active
24bcs10378,ENR-2024378,24bcs10378@university.edu,student.test378@gmail.com,Student 378,Electronics,B.Tech,2024,Active
24bcs10379,ENR-2024379,24bcs10379@university.edu,student.test379@gmail.com,Student 379,Civil,B.Tech,2024,Active
24bcs10380,ENR-2024380,24bcs10380@university.edu,student.test380@gmail.com,Student 380,Computer Science,B.Tech,2024,Active
24bcs10381,ENR-2024381,24bcs10381@university.edu,student.test381@gmail.com,Student 381,Computer Science,B.Tech,2024,Inactive
24bcs10382,ENR-2024382,24bcs10382@university.edu,student.test382@gmail.com,Student 382,Mechanical,B.Tech,2024,Active
24bcs10383,ENR-2024383,24bcs10383@university.edu,student.test383@gmail.com,Student 383,Electronics,B.Tech,2024,Active
24bcs10384,ENR-2024384,24bcs10384@university.edu,student.test384@gmail.com,Student 384,Electronics,B.Tech,2024,Active
24bcs10385,ENR-2024385,24bcs10385@university.edu,student.test385@gmail.com,Student 385,Computer Science,B.Tech,2024,Inactive
24bcs10386,ENR-2024386,24bcs10386@university.edu,student.test386@gmail.com,Student 386,Electronics,B.Tech,2024,Active
24bcs10387,ENR-2024387,24bcs10387@university.edu,student.test387@gmail.com,Student 387,Civil,B.Tech,2024,Inactive
24bcs10388,ENR-2024388,24bcs10388@university.edu,student.test388@gmail.com,Student 388,Electronics,B.Tech,2024,Active
24bcs10389,ENR-2024389,24bcs10389@university.edu,student.test389@gmail.com,Student 389,Computer Science,B.Tech,2024,Active
24bcs10390,ENR-2024390,24bcs10390@university.edu,student.test390@gmail.com,Student 390,Electronics,B.Tech,2024,Active
24bcs10391,ENR-2024391,24bcs10391@university.edu,student.test391@gmail.com,Student 391,Computer Science,B.Tech,2024,Active
24bcs10392,ENR-2024392,24bcs10392@university.edu,student.test392@gmail.com,Student 392,Computer Science,B.Tech,2024,Inactive
24bcs10393,ENR-2024393,24bcs10393@university.edu,student.test393@gmail.com,Student 393,Computer Science,B.Tech,2024,Active
24bcs10394,ENR-2024394,24bcs10394@university.edu,student.test394@gmail.com,Student 394,Civil,B.Tech,2024,Active
24bcs10395,ENR-2024395,24bcs10395@university.edu,student.test395@gmail.com,Student 395,Computer Science,B.Tech,2024,Active
24bcs10396,ENR-2024396,24bcs10396@university.edu,student.test396@gmail.com,Student 396,Computer Science,B.Tech,2024,Active
24bcs10397,ENR-2024397,24bcs10397@university.edu,student.test397@gmail.com,Student 397,Computer Science,B.Tech,2024,Active
24bcs10398,ENR-2024398,24bcs10398@university.edu,student.test398@gmail.com,Student 398,Civil,B.Tech,2024,Active
24bcs10399,ENR-2024399,24bcs10399@university.edu,student.test399@gmail.com,Student 399,Electronics,B.Tech,2024,Inactive
24bcs10400,ENR-2024400,24bcs10400@university.edu,student.test400@gmail.com,Student 400,Electronics,B.Tech,2024,Inactive
24bcs10401,ENR-2024401,24bcs10401@university.edu,student.test401@gmail.com,Student 401,Electronics,B.Tech,2024,Inactive
24bcs10402,ENR-2024402,24bcs10402@university.edu,,Student 402,Mechanical,B.Tech,2024,Inactive
24bcs10403,ENR-2024403,24bcs10403@university.edu,student.test403@gmail.com,Student 403,Computer Science,B.Tech,2024,Active
24bcs10404,ENR-2024404,24bcs10404@university.edu,,Student 404,Electronics,B.Tech,2024,Active
24bcs10405,ENR-2024405,24bcs10405@university.edu,student.test405@gmail.com,Student 405,Computer Science,B.Tech,2024,Inactive
24bcs10406,ENR-2024406,24bcs10406@university.edu,student.test406@gmail.com,Student 406,Electronics,B.Tech,2024,Active
24bcs10407,ENR-2024407,24bcs10407@university.edu,student.test407@gmail.com,Student 407,Civil,B.Tech,2024,Active
24bcs10408,ENR-2024408,24bcs10408@university.edu,student.test408@gmail.com,Student 408,Computer Science,B.Tech,2024,Inactive
24bcs10409,ENR-2024409,24bcs10409@university.edu,student.test409@gmail.com,Student 409,Civil,B.Tech,2024,Active
24bcs10410,ENR-2024410,24bcs10410@university.edu,student.test410@gmail.com,Student 410,Computer Science,B.Tech,2024,Active
24bcs10411,ENR-2024411,24bcs10411@university.edu,student.test411@gmail.com,Student 411,Mechanical,B.Tech,2024,Active
24bcs10412,ENR-2024412,24bcs10412@university.edu,student.test412@gmail.com,Student 412,Civil,B.Tech,2024,Inactive
24bcs10413,ENR-2024413,24bcs10413@university.edu,student.test413@gmail.com,Student 413,Mechanical,B.Tech,2024,Inactive
24bcs10414,ENR-2024414,24bcs10414@university.edu,student.test414@gmail.com,Student 414,Civil,B.Tech,2024,Active
24bcs10415,ENR-2024415,24bcs10415@university.edu,student.test415@gmail.com,Student 415,Electronics,B.Tech,2024,Active
24bcs10416,ENR-2024416,24bcs10416@university.edu,student.test416@gmail.com,Student 416,Mechanical,B.Tech,2024,Active
24bcs10417,ENR-2024417,24bcs10417@university.edu,student.test417@gmail.com,Student 417,Electronics,B.Tech,2024,Active
24bcs10418,ENR-2024418,24bcs10418@university.edu,student.test418@gmail.com,Student 418,Electronics,B.Tech,2024,Active
24bcs10419,ENR-2024419,24bcs10419@university.edu,student.test419@gmail.com,Student 419,Computer Science,B.Tech,2024,Active
24bcs10420,ENR-2024420,24bcs10420@university.edu,student.test420@gmail.com,Student 420,Civil,B.Tech,2024,Active
24bcs10421,ENR-2024421,24bcs10421@university.edu,student.test421@gmail.com,Student 421,Electronics,B.Tech,2024,Inactive
24bcs10422,ENR-2024422,24bcs10422@university.edu,student.test422@gmail.com,Student 422,Civil,B.Tech,2024,Active
24bcs10423,ENR-2024423,24bcs10423@university.edu,student.test423@gmail.com,Student 423,Electronics,B.Tech,2024,Active
24bcs10424,ENR-2024424,24bcs10424@university.edu,student.test424@gmail.com,Student 424,Civil,B.Tech,2024,Active
24bcs10425,ENR-2024425,24bcs10425@university.edu,student.test425@gmail.com,Student 425,Electronics,B.Tech,2024,Active
24bcs10426,ENR-2024426,24bcs10426@university.edu,student.test426@gmail.com,Student 426,Electronics,B.Tech,2024,Active
24bcs10427,ENR-2024427,24bcs10427@university.edu,student.test427@gmail.com,Student 427,Mechanical,B.Tech,2024,Active
24bcs10428,ENR-2024428,24bcs10428@university.edu,student.test428@gmail.com,Student 428,Computer Science,B.Tech,2024,Active
24bcs10429,ENR-2024429,24bcs10429@university.edu,student.test429@gmail.com,Student 429,Computer Science,B.Tech,2024,Inactive
24bcs10430,ENR-2024430,24bcs10430@university.edu,student.test430@gmail.com,Student 430,Electronics,B.Tech,2024,Active
24bcs10431,ENR-2024431,24bcs10431@university.edu,student.test431@gmail.com,Student 431,Computer Science,B.Tech,2024,Active
24bcs10432,ENR-2024432,24bcs10432@university.edu,student.test432@gmail.com,Student 432,Computer Science,B.Tech,2024,Active
24bcs10433,ENR-2024433,24bcs10433@university.edu,student.test433@gmail.com,Student 433,Electronics,B.Tech,2024,Inactive
24bcs10434,ENR-2024434,24bcs10434@university.edu,student.test434@gmail.com,Student 434,Computer Science,B.Tech,2024,Active
24bcs10435,ENR-2024435,24bcs10435@university.edu,student.test435@gmail.com,Student 435,Computer Science,B.Tech,2024,Active
24bcs10436,ENR-2024436,24bcs10436@university.edu,student.test436@gmail.com,Student 436,Computer Science,B.Tech,2024,Active
24bcs10437,ENR-2024437,24bcs10437@university.edu,student.test437@gmail.com,Student 437,Civil,B.Tech,2024,Active
24bcs10438,ENR-2024438,24bcs10438@university.edu,student.test438@gmail.com,Student 438,Electronics,B.Tech,2024,Active
24bcs10439,ENR-2024439,24bcs10439@university.edu,student.test439@gmail.com,Student 439,Mechanical,B.Tech,2024,Active
24bcs10440,ENR-2024440,24bcs10440@university.edu,student.test440@gmail.com,Student 440,Electronics,B.Tech,2024,Inactive
24bcs10441,ENR-2024441,24bcs10441@university.edu,student.test441@gmail.com,Student 441,Computer Science,B.Tech,2024,Active
24bcs10442,ENR-2024442,24bcs10442@university.edu,student.test442@gmail.com,Student 442,Civil,B.Tech,2024,Active
24bcs10443,ENR-2024443,24bcs10443@university.edu,student.test443@gmail.com,Student 443,Computer Science,B.Tech,2024,Inactive
24bcs10444,ENR-2024444,24bcs10444@university.edu,student.test444@gmail.com,Student 444,Mechanical,B.Tech,2024,Active
24bcs10445,ENR-2024445,24bcs10445@university.edu,student.test445@gmail.com,Student 445,Civil,B.Tech,2024,Active
24bcs10446,ENR-2024446,24bcs10446@university.edu,student.test446@gmail.com,Student 446,Mechanical,B.Tech,2024,Active
24bcs10447,ENR-2024447,24bcs10447@university.edu,student.test447@gmail.com,Student 447,Computer Science,B.Tech,2024,Active
24bcs10448,ENR-2024448,24bcs10448@university.edu,student.test448@gmail.com,Student 448,Civil,B.Tech,2024,Inactive
24bcs10449,ENR-2024449,24bcs10449@university.edu,student.test449@gmail.com,Student 449,Computer Science,B.Tech,2024,Inactive
24bcs10450,ENR-2024450,24bcs10450@university.edu,student.test450@gmail.com,Student 450,Computer Science,B.Tech,2024,Active
24bcs10451,ENR-2024451,24bcs10451@university.edu,student.test451@gmail.com,Student 451,Computer Science,B.Tech,2024,Active
24bcs10452,ENR-2024452,24bcs10452@university.edu,student.test452@gmail.com,Student 452,Civil,B.Tech,2024,Inactive
24bcs10453,ENR-2024453,24bcs10453@university.edu,student.test453@gmail.com,Student 453,Mechanical,B.Tech,2024,Active
24bcs10454,ENR-2024454,24bcs10454@university.edu,student.test454@gmail.com,Student 454,Civil,B.Tech,2024,Active
24bcs10455,ENR-2024455,24bcs10455@university.edu,student.test455@gmail.com,Student 455,Computer Science,B.Tech,2024,Active
24bcs10456,ENR-2024456,24bcs10456@university.edu,,Student 456,Mechanical,B.Tech,2024,Inactive
24bcs10457,ENR-2024457,24bcs10457@university.edu,student.test457@gmail.com,Student 457,Civil,B.Tech,2024,Inactive
24bcs10458,ENR-2024458,24bcs10458@university.edu,student.test458@gmail.com,Student 458,Computer Science,B.Tech,2024,Active
24bcs10459,ENR-2024459,24bcs10459@university.edu,student.test459@gmail.com,Student 459,Computer Science,B.Tech,2024,Active
24bcs10460,ENR-2024460,24bcs10460@university.edu,student.test460@gmail.com,Student 460,Computer Science,B.Tech,2024,Active
24bcs10461,ENR-2024461,24bcs10461@university.edu,student.test461@gmail.com,Student 461,Electronics,B.Tech,2024,Inactive
24bcs10462,ENR-2024462,24bcs10462@university.edu,student.test462@gmail.com,Student 462,Civil,B.Tech,2024,Active
24bcs10463,ENR-2024463,24bcs10463@university.edu,student.test463@gmail.com,Student 463,Civil,B.Tech,2024,Active
24bcs10464,ENR-2024464,24bcs10464@university.edu,student.test464@gmail.com,Student 464,Computer Science,B.Tech,2024,Active
24bcs10465,ENR-2024465,24bcs10465@university.edu,,Student 465,Computer Science,B.Tech,2024,Inactive
24bcs10466,ENR-2024466,24bcs10466@university.edu,student.test466@gmail.com,Student 466,Mechanical,B.Tech,2024,Active
24bcs10467,ENR-2024467,24bcs10467@university.edu,student.test467@gmail.com,Student 467,Civil,B.Tech,2024,Active
24bcs10468,ENR-2024468,24bcs10468@university.edu,student.test468@gmail.com,Student 468,Civil,B.Tech,2024,Active
24bcs10469,ENR-2024469,24bcs10469@university.edu,student.test469@gmail.com,Student 469,Computer Science,B.Tech,2024,Active
24bcs10470,ENR-2024470,24bcs10470@university.edu,student.test470@gmail.com,Student 470,Computer Science,B.Tech,2024,Inactive
24bcs10471,ENR-2024471,24bcs10471@university.edu,student.test471@gmail.com,Student 471,Mechanical,B.Tech,2024,Active
24bcs10472,ENR-2024472,24bcs10472@university.edu,student.test472@gmail.com,Student 472,Electronics,B.Tech,2024,Inactive
24bcs10473,ENR-2024473,24bcs10473@university.edu,student.test473@gmail.com,Student 473,Civil,B.Tech,2024,Active
24bcs10474,ENR-2024474,24bcs10474@university.edu,student.test474@gmail.com,Student 474,Computer Science,B.Tech,2024,Active
24bcs10475,ENR-2024475,24bcs10475@university.edu,student.test475@gmail.com,Student 475,Electronics,B.Tech,2024,Active
24bcs10476,ENR-2024476,24bcs10476@university.edu,student.test476@gmail.com,Student 476,Electronics,B.Tech,2024,Active
24bcs10477,ENR-2024477,24bcs10477@university.edu,student.test477@gmail.com,Student 477,Electronics,B.Tech,2024,Active
24bcs10478,ENR-2024478,24bcs10478@university.edu,student.test478@gmail.com,Student 478,Civil,B.Tech,2024,Active
24bcs10479,ENR-2024479,24bcs10479@university.edu,student.test479@gmail.com,Student 479,Mechanical,B.Tech,2024,Active
24bcs10480,ENR-2024480,24bcs10480@university.edu,student.test480@gmail.com,Student 480,Computer Science,B.Tech,2024,Active
24bcs10481,ENR-2024481,24bcs10481@university.edu,student.test481@gmail.com,Student 481,Civil,B.Tech,2024,Active
24bcs10482,ENR-2024482,24bcs10482@university.edu,student.test482@gmail.com,Student 482,Civil,B.Tech,2024,Inactive
24bcs10483,ENR-2024483,24bcs10483@university.edu,student.test483@gmail.com,Student 483,Mechanical,B.Tech,2024,Active
24bcs10484,ENR-2024484,24bcs10484@university.edu,student.test484@gmail.com,Student 484,Computer Science,B.Tech,2024,Active
24bcs10485,ENR-2024485,24bcs10485@university.edu,student.test485@gmail.com,Student 485,Electronics,B.Tech,2024,Inactive
24bcs10486,ENR-2024486,24bcs10486@university.edu,student.test486@gmail.com,Student 486,Civil,B.Tech,2024,Inactive
24bcs10487,ENR-2024487,24bcs10487@university.edu,student.test487@gmail.com,Student 487,Computer Science,B.Tech,2024,Active
24bcs10488,ENR-2024488,24bcs10488@university.edu,student.test488@gmail.com,Student 488,Civil,B.Tech,2024,Inactive
24bcs10489,ENR-2024489,24bcs10489@university.edu,student.test489@gmail.com,Student 489,Electronics,B.Tech,2024,Inactive
24bcs10490,ENR-2024490,24bcs10490@university.edu,student.test490@gmail.com,Student 490,Electronics,B.Tech,2024,Inactive
24bcs10491,ENR-2024491,24bcs10491@university.edu,student.test491@gmail.com,Student 491,Mechanical,B.Tech,2024,Inactive
24bcs10492,ENR-2024492,24bcs10492@university.edu,student.test492@gmail.com,Student 492,Computer Science,B.Tech,2024,Active
24bcs10493,ENR-2024493,24bcs10493@university.edu,student.test493@gmail.com,Student 493,Computer Science,B.Tech,2024,Active
24bcs10494,ENR-2024494,24bcs10494@university.edu,student.test494@gmail.com,Student 494,Civil,B.Tech,2024,Active
24bcs10495,ENR-2024495,24bcs10495@university.edu,student.test495@gmail.com,Student 495,Civil,B.Tech,2024,Inactive
24bcs10496,ENR-2024496,24bcs10496@university.edu,student.test496@gmail.com,Student 496,Mechanical,B.Tech,2024,Active
24bcs10497,ENR-2024497,24bcs10497@university.edu,student.test497@gmail.com,Student 497,Mechanical,B.Tech,2024,Inactive
24bcs10498,ENR-2024498,24bcs10498@university.edu,student.test498@gmail.com,Student 498,Computer Science,B.Tech,2024,Active
24bcs10499,ENR-2024499,24bcs10499@university.edu,student.test499@gmail.com,Student 499,Civil,B.Tech,2024,Inactive
24bcs10500,ENR-2024500,24bcs10500@university.edu,student.test500@gmail.com,Student 500,Computer Science,B.Tech,2024,Active
24bcs10501,ENR-2024501,24bcs10501@university.edu,student.test501@gmail.com,Student 501,Civil,B.Tech,2024,Active
24bcs10502,ENR-2024502,24bcs10502@university.edu,student.test502@gmail.com,Student 502,Mechanical,B.Tech,2024,Inactive
24bcs10503,ENR-2024503,24bcs10503@university.edu,student.test503@gmail.com,Student 503,Electronics,B.Tech,2024,Active
24bcs10504,ENR-2024504,24bcs10504@university.edu,student.test504@gmail.com,Student 504,Computer Science,B.Tech,2024,Active
24bcs10505,ENR-2024505,24bcs10505@university.edu,student.test505@gmail.com,Student 505,Electronics,B.Tech,2024,Active
24bcs10506,ENR-2024506,24bcs10506@university.edu,student.test506@gmail.com,Student 506,Mechanical,B.Tech,2024,Active
24bcs10507,ENR-2024507,24bcs10507@university.edu,student.test507@gmail.com,Student 507,Computer Science,B.Tech,2024,Active
24bcs10508,ENR-2024508,24bcs10508@university.edu,student.test508@gmail.com,Student 508,Mechanical,B.Tech,2024,Active
24bcs10509,ENR-2024509,24bcs10509@university.edu,student.test509@gmail.com,Student 509,Electronics,B.Tech,2024,Active
24bcs10510,ENR-2024510,24bcs10510@university.edu,student.test510@gmail.com,Student 510,Mechanical,B.Tech,2024,Active
24bcs10511,ENR-2024511,24bcs10511@university.edu,student.test511@gmail.com,Student 511,Mechanical,B.Tech,2024,Active
24bcs10512,ENR-2024512,24bcs10512@university.edu,student.test512@gmail.com,Student 512,Civil,B.Tech,2024,Active
24bcs10513,ENR-2024513,24bcs10513@university.edu,student.test513@gmail.com,Student 513,Electronics,B.Tech,2024,Active
24bcs10514,ENR-2024514,24bcs10514@university.edu,student.test514@gmail.com,Student 514,Civil,B.Tech,2024,Active
24bcs10515,ENR-2024515,24bcs10515@university.edu,student.test515@gmail.com,Student 515,Civil,B.Tech,2024,Inactive
24bcs10516,ENR-2024516,24bcs10516@university.edu,student.test516@gmail.com,Student 516,Civil,B.Tech,2024,Inactive
24bcs10517,ENR-2024517,24bcs10517@university.edu,student.test517@gmail.com,Student 517,Computer Science,B.Tech,2024,Active
24bcs10518,ENR-2024518,24bcs10518@university.edu,student.test518@gmail.com,Student 518,Electronics,B.Tech,2024,Inactive
24bcs10519,ENR-2024519,24bcs10519@university.edu,student.test519@gmail.com,Student 519,Computer Science,B.Tech,2024,Inactive
24bcs10520,ENR-2024520,24bcs10520@university.edu,student.test520@gmail.com,Student 520,Civil,B.Tech,2024,Inactive
24bcs10521,ENR-2024521,24bcs10521@university.edu,student.test521@gmail.com,Student 521,Civil,B.Tech,2024,Active
24bcs10522,ENR-2024522,24bcs10522@university.edu,student.test522@gmail.com,Student 522,Computer Science,B.Tech,2024,Inactive
24bcs10523,ENR-2024523,24bcs10523@university.edu,student.test523@gmail.com,Student 523,Electronics,B.Tech,2024,Inactive
24bcs10524,ENR-2024524,24bcs10524@university.edu,student.test524@gmail.com,Student 524,Computer Science,B.Tech,2024,Inactive
24bcs10525,ENR-2024525,24bcs10525@university.edu,student.test525@gmail.com,Student 525,Civil,B.Tech,2024,Inactive
24bcs10526,ENR-2024526,24bcs10526@university.edu,student.test526@gmail.com,Student 526,Civil,B.Tech,2024,Active
24bcs10527,ENR-2024527,24bcs10527@university.edu,student.test527@gmail.com,Student 527,Mechanical,B.Tech,2024,Active
24bcs10528,ENR-2024528,24bcs10528@university.edu,student.test528@gmail.com,Student 528,Computer Science,B.Tech,2024,Active
24bcs10529,ENR-2024529,24bcs10529@university.edu,student.test529@gmail.com,Student 529,Electronics,B.Tech,2024,Active
24bcs10530,ENR-2024530,24bcs10530@university.edu,student.test530@gmail.com,Student 530,Computer Science,B.Tech,2024,Active
24bcs10531,ENR-2024531,24bcs10531@university.edu,student.test531@gmail.com,Student 531,Civil,B.Tech,2024,Active
24bcs10532,ENR-2024532,24bcs10532@university.edu,student.test532@gmail.com,Student 532,Computer Science,B.Tech,2024,Inactive
24bcs10533,ENR-2024533,24bcs10533@university.edu,student.test533@gmail.com,Student 533,Electronics,B.Tech,2024,Active
24bcs10534,ENR-2024534,24bcs10534@university.edu,student.test534@gmail.com,Student 534,Computer Science,B.Tech,2024,Active
24bcs10535,ENR-2024535,24bcs10535@university.edu,student.test535@gmail.com,Student 535,Electronics,B.Tech,2024,Inactive
24bcs10536,ENR-2024536,24bcs10536@university.edu,student.test536@gmail.com,Student 536,Electronics,B.Tech,2024,Inactive
24bcs10537,ENR-2024537,24bcs10537@university.edu,student.test537@gmail.com,Student 537,Civil,B.Tech,2024,Active
24bcs10538,ENR-2024538,24bcs10538@university.edu,student.test538@gmail.com,Student 538,Electronics,B.Tech,2024,Active
24bcs10539,ENR-2024539,24bcs10539@university.edu,student.test539@gmail.com,Student 539,Mechanical,B.Tech,2024,Active
24bcs10540,ENR-2024540,24bcs10540@university.edu,student.test540@gmail.com,Student 540,Civil,B.Tech,2024,Active
24bcs10541,ENR-2024541,24bcs10541@university.edu,student.test541@gmail.com,Student 541,Electronics,B.Tech,2024,Active
24bcs10542,ENR-2024542,24bcs10542@university.edu,student.test542@gmail.com,Student 542,Computer Science,B.Tech,2024,Active
24bcs10543,ENR-2024543,24bcs10543@university.edu,student.test543@gmail.com,Student 543,Electronics,B.Tech,2024,Active
24bcs10544,ENR-2024544,24bcs10544@university.edu,student.test544@gmail.com,Student 544,Electronics,B.Tech,2024,Active
24bcs10545,ENR-2024545,24bcs10545@university.edu,student.test545@gmail.com,Student 545,Computer Science,B.Tech,2024,Active
24bcs10546,ENR-2024546,24bcs10546@university.edu,student.test546@gmail.com,Student 546,Mechanical,B.Tech,2024,Active
24bcs10547,ENR-2024547,24bcs10547@university.edu,student.test547@gmail.com,Student 547,Electronics,B.Tech,2024,Active
24bcs10548,ENR-2024548,24bcs10548@university.edu,student.test548@gmail.com,Student 548,Computer Science,B.Tech,2024,Active
24bcs10549,ENR-2024549,24bcs10549@university.edu,student.test549@gmail.com,Student 549,Computer Science,B.Tech,2024,Inactive
24bcs10550,ENR-2024550,24bcs10550@university.edu,student.test550@gmail.com,Student 550,Computer Science,B.Tech,2024,Active
24bcs10551,ENR-2024551,24bcs10551@university.edu,student.test551@gmail.com,Student 551,Mechanical,B.Tech,2024,Active
24bcs10552,ENR-2024552,24bcs10552@university.edu,student.test552@gmail.com,Student 552,Electronics,B.Tech,2024,Active
24bcs10553,ENR-2024553,24bcs10553@university.edu,student.test553@gmail.com,Student 553,Mechanical,B.Tech,2024,Active
24bcs10554,ENR-2024554,24bcs10554@university.edu,student.test554@gmail.com,Student 554,Electronics,B.Tech,2024,Active
24bcs10555,ENR-2024555,24bcs10555@university.edu,student.test555@gmail.com,Student 555,Electronics,B.Tech,2024,Active
24bcs10556,ENR-2024556,24bcs10556@university.edu,student.test556@gmail.com,Student 556,Mechanical,B.Tech,2024,Active
24bcs10557,ENR-2024557,24bcs10557@university.edu,student.test557@gmail.com,Student 557,Electronics,B.Tech,2024,Inactive
24bcs10558,ENR-2024558,24bcs10558@university.edu,student.test558@gmail.com,Student 558,Mechanical,B.Tech,2024,Active
24bcs10559,ENR-2024559,24bcs10559@university.edu,student.test559@gmail.com,Student 559,Electronics,B.Tech,2024,Active
24bcs10560,ENR-2024560,24bcs10560@university.edu,student.test560@gmail.com,Student 560,Computer Science,B.Tech,2024,Active
24bcs10561,ENR-2024561,24bcs10561@university.edu,student.test561@gmail.com,Student 561,Civil,B.Tech,2024,Active
24bcs10562,ENR-2024562,24bcs10562@university.edu,student.test562@gmail.com,Student 562,Civil,B.Tech,2024,Active
24bcs10563,ENR-2024563,24bcs10563@university.edu,student.test563@gmail.com,Student 563,Electronics,B.Tech,2024,Active
24bcs10564,ENR-2024564,24bcs10564@university.edu,student.test564@gmail.com,Student 564,Electronics,B.Tech,2024,Active
24bcs10565,ENR-2024565,24bcs10565@university.edu,student.test565@gmail.com,Student 565,Electronics,B.Tech,2024,Active
24bcs10566,ENR-2024566,24bcs10566@university.edu,student.test566@gmail.com,Student 566,Computer Science,B.Tech,2024,Inactive
24bcs10567,ENR-2024567,24bcs10567@university.edu,,Student 567,Mechanical,B.Tech,2024,Active
24bcs10568,ENR-2024568,24bcs10568@university.edu,student.test568@gmail.com,Student 568,Civil,B.Tech,2024,Active
24bcs10569,ENR-2024569,24bcs10569@university.edu,student.test569@gmail.com,Student 569,Computer Science,B.Tech,2024,Active
24bcs10570,ENR-2024570,24bcs10570@university.edu,student.test570@gmail.com,Student 570,Computer Science,B.Tech,2024,Active
24bcs10571,ENR-2024571,24bcs10571@university.edu,student.test571@gmail.com,Student 571,Mechanical,B.Tech,2024,Inactive
24bcs10572,ENR-2024572,24bcs10572@university.edu,student.test572@gmail.com,Student 572,Electronics,B.Tech,2024,Active
24bcs10573,ENR-2024573,24bcs10573@university.edu,student.test573@gmail.com,Student 573,Civil,B.Tech,2024,Inactive
24bcs10574,ENR-2024574,24bcs10574@university.edu,student.test574@gmail.com,Student 574,Computer Science,B.Tech,2024,Active
24bcs10575,ENR-2024575,24bcs10575@university.edu,student.test575@gmail.com,Student 575,Mechanical,B.Tech,2024,Inactive
24bcs10576,ENR-2024576,24bcs10576@university.edu,student.test576@gmail.com,Student 576,Electronics,B.Tech,2024,Active
24bcs10577,ENR-2024577,24bcs10577@university.edu,student.test577@gmail.com,Student 577,Civil,B.Tech,2024,Active
24bcs10578,ENR-2024578,24bcs10578@university.edu,student.test578@gmail.com,Student 578,Civil,B.Tech,2024,Active
24bcs10579,ENR-2024579,24bcs10579@university.edu,student.test579@gmail.com,Student 579,Electronics,B.Tech,2024,Active
24bcs10580,ENR-2024580,24bcs10580@university.edu,student.test580@gmail.com,Student 580,Civil,B.Tech,2024,Active
24bcs10581,ENR-2024581,24bcs10581@university.edu,student.test581@gmail.com,Student 581,Electronics,B.Tech,2024,Active
24bcs10582,ENR-2024582,24bcs10582@university.edu,student.test582@gmail.com,Student 582,Computer Science,B.Tech,2024,Inactive
24bcs10583,ENR-2024583,24bcs10583@university.edu,student.test583@gmail.com,Student 583,Mechanical,B.Tech,2024,Active
24bcs10584,ENR-2024584,24bcs10584@university.edu,student.test584@gmail.com,Student 584,Electronics,B.Tech,2024,Inactive
24bcs10585,ENR-2024585,24bcs10585@university.edu,student.test585@gmail.com,Student 585,Civil,B.Tech,2024,Inactive
24bcs10586,ENR-2024586,24bcs10586@university.edu,student.test586@gmail.com,Student 586,Civil,B.Tech,2024,Inactive
24bcs10587,ENR-2024587,24bcs10587@university.edu,student.test587@gmail.com,Student 587,Computer Science,B.Tech,2024,Active
24bcs10588,ENR-2024588,24bcs10588@university.edu,student.test588@gmail.com,Student 588,Computer Science,B.Tech,2024,Active
24bcs10589,ENR-2024589,24bcs10589@university.edu,student.test589@gmail.com,Student 589,Mechanical,B.Tech,2024,Active
24bcs10590,ENR-2024590,24bcs10590@university.edu,student.test590@gmail.com,Student 590,Electronics,B.Tech,2024,Active
24bcs10591,ENR-2024591,24bcs10591@university.edu,student.test591@gmail.com,Student 591,Civil,B.Tech,2024,Active
24bcs10592,ENR-2024592,24bcs10592@university.edu,student.test592@gmail.com,Student 592,Electronics,B.Tech,2024,Active
24bcs10593,ENR-2024593,24bcs10593@university.edu,,Student 593,Electronics,B.Tech,2024,Active
24bcs10594,ENR-2024594,24bcs10594@university.edu,student.test594@gmail.com,Student 594,Mechanical,B.Tech,2024,Active
24bcs10595,ENR-2024595,24bcs10595@university.edu,student.test595@gmail.com,Student 595,Civil,B.Tech,2024,Active
24bcs10596,ENR-2024596,24bcs10596@university.edu,student.test596@gmail.com,Student 596,Electronics,B.Tech,2024,Active
24bcs10597,ENR-2024597,24bcs10597@university.edu,student.test597@gmail.com,Student 597,Electronics,B.Tech,2024,Active
24bcs10598,ENR-2024598,24bcs10598@university.edu,student.test598@gmail.com,Student 598,Electronics,B.Tech,2024,Active
24bcs10599,ENR-2024599,24bcs10599@university.edu,student.test599@gmail.com,Student 599,Mechanical,B.Tech,2024,Inactive
24bcs10600,ENR-2024600,24bcs10600@university.edu,student.test600@gmail.com,Student 600,Electronics,B.Tech,2024,Inactive
24bcs10601,ENR-2024601,24bcs10601@university.edu,student.test601@gmail.com,Student 601,Computer Science,B.Tech,2024,Active
24bcs10602,ENR-2024602,24bcs10602@university.edu,student.test602@gmail.com,Student 602,Computer Science,B.Tech,2024,Active
24bcs10603,ENR-2024603,24bcs10603@university.edu,,Student 603,Civil,B.Tech,2024,Active
24bcs10604,ENR-2024604,24bcs10604@university.edu,student.test604@gmail.com,Student 604,Computer Science,B.Tech,2024,Active
24bcs10605,ENR-2024605,24bcs10605@university.edu,student.test605@gmail.com,Student 605,Electronics,B.Tech,2024,Active
24bcs10606,ENR-2024606,24bcs10606@university.edu,student.test606@gmail.com,Student 606,Mechanical,B.Tech,2024,Inactive
24bcs10607,ENR-2024607,24bcs10607@university.edu,student.test607@gmail.com,Student 607,Civil,B.Tech,2024,Active
24bcs10608,ENR-2024608,24bcs10608@university.edu,student.test608@gmail.com,Student 608,Mechanical,B.Tech,2024,Active
24bcs10609,ENR-2024609,24bcs10609@university.edu,student.test609@gmail.com,Student 609,Civil,B.Tech,2024,Active
24bcs10610,ENR-2024610,24bcs10610@university.edu,,Student 610,Civil,B.Tech,2024,Inactive
24bcs10611,ENR-2024611,24bcs10611@university.edu,student.test611@gmail.com,Student 611,Civil,B.Tech,2024,Active
24bcs10612,ENR-2024612,24bcs10612@university.edu,student.test612@gmail.com,Student 612,Civil,B.Tech,2024,Active
24bcs10613,ENR-2024613,24bcs10613@university.edu,student.test613@gmail.com,Student 613,Computer Science,B.Tech,2024,Active
24bcs10614,ENR-2024614,24bcs10614@university.edu,student.test614@gmail.com,Student 614,Civil,B.Tech,2024,Active
24bcs10615,ENR-2024615,24bcs10615@university.edu,student.test615@gmail.com,Student 615,Computer Science,B.Tech,2024,Active
24bcs10616,ENR-2024616,24bcs10616@university.edu,student.test616@gmail.com,Student 616,Electronics,B.Tech,2024,Inactive
24bcs10617,ENR-2024617,24bcs10617@university.edu,student.test617@gmail.com,Student 617,Electronics,B.Tech,2024,Inactive
24bcs10618,ENR-2024618,24bcs10618@university.edu,student.test618@gmail.com,Student 618,Civil,B.Tech,2024,Active
24bcs10619,ENR-2024619,24bcs10619@university.edu,student.test619@gmail.com,Student 619,Civil,B.Tech,2024,Active
24bcs10620,ENR-2024620,24bcs10620@university.edu,student.test620@gmail.com,Student 620,Computer Science,B.Tech,2024,Active
24bcs10621,ENR-2024621,24bcs10621@university.edu,student.test621@gmail.com,Student 621,Mechanical,B.Tech,2024,Inactive
24bcs10622,ENR-2024622,24bcs10622@university.edu,student.test622@gmail.com,Student 622,Mechanical,B.Tech,2024,Active
24bcs10623,ENR-2024623,24bcs10623@university.edu,student.test623@gmail.com,Student 623,Civil,B.Tech,2024,Active
24bcs10624,ENR-2024624,24bcs10624@university.edu,student.test624@gmail.com,Student 624,Mechanical,B.Tech,2024,Inactive
24bcs10625,ENR-2024625,24bcs10625@university.edu,student.test625@gmail.com,Student 625,Mechanical,B.Tech,2024,Inactive
24bcs10626,ENR-2024626,24bcs10626@university.edu,student.test626@gmail.com,Student 626,Computer Science,B.Tech,2024,Active
24bcs10627,ENR-2024627,24bcs10627@university.edu,student.test627@gmail.com,Student 627,Mechanical,B.Tech,2024,Inactive
24bcs10628,ENR-2024628,24bcs10628@university.edu,student.test628@gmail.com,Student 628,Electronics,B.Tech,2024,Active
24bcs10629,ENR-2024629,24bcs10629@university.edu,student.test629@gmail.com,Student 629,Computer Science,B.Tech,2024,Inactive
24bcs10630,ENR-2024630,24bcs10630@university.edu,student.test630@gmail.com,Student 630,Civil,B.Tech,2024,Active
24bcs10631,ENR-2024631,24bcs10631@university.edu,student.test631@gmail.com,Student 631,Computer Science,B.Tech,2024,Inactive
24bcs10632,ENR-2024632,24bcs10632@university.edu,student.test632@gmail.com,Student 632,Civil,B.Tech,2024,Active
24bcs10633,ENR-2024633,24bcs10633@university.edu,student.test633@gmail.com,Student 633,Computer Science,B.Tech,2024,Active
24bcs10634,ENR-2024634,24bcs10634@university.edu,student.test634@gmail.com,Student 634,Electronics,B.Tech,2024,Inactive
24bcs10635,ENR-2024635,24bcs10635@university.edu,student.test635@gmail.com,Student 635,Civil,B.Tech,2024,Active
24bcs10636,ENR-2024636,24bcs10636@university.edu,student.test636@gmail.com,Student 636,Computer Science,B.Tech,2024,Active
24bcs10637,ENR-2024637,24bcs10637@university.edu,student.test637@gmail.com,Student 637,Computer Science,B.Tech,2024,Active
24bcs10638,ENR-2024638,24bcs10638@university.edu,student.test638@gmail.com,Student 638,Mechanical,B.Tech,2024,Active
24bcs10639,ENR-2024639,24bcs10639@university.edu,student.test639@gmail.com,Student 639,Mechanical,B.Tech,2024,Active
24bcs10640,ENR-2024640,24bcs10640@university.edu,student.test640@gmail.com,Student 640,Electronics,B.Tech,2024,Active
24bcs10641,ENR-2024641,24bcs10641@university.edu,student.test641@gmail.com,Student 641,Electronics,B.Tech,2024,Active
24bcs10642,ENR-2024642,24bcs10642@university.edu,student.test642@gmail.com,Student 642,Computer Science,B.Tech,2024,Active
24bcs10643,ENR-2024643,24bcs10643@university.edu,student.test643@gmail.com,Student 643,Civil,B.Tech,2024,Active
24bcs10644,ENR-2024644,24bcs10644@university.edu,student.test644@gmail.com,Student 644,Mechanical,B.Tech,2024,Active
24bcs10645,ENR-2024645,24bcs10645@university.edu,student.test645@gmail.com,Student 645,Computer Science,B.Tech,2024,Inactive
24bcs10646,ENR-2024646,24bcs10646@university.edu,student.test646@gmail.com,Student 646,Electronics,B.Tech,2024,Active
24bcs10647,ENR-2024647,24bcs10647@university.edu,student.test647@gmail.com,Student 647,Electronics,B.Tech,2024,Active
24bcs10648,ENR-2024648,24bcs10648@university.edu,student.test648@gmail.com,Student 648,Civil,B.Tech,2024,Active
24bcs10649,ENR-2024649,24bcs10649@university.edu,student.test649@gmail.com,Student 649,Electronics,B.Tech,2024,Inactive
24bcs10650,ENR-2024650,24bcs10650@university.edu,student.test650@gmail.com,Student 650,Computer Science,B.Tech,2024,Active
24bcs10651,ENR-2024651,24bcs10651@university.edu,student.test651@gmail.com,Student 651,Computer Science,B.Tech,2024,Inactive
24bcs10652,ENR-2024652,24bcs10652@university.edu,student.test652@gmail.com,Student 652,Electronics,B.Tech,2024,Active
24bcs10653,ENR-2024653,24bcs10653@university.edu,student.test653@gmail.com,Student 653,Computer Science,B.Tech,2024,Active
24bcs10654,ENR-2024654,24bcs10654@university.edu,student.test654@gmail.com,Student 654,Mechanical,B.Tech,2024,Inactive
24bcs10655,ENR-2024655,24bcs10655@university.edu,student.test655@gmail.com,Student 655,Electronics,B.Tech,2024,Active
24bcs10656,ENR-2024656,24bcs10656@university.edu,student.test656@gmail.com,Student 656,Electronics,B.Tech,2024,Active
24bcs10657,ENR-2024657,24bcs10657@university.edu,,Student 657,Mechanical,B.Tech,2024,Active
24bcs10658,ENR-2024658,24bcs10658@university.edu,student.test658@gmail.com,Student 658,Mechanical,B.Tech,2024,Active
24bcs10659,ENR-2024659,24bcs10659@university.edu,student.test659@gmail.com,Student 659,Mechanical,B.Tech,2024,Inactive
24bcs10660,ENR-2024660,24bcs10660@university.edu,student.test660@gmail.com,Student 660,Computer Science,B.Tech,2024,Active
24bcs10661,ENR-2024661,24bcs10661@university.edu,student.test661@gmail.com,Student 661,Electronics,B.Tech,2024,Active
24bcs10662,ENR-2024662,24bcs10662@university.edu,student.test662@gmail.com,Student 662,Electronics,B.Tech,2024,Active
24bcs10663,ENR-2024663,24bcs10663@university.edu,student.test663@gmail.com,Student 663,Mechanical,B.Tech,2024,Active
24bcs10664,ENR-2024664,24bcs10664@university.edu,student.test664@gmail.com,Student 664,Civil,B.Tech,2024,Active
24bcs10665,ENR-2024665,24bcs10665@university.edu,student.test665@gmail.com,Student 665,Electronics,B.Tech,2024,Active
24bcs10666,ENR-2024666,24bcs10666@university.edu,student.test666@gmail.com,Student 666,Mechanical,B.Tech,2024,Inactive
24bcs10667,ENR-2024667,24bcs10667@university.edu,student.test667@gmail.com,Student 667,Mechanical,B.Tech,2024,Active
24bcs10668,ENR-2024668,24bcs10668@university.edu,student.test668@gmail.com,Student 668,Mechanical,B.Tech,2024,Active
24bcs10669,ENR-2024669,24bcs10669@university.edu,student.test669@gmail.com,Student 669,Electronics,B.Tech,2024,Active
24bcs10670,ENR-2024670,24bcs10670@university.edu,student.test670@gmail.com,Student 670,Civil,B.Tech,2024,Active
24bcs10671,ENR-2024671,24bcs10671@university.edu,student.test671@gmail.com,Student 671,Mechanical,B.Tech,2024,Active
24bcs10672,ENR-2024672,24bcs10672@university.edu,student.test672@gmail.com,Student 672,Civil,B.Tech,2024,Active
24bcs10673,ENR-2024673,24bcs10673@university.edu,student.test673@gmail.com,Student 673,Computer Science,B.Tech,2024,Active
24bcs10674,ENR-2024674,24bcs10674@university.edu,student.test674@gmail.com,Student 674,Civil,B.Tech,2024,Inactive
24bcs10675,ENR-2024675,24bcs10675@university.edu,student.test675@gmail.com,Student 675,Computer Science,B.Tech,2024,Inactive
24bcs10676,ENR-2024676,24bcs10676@university.edu,student.test676@gmail.com,Student 676,Electronics,B.Tech,2024,Active
24bcs10677,ENR-2024677,24bcs10677@university.edu,student.test677@gmail.com,Student 677,Mechanical,B.Tech,2024,Active
24bcs10678,ENR-2024678,24bcs10678@university.edu,student.test678@gmail.com,Student 678,Civil,B.Tech,2024,Active
24bcs10679,ENR-2024679,24bcs10679@university.edu,student.test679@gmail.com,Student 679,Computer Science,B.Tech,2024,Active
24bcs10680,ENR-2024680,24bcs10680@university.edu,student.test680@gmail.com,Student 680,Electronics,B.Tech,2024,Active
24bcs10681,ENR-2024681,24bcs10681@university.edu,student.test681@gmail.com,Student 681,Computer Science,B.Tech,2024,Inactive
24bcs10682,ENR-2024682,24bcs10682@university.edu,student.test682@gmail.com,Student 682,Electronics,B.Tech,2024,Inactive
24bcs10683,ENR-2024683,24bcs10683@university.edu,student.test683@gmail.com,Student 683,Electronics,B.Tech,2024,Inactive
24bcs10684,ENR-2024684,24bcs10684@university.edu,student.test684@gmail.com,Student 684,Electronics,B.Tech,2024,Active
24bcs10685,ENR-2024685,24bcs10685@university.edu,student.test685@gmail.com,Student 685,Electronics,B.Tech,2024,Active
24bcs10686,ENR-2024686,24bcs10686@university.edu,student.test686@gmail.com,Student 686,Mechanical,B.Tech,2024,Active
24bcs10687,ENR-2024687,24bcs10687@university.edu,student.test687@gmail.com,Student 687,Mechanical,B.Tech,2024,Inactive
24bcs10688,ENR-2024688,24bcs10688@university.edu,student.test688@gmail.com,Student 688,Computer Science,B.Tech,2024,Inactive
24bcs10689,ENR-2024689,24bcs10689@university.edu,student.test689@gmail.com,Student 689,Civil,B.Tech,2024,Active
24bcs10690,ENR-2024690,24bcs10690@university.edu,student.test690@gmail.com,Student 690,Electronics,B.Tech,2024,Active
24bcs10691,ENR-2024691,24bcs10691@university.edu,student.test691@gmail.com,Student 691,Computer Science,B.Tech,2024,Active
24bcs10692,ENR-2024692,24bcs10692@university.edu,student.test692@gmail.com,Student 692,Mechanical,B.Tech,2024,Active
24bcs10693,ENR-2024693,24bcs10693@university.edu,student.test693@gmail.com,Student 693,Mechanical,B.Tech,2024,Inactive
24bcs10694,ENR-2024694,24bcs10694@university.edu,student.test694@gmail.com,Student 694,Civil,B.Tech,2024,Active
24bcs10695,ENR-2024695,24bcs10695@university.edu,student.test695@gmail.com,Student 695,Mechanical,B.Tech,2024,Inactive
24bcs10696,ENR-2024696,24bcs10696@university.edu,student.test696@gmail.com,Student 696,Civil,B.Tech,2024,Active
24bcs10697,ENR-2024697,24bcs10697@university.edu,student.test697@gmail.com,Student 697,Mechanical,B.Tech,2024,Active
24bcs10698,ENR-2024698,24bcs10698@university.edu,student.test698@gmail.com,Student 698,Mechanical,B.Tech,2024,Active
24bcs10699,ENR-2024699,24bcs10699@university.edu,student.test699@gmail.com,Student 699,Computer Science,B.Tech,2024,Active
24bcs10700,ENR-2024700,24bcs10700@university.edu,,Student 700,Civil,B.Tech,2024,Active
24bcs10701,ENR-2024701,24bcs10701@university.edu,student.test701@gmail.com,Student 701,Civil,B.Tech,2024,Active
24bcs10702,ENR-2024702,24bcs10702@university.edu,,Student 702,Electronics,B.Tech,2024,Active
24bcs10703,ENR-2024703,24bcs10703@university.edu,student.test703@gmail.com,Student 703,Mechanical,B.Tech,2024,Inactive
24bcs10704,ENR-2024704,24bcs10704@university.edu,student.test704@gmail.com,Student 704,Civil,B.Tech,2024,Active
24bcs10705,ENR-2024705,24bcs10705@university.edu,student.test705@gmail.com,Student 705,Computer Science,B.Tech,2024,Active
24bcs10706,ENR-2024706,24bcs10706@university.edu,student.test706@gmail.com,Student 706,Electronics,B.Tech,2024,Inactive
24bcs10707,ENR-2024707,24bcs10707@university.edu,student.test707@gmail.com,Student 707,Civil,B.Tech,2024,Active
24bcs10708,ENR-2024708,24bcs10708@university.edu,student.test708@gmail.com,Student 708,Mechanical,B.Tech,2024,Active
24bcs10709,ENR-2024709,24bcs10709@university.edu,student.test709@gmail.com,Student 709,Computer Science,B.Tech,2024,Active
24bcs10710,ENR-2024710,24bcs10710@university.edu,student.test710@gmail.com,Student 710,Civil,B.Tech,2024,Inactive
24bcs10711,ENR-2024711,24bcs10711@university.edu,student.test711@gmail.com,Student 711,Civil,B.Tech,2024,Active
24bcs10712,ENR-2024712,24bcs10712@university.edu,student.test712@gmail.com,Student 712,Mechanical,B.Tech,2024,Inactive
24bcs10713,ENR-2024713,24bcs10713@university.edu,student.test713@gmail.com,Student 713,Computer Science,B.Tech,2024,Active
24bcs10714,ENR-2024714,24bcs10714@university.edu,student.test714@gmail.com,Student 714,Computer Science,B.Tech,2024,Inactive
24bcs10715,ENR-2024715,24bcs10715@university.edu,student.test715@gmail.com,Student 715,Civil,B.Tech,2024,Inactive
24bcs10716,ENR-2024716,24bcs10716@university.edu,student.test716@gmail.com,Student 716,Computer Science,B.Tech,2024,Inactive
24bcs10717,ENR-2024717,24bcs10717@university.edu,student.test717@gmail.com,Student 717,Civil,B.Tech,2024,Active
24bcs10718,ENR-2024718,24bcs10718@university.edu,student.test718@gmail.com,Student 718,Mechanical,B.Tech,2024,Active
24bcs10719,ENR-2024719,24bcs10719@university.edu,student.test719@gmail.com,Student 719,Electronics,B.Tech,2024,Active
24bcs10720,ENR-2024720,24bcs10720@university.edu,student.test720@gmail.com,Student 720,Mechanical,B.Tech,2024,Active
24bcs10721,ENR-2024721,24bcs10721@university.edu,student.test721@gmail.com,Student 721,Computer Science,B.Tech,2024,Active
24bcs10722,ENR-2024722,24bcs10722@university.edu,student.test722@gmail.com,Student 722,Civil,B.Tech,2024,Active
24bcs10723,ENR-2024723,24bcs10723@university.edu,student.test723@gmail.com,Student 723,Electronics,B.Tech,2024,Inactive
24bcs10724,ENR-2024724,24bcs10724@university.edu,student.test724@gmail.com,Student 724,Civil,B.Tech,2024,Active
24bcs10725,ENR-2024725,24bcs10725@university.edu,student.test725@gmail.com,Student 725,Mechanical,B.Tech,2024,Active
24bcs10726,ENR-2024726,24bcs10726@university.edu,student.test726@gmail.com,Student 726,Computer Science,B.Tech,2024,Active
24bcs10727,ENR-2024727,24bcs10727@university.edu,student.test727@gmail.com,Student 727,Civil,B.Tech,2024,Active
24bcs10728,ENR-2024728,24bcs10728@university.edu,student.test728@gmail.com,Student 728,Civil,B.Tech,2024,Active
24bcs10729,ENR-2024729,24bcs10729@university.edu,student.test729@gmail.com,Student 729,Mechanical,B.Tech,2024,Active
24bcs10730,ENR-2024730,24bcs10730@university.edu,student.test730@gmail.com,Student 730,Mechanical,B.Tech,2024,Active
24bcs10731,ENR-2024731,24bcs10731@university.edu,student.test731@gmail.com,Student 731,Mechanical,B.Tech,2024,Active
24bcs10732,ENR-2024732,24bcs10732@university.edu,student.test732@gmail.com,Student 732,Mechanical,B.Tech,2024,Active
24bcs10733,ENR-2024733,24bcs10733@university.edu,student.test733@gmail.com,Student 733,Mechanical,B.Tech,2024,Inactive
24bcs10734,ENR-2024734,24bcs10734@university.edu,student.test734@gmail.com,Student 734,Mechanical,B.Tech,2024,Active
24bcs10735,ENR-2024735,24bcs10735@university.edu,student.test735@gmail.com,Student 735,Civil,B.Tech,2024,Active
24bcs10736,ENR-2024736,24bcs10736@university.edu,student.test736@gmail.com,Student 736,Mechanical,B.Tech,2024,Inactive
24bcs10737,ENR-2024737,24bcs10737@university.edu,student.test737@gmail.com,Student 737,Electronics,B.Tech,2024,Active
24bcs10738,ENR-2024738,24bcs10738@university.edu,student.test738@gmail.com,Student 738,Mechanical,B.Tech,2024,Inactive
24bcs10739,ENR-2024739,24bcs10739@university.edu,student.test739@gmail.com,Student 739,Mechanical,B.Tech,2024,Active
24bcs10740,ENR-2024740,24bcs10740@university.edu,student.test740@gmail.com,Student 740,Electronics,B.Tech,2024,Active
24bcs10741,ENR-2024741,24bcs10741@university.edu,student.test741@gmail.com,Student 741,Electronics,B.Tech,2024,Active
24bcs10742,ENR-2024742,24bcs10742@university.edu,student.test742@gmail.com,Student 742,Computer Science,B.Tech,2024,Inactive
24bcs10743,ENR-2024743,24bcs10743@university.edu,student.test743@gmail.com,Student 743,Electronics,B.Tech,2024,Active
24bcs10744,ENR-2024744,24bcs10744@university.edu,student.test744@gmail.com,Student 744,Electronics,B.Tech,2024,Active
24bcs10745,ENR-2024745,24bcs10745@university.edu,student.test745@gmail.com,Student 745,Electronics,B.Tech,2024,Active
24bcs10746,ENR-2024746,24bcs10746@university.edu,,Student 746,Civil,B.Tech,2024,Active
24bcs10747,ENR-2024747,24bcs10747@university.edu,student.test747@gmail.com,Student 747,Civil,B.Tech,2024,Active
24bcs10748,ENR-2024748,24bcs10748@university.edu,student.test748@gmail.com,Student 748,Civil,B.Tech,2024,Active
24bcs10749,ENR-2024749,24bcs10749@university.edu,student.test749@gmail.com,Student 749,Civil,B.Tech,2024,Active
24bcs10750,ENR-2024750,24bcs10750@university.edu,student.test750@gmail.com,Student 750,Mechanical,B.Tech,2024,Inactive
24bcs10751,ENR-2024751,24bcs10751@university.edu,student.test751@gmail.com,Student 751,Mechanical,B.Tech,2024,Active
24bcs10752,ENR-2024752,24bcs10752@university.edu,student.test752@gmail.com,Student 752,Computer Science,B.Tech,2024,Active
24bcs10753,ENR-2024753,24bcs10753@university.edu,student.test753@gmail.com,Student 753,Mechanical,B.Tech,2024,Inactive
24bcs10754,ENR-2024754,24bcs10754@university.edu,student.test754@gmail.com,Student 754,Civil,B.Tech,2024,Inactive
24bcs10755,ENR-2024755,24bcs10755@university.edu,student.test755@gmail.com,Student 755,Electronics,B.Tech,2024,Active
24bcs10756,ENR-2024756,24bcs10756@university.edu,student.test756@gmail.com,Student 756,Civil,B.Tech,2024,Active
24bcs10757,ENR-2024757,24bcs10757@university.edu,student.test757@gmail.com,Student 757,Electronics,B.Tech,2024,Active
24bcs10758,ENR-2024758,24bcs10758@university.edu,student.test758@gmail.com,Student 758,Computer Science,B.Tech,2024,Active
24bcs10759,ENR-2024759,24bcs10759@university.edu,,Student 759,Electronics,B.Tech,2024,Active
24bcs10760,ENR-2024760,24bcs10760@university.edu,student.test760@gmail.com,Student 760,Civil,B.Tech,2024,Inactive
24bcs10761,ENR-2024761,24bcs10761@university.edu,student.test761@gmail.com,Student 761,Civil,B.Tech,2024,Active
24bcs10762,ENR-2024762,24bcs10762@university.edu,student.test762@gmail.com,Student 762,Electronics,B.Tech,2024,Active
24bcs10763,ENR-2024763,24bcs10763@university.edu,student.test763@gmail.com,Student 763,Computer Science,B.Tech,2024,Active
24bcs10764,ENR-2024764,24bcs10764@university.edu,,Student 764,Electronics,B.Tech,2024,Active
24bcs10765,ENR-2024765,24bcs10765@university.edu,student.test765@gmail.com,Student 765,Computer Science,B.Tech,2024,Inactive
24bcs10766,ENR-2024766,24bcs10766@university.edu,student.test766@gmail.com,Student 766,Civil,B.Tech,2024,Inactive
24bcs10767,ENR-2024767,24bcs10767@university.edu,student.test767@gmail.com,Student 767,Electronics,B.Tech,2024,Active
24bcs10768,ENR-2024768,24bcs10768@university.edu,student.test768@gmail.com,Student 768,Computer Science,B.Tech,2024,Active
24bcs10769,ENR-2024769,24bcs10769@university.edu,student.test769@gmail.com,Student 769,Civil,B.Tech,2024,Active
24bcs10770,ENR-2024770,24bcs10770@university.edu,student.test770@gmail.com,Student 770,Computer Science,B.Tech,2024,Active
24bcs10771,ENR-2024771,24bcs10771@university.edu,student.test771@gmail.com,Student 771,Electronics,B.Tech,2024,Active
24bcs10772,ENR-2024772,24bcs10772@university.edu,student.test772@gmail.com,Student 772,Electronics,B.Tech,2024,Active
24bcs10773,ENR-2024773,24bcs10773@university.edu,student.test773@gmail.com,Student 773,Electronics,B.Tech,2024,Active
24bcs10774,ENR-2024774,24bcs10774@university.edu,student.test774@gmail.com,Student 774,Mechanical,B.Tech,2024,Active
24bcs10775,ENR-2024775,24bcs10775@university.edu,student.test775@gmail.com,Student 775,Computer Science,B.Tech,2024,Active
24bcs10776,ENR-2024776,24bcs10776@university.edu,student.test776@gmail.com,Student 776,Computer Science,B.Tech,2024,Active
24bcs10777,ENR-2024777,24bcs10777@university.edu,student.test777@gmail.com,Student 777,Mechanical,B.Tech,2024,Active
24bcs10778,ENR-2024778,24bcs10778@university.edu,student.test778@gmail.com,Student 778,Civil,B.Tech,2024,Active
24bcs10779,ENR-2024779,24bcs10779@university.edu,student.test779@gmail.com,Student 779,Computer Science,B.Tech,2024,Active
24bcs10780,ENR-2024780,24bcs10780@university.edu,student.test780@gmail.com,Student 780,Mechanical,B.Tech,2024,Active
24bcs10781,ENR-2024781,24bcs10781@university.edu,student.test781@gmail.com,Student 781,Civil,B.Tech,2024,Inactive
24bcs10782,ENR-2024782,24bcs10782@university.edu,student.test782@gmail.com,Student 782,Computer Science,B.Tech,2024,Active
24bcs10783,ENR-2024783,24bcs10783@university.edu,student.test783@gmail.com,Student 783,Computer Science,B.Tech,2024,Active
24bcs10784,ENR-2024784,24bcs10784@university.edu,student.test784@gmail.com,Student 784,Computer Science,B.Tech,2024,Inactive
24bcs10785,ENR-2024785,24bcs10785@university.edu,student.test785@gmail.com,Student 785,Electronics,B.Tech,2024,Active
24bcs10786,ENR-2024786,24bcs10786@university.edu,student.test786@gmail.com,Student 786,Mechanical,B.Tech,2024,Active
24bcs10787,ENR-2024787,24bcs10787@university.edu,student.test787@gmail.com,Student 787,Mechanical,B.Tech,2024,Active
24bcs10788,ENR-2024788,24bcs10788@university.edu,student.test788@gmail.com,Student 788,Civil,B.Tech,2024,Inactive
24bcs10789,ENR-2024789,24bcs10789@university.edu,student.test789@gmail.com,Student 789,Electronics,B.Tech,2024,Active
24bcs10790,ENR-2024790,24bcs10790@university.edu,student.test790@gmail.com,Student 790,Mechanical,B.Tech,2024,Inactive
24bcs10791,ENR-2024791,24bcs10791@university.edu,student.test791@gmail.com,Student 791,Computer Science,B.Tech,2024,Active
24bcs10792,ENR-2024792,24bcs10792@university.edu,student.test792@gmail.com,Student 792,Civil,B.Tech,2024,Active
24bcs10793,ENR-2024793,24bcs10793@university.edu,student.test793@gmail.com,Student 793,Civil,B.Tech,2024,Inactive
24bcs10794,ENR-2024794,24bcs10794@university.edu,student.test794@gmail.com,Student 794,Computer Science,B.Tech,2024,Active
24bcs10795,ENR-2024795,24bcs10795@university.edu,student.test795@gmail.com,Student 795,Civil,B.Tech,2024,Active
24bcs10796,ENR-2024796,24bcs10796@university.edu,student.test796@gmail.com,Student 796,Civil,B.Tech,2024,Active
24bcs10797,ENR-2024797,24bcs10797@university.edu,student.test797@gmail.com,Student 797,Civil,B.Tech,2024,Inactive
24bcs10798,ENR-2024798,24bcs10798@university.edu,student.test798@gmail.com,Student 798,Computer Science,B.Tech,2024,Active
24bcs10799,ENR-2024799,24bcs10799@university.edu,student.test799@gmail.com,Student 799,Civil,B.Tech,2024,Inactive
24bcs10800,ENR-2024800,24bcs10800@university.edu,student.test800@gmail.com,Student 800,Civil,B.Tech,2024,Active
24bcs10801,ENR-2024801,24bcs10801@university.edu,student.test801@gmail.com,Student 801,Civil,B.Tech,2024,Active
24bcs10802,ENR-2024802,24bcs10802@university.edu,student.test802@gmail.com,Student 802,Civil,B.Tech,2024,Inactive
24bcs10803,ENR-2024803,24bcs10803@university.edu,student.test803@gmail.com,Student 803,Civil,B.Tech,2024,Active
24bcs10804,ENR-2024804,24bcs10804@university.edu,student.test804@gmail.com,Student 804,Electronics,B.Tech,2024,Active
24bcs10805,ENR-2024805,24bcs10805@university.edu,,Student 805,Computer Science,B.Tech,2024,Active
24bcs10806,ENR-2024806,24bcs10806@university.edu,student.test806@gmail.com,Student 806,Civil,B.Tech,2024,Active
24bcs10807,ENR-2024807,24bcs10807@university.edu,student.test807@gmail.com,Student 807,Electronics,B.Tech,2024,Active
24bcs10808,ENR-2024808,24bcs10808@university.edu,student.test808@gmail.com,Student 808,Civil,B.Tech,2024,Active
24bcs10809,ENR-2024809,24bcs10809@university.edu,student.test809@gmail.com,Student 809,Civil,B.Tech,2024,Active
24bcs10810,ENR-2024810,24bcs10810@university.edu,student.test810@gmail.com,Student 810,Computer Science,B.Tech,2024,Active
24bcs10811,ENR-2024811,24bcs10811@university.edu,student.test811@gmail.com,Student 811,Mechanical,B.Tech,2024,Inactive
24bcs10812,ENR-2024812,24bcs10812@university.edu,student.test812@gmail.com,Student 812,Computer Science,B.Tech,2024,Active
24bcs10813,ENR-2024813,24bcs10813@university.edu,student.test813@gmail.com,Student 813,Electronics,B.Tech,2024,Inactive
24bcs10814,ENR-2024814,24bcs10814@university.edu,student.test814@gmail.com,Student 814,Civil,B.Tech,2024,Active
24bcs10815,ENR-2024815,24bcs10815@university.edu,student.test815@gmail.com,Student 815,Mechanical,B.Tech,2024,Active
24bcs10816,ENR-2024816,24bcs10816@university.edu,student.test816@gmail.com,Student 816,Mechanical,B.Tech,2024,Active
24bcs10817,ENR-2024817,24bcs10817@university.edu,student.test817@gmail.com,Student 817,Computer Science,B.Tech,2024,Active
24bcs10818,ENR-2024818,24bcs10818@university.edu,student.test818@gmail.com,Student 818,Mechanical,B.Tech,2024,Active
24bcs10819,ENR-2024819,24bcs10819@university.edu,student.test819@gmail.com,Student 819,Electronics,B.Tech,2024,Active
24bcs10820,ENR-2024820,24bcs10820@university.edu,student.test820@gmail.com,Student 820,Electronics,B.Tech,2024,Active
24bcs10821,ENR-2024821,24bcs10821@university.edu,student.test821@gmail.com,Student 821,Electronics,B.Tech,2024,Active
24bcs10822,ENR-2024822,24bcs10822@university.edu,student.test822@gmail.com,Student 822,Civil,B.Tech,2024,Inactive
24bcs10823,ENR-2024823,24bcs10823@university.edu,student.test823@gmail.com,Student 823,Computer Science,B.Tech,2024,Active
24bcs10824,ENR-2024824,24bcs10824@university.edu,student.test824@gmail.com,Student 824,Electronics,B.Tech,2024,Active
24bcs10825,ENR-2024825,24bcs10825@university.edu,student.test825@gmail.com,Student 825,Electronics,B.Tech,2024,Active
24bcs10826,ENR-2024826,24bcs10826@university.edu,student.test826@gmail.com,Student 826,Mechanical,B.Tech,2024,Active
24bcs10827,ENR-2024827,24bcs10827@university.edu,student.test827@gmail.com,Student 827,Computer Science,B.Tech,2024,Inactive
24bcs10828,ENR-2024828,24bcs10828@university.edu,student.test828@gmail.com,Student 828,Civil,B.Tech,2024,Active
24bcs10829,ENR-2024829,24bcs10829@university.edu,student.test829@gmail.com,Student 829,Civil,B.Tech,2024,Active
24bcs10830,ENR-2024830,24bcs10830@university.edu,student.test830@gmail.com,Student 830,Mechanical,B.Tech,2024,Active
24bcs10831,ENR-2024831,24bcs10831@university.edu,student.test831@gmail.com,Student 831,Civil,B.Tech,2024,Active
24bcs10832,ENR-2024832,24bcs10832@university.edu,student.test832@gmail.com,Student 832,Electronics,B.Tech,2024,Active
24bcs10833,ENR-2024833,24bcs10833@university.edu,student.test833@gmail.com,Student 833,Computer Science,B.Tech,2024,Active
24bcs10834,ENR-2024834,24bcs10834@university.edu,student.test834@gmail.com,Student 834,Computer Science,B.Tech,2024,Inactive
24bcs10835,ENR-2024835,24bcs10835@university.edu,student.test835@gmail.com,Student 835,Mechanical,B.Tech,2024,Active
24bcs10836,ENR-2024836,24bcs10836@university.edu,student.test836@gmail.com,Student 836,Electronics,B.Tech,2024,Active
24bcs10837,ENR-2024837,24bcs10837@university.edu,student.test837@gmail.com,Student 837,Civil,B.Tech,2024,Active
24bcs10838,ENR-2024838,24bcs10838@university.edu,student.test838@gmail.com,Student 838,Civil,B.Tech,2024,Inactive
24bcs10839,ENR-2024839,24bcs10839@university.edu,student.test839@gmail.com,Student 839,Computer Science,B.Tech,2024,Inactive
24bcs10840,ENR-2024840,24bcs10840@university.edu,student.test840@gmail.com,Student 840,Mechanical,B.Tech,2024,Active
24bcs10841,ENR-2024841,24bcs10841@university.edu,student.test841@gmail.com,Student 841,Electronics,B.Tech,2024,Active
24bcs10842,ENR-2024842,24bcs10842@university.edu,student.test842@gmail.com,Student 842,Computer Science,B.Tech,2024,Active
24bcs10843,ENR-2024843,24bcs10843@university.edu,,Student 843,Mechanical,B.Tech,2024,Inactive
24bcs10844,ENR-2024844,24bcs10844@university.edu,student.test844@gmail.com,Student 844,Computer Science,B.Tech,2024,Active
24bcs10845,ENR-2024845,24bcs10845@university.edu,student.test845@gmail.com,Student 845,Civil,B.Tech,2024,Active
24bcs10846,ENR-2024846,24bcs10846@university.edu,student.test846@gmail.com,Student 846,Computer Science,B.Tech,2024,Inactive
24bcs10847,ENR-2024847,24bcs10847@university.edu,student.test847@gmail.com,Student 847,Electronics,B.Tech,2024,Active
24bcs10848,ENR-2024848,24bcs10848@university.edu,student.test848@gmail.com,Student 848,Electronics,B.Tech,2024,Active
24bcs10849,ENR-2024849,24bcs10849@university.edu,student.test849@gmail.com,Student 849,Mechanical,B.Tech,2024,Active
24bcs10850,ENR-2024850,24bcs10850@university.edu,student.test850@gmail.com,Student 850,Civil,B.Tech,2024,Active
24bcs10851,ENR-2024851,24bcs10851@university.edu,student.test851@gmail.com,Student 851,Civil,B.Tech,2024,Active
24bcs10852,ENR-2024852,24bcs10852@university.edu,student.test852@gmail.com,Student 852,Electronics,B.Tech,2024,Active
24bcs10853,ENR-2024853,24bcs10853@university.edu,student.test853@gmail.com,Student 853,Mechanical,B.Tech,2024,Inactive
24bcs10854,ENR-2024854,24bcs10854@university.edu,student.test854@gmail.com,Student 854,Mechanical,B.Tech,2024,Active
24bcs10855,ENR-2024855,24bcs10855@university.edu,,Student 855,Electronics,B.Tech,2024,Inactive
24bcs10856,ENR-2024856,24bcs10856@university.edu,student.test856@gmail.com,Student 856,Electronics,B.Tech,2024,Active
24bcs10857,ENR-2024857,24bcs10857@university.edu,student.test857@gmail.com,Student 857,Mechanical,B.Tech,2024,Active
24bcs10858,ENR-2024858,24bcs10858@university.edu,student.test858@gmail.com,Student 858,Mechanical,B.Tech,2024,Active
24bcs10859,ENR-2024859,24bcs10859@university.edu,student.test859@gmail.com,Student 859,Civil,B.Tech,2024,Active
24bcs10860,ENR-2024860,24bcs10860@university.edu,student.test860@gmail.com,Student 860,Electronics,B.Tech,2024,Inactive
24bcs10861,ENR-2024861,24bcs10861@university.edu,student.test861@gmail.com,Student 861,Civil,B.Tech,2024,Active
24bcs10862,ENR-2024862,24bcs10862@university.edu,student.test862@gmail.com,Student 862,Mechanical,B.Tech,2024,Active
24bcs10863,ENR-2024863,24bcs10863@university.edu,student.test863@gmail.com,Student 863,Electronics,B.Tech,2024,Active
24bcs10864,ENR-2024864,24bcs10864@university.edu,,Student 864,Civil,B.Tech,2024,Active
24bcs10865,ENR-2024865,24bcs10865@university.edu,student.test865@gmail.com,Student 865,Mechanical,B.Tech,2024,Active
24bcs10866,ENR-2024866,24bcs10866@university.edu,student.test866@gmail.com,Student 866,Electronics,B.Tech,2024,Active
24bcs10867,ENR-2024867,24bcs10867@university.edu,student.test867@gmail.com,Student 867,Civil,B.Tech,2024,Inactive
24bcs10868,ENR-2024868,24bcs10868@university.edu,student.test868@gmail.com,Student 868,Computer Science,B.Tech,2024,Inactive
24bcs10869,ENR-2024869,24bcs10869@university.edu,student.test869@gmail.com,Student 869,Civil,B.Tech,2024,Active
24bcs10870,ENR-2024870,24bcs10870@university.edu,student.test870@gmail.com,Student 870,Civil,B.Tech,2024,Inactive
24bcs10871,ENR-2024871,24bcs10871@university.edu,student.test871@gmail.com,Student 871,Mechanical,B.Tech,2024,Active
24bcs10872,ENR-2024872,24bcs10872@university.edu,student.test872@gmail.com,Student 872,Computer Science,B.Tech,2024,Active
24bcs10873,ENR-2024873,24bcs10873@university.edu,student.test873@gmail.com,Student 873,Computer Science,B.Tech,2024,Inactive
24bcs10874,ENR-2024874,24bcs10874@university.edu,student.test874@gmail.com,Student 874,Electronics,B.Tech,2024,Active
24bcs10875,ENR-2024875,24bcs10875@university.edu,,Student 875,Mechanical,B.Tech,2024,Active
24bcs10876,ENR-2024876,24bcs10876@university.edu,student.test876@gmail.com,Student 876,Mechanical,B.Tech,2024,Active
24bcs10877,ENR-2024877,24bcs10877@university.edu,student.test877@gmail.com,Student 877,Mechanical,B.Tech,2024,Active
24bcs10878,ENR-2024878,24bcs10878@university.edu,student.test878@gmail.com,Student 878,Civil,B.Tech,2024,Active
24bcs10879,ENR-2024879,24bcs10879@university.edu,student.test879@gmail.com,Student 879,Mechanical,B.Tech,2024,Active
24bcs10880,ENR-2024880,24bcs10880@university.edu,student.test880@gmail.com,Student 880,Electronics,B.Tech,2024,Active
24bcs10881,ENR-2024881,24bcs10881@university.edu,student.test881@gmail.com,Student 881,Civil,B.Tech,2024,Active
24bcs10882,ENR-2024882,24bcs10882@university.edu,student.test882@gmail.com,Student 882,Mechanical,B.Tech,2024,Active
24bcs10883,ENR-2024883,24bcs10883@university.edu,,Student 883,Mechanical,B.Tech,2024,Active
24bcs10884,ENR-2024884,24bcs10884@university.edu,student.test884@gmail.com,Student 884,Mechanical,B.Tech,2024,Active
24bcs10885,ENR-2024885,24bcs10885@university.edu,student.test885@gmail.com,Student 885,Civil,B.Tech,2024,Active
24bcs10886,ENR-2024886,24bcs10886@university.edu,student.test886@gmail.com,Student 886,Civil,B.Tech,2024,Active
24bcs10887,ENR-2024887,24bcs10887@university.edu,student.test887@gmail.com,Student 887,Civil,B.Tech,2024,Inactive
24bcs10888,ENR-2024888,24bcs10888@university.edu,student.test888@gmail.com,Student 888,Computer Science,B.Tech,2024,Inactive
24bcs10889,ENR-2024889,24bcs10889@university.edu,student.test889@gmail.com,Student 889,Mechanical,B.Tech,2024,Active
24bcs10890,ENR-2024890,24bcs10890@university.edu,student.test890@gmail.com,Student 890,Civil,B.Tech,2024,Active
24bcs10891,ENR-2024891,24bcs10891@university.edu,student.test891@gmail.com,Student 891,Computer Science,B.Tech,2024,Inactive
24bcs10892,ENR-2024892,24bcs10892@university.edu,student.test892@gmail.com,Student 892,Mechanical,B.Tech,2024,Active
24bcs10893,ENR-2024893,24bcs10893@university.edu,student.test893@gmail.com,Student 893,Mechanical,B.Tech,2024,Active
24bcs10894,ENR-2024894,24bcs10894@university.edu,student.test894@gmail.com,Student 894,Computer Science,B.Tech,2024,Active
24bcs10895,ENR-2024895,24bcs10895@university.edu,student.test895@gmail.com,Student 895,Computer Science,B.Tech,2024,Active
24bcs10896,ENR-2024896,24bcs10896@university.edu,student.test896@gmail.com,Student 896,Computer Science,B.Tech,2024,Active
24bcs10897,ENR-2024897,24bcs10897@university.edu,student.test897@gmail.com,Student 897,Civil,B.Tech,2024,Inactive
24bcs10898,ENR-2024898,24bcs10898@university.edu,student.test898@gmail.com,Student 898,Computer Science,B.Tech,2024,Active
24bcs10899,ENR-2024899,24bcs10899@university.edu,student.test899@gmail.com,Student 899,Electronics,B.Tech,2024,Active
24bcs10900,ENR-2024900,24bcs10900@university.edu,student.test900@gmail.com,Student 900,Civil,B.Tech,2024,Active
24bcs10901,ENR-2024901,24bcs10901@university.edu,student.test901@gmail.com,Student 901,Civil,B.Tech,2024,Active
24bcs10902,ENR-2024902,24bcs10902@university.edu,student.test902@gmail.com,Student 902,Civil,B.Tech,2024,Active
24bcs10903,ENR-2024903,24bcs10903@university.edu,student.test903@gmail.com,Student 903,Computer Science,B.Tech,2024,Inactive
24bcs10904,ENR-2024904,24bcs10904@university.edu,,Student 904,Electronics,B.Tech,2024,Inactive
24bcs10905,ENR-2024905,24bcs10905@university.edu,student.test905@gmail.com,Student 905,Computer Science,B.Tech,2024,Active
24bcs10906,ENR-2024906,24bcs10906@university.edu,student.test906@gmail.com,Student 906,Mechanical,B.Tech,2024,Active
24bcs10907,ENR-2024907,24bcs10907@university.edu,student.test907@gmail.com,Student 907,Electronics,B.Tech,2024,Inactive
24bcs10908,ENR-2024908,24bcs10908@university.edu,student.test908@gmail.com,Student 908,Electronics,B.Tech,2024,Active
24bcs10909,ENR-2024909,24bcs10909@university.edu,student.test909@gmail.com,Student 909,Electronics,B.Tech,2024,Active
24bcs10910,ENR-2024910,24bcs10910@university.edu,student.test910@gmail.com,Student 910,Mechanical,B.Tech,2024,Active
24bcs10911,ENR-2024911,24bcs10911@university.edu,student.test911@gmail.com,Student 911,Electronics,B.Tech,2024,Inactive
24bcs10912,ENR-2024912,24bcs10912@university.edu,student.test912@gmail.com,Student 912,Computer Science,B.Tech,2024,Active
24bcs10913,ENR-2024913,24bcs10913@university.edu,student.test913@gmail.com,Student 913,Electronics,B.Tech,2024,Active
24bcs10914,ENR-2024914,24bcs10914@university.edu,student.test914@gmail.com,Student 914,Electronics,B.Tech,2024,Active
24bcs10915,ENR-2024915,24bcs10915@university.edu,student.test915@gmail.com,Student 915,Civil,B.Tech,2024,Active
24bcs10916,ENR-2024916,24bcs10916@university.edu,student.test916@gmail.com,Student 916,Computer Science,B.Tech,2024,Active
24bcs10917,ENR-2024917,24bcs10917@university.edu,student.test917@gmail.com,Student 917,Computer Science,B.Tech,2024,Active
24bcs10918,ENR-2024918,24bcs10918@university.edu,student.test918@gmail.com,Student 918,Civil,B.Tech,2024,Active
24bcs10919,ENR-2024919,24bcs10919@university.edu,student.test919@gmail.com,Student 919,Computer Science,B.Tech,2024,Active
24bcs10920,ENR-2024920,24bcs10920@university.edu,student.test920@gmail.com,Student 920,Computer Science,B.Tech,2024,Active
24bcs10921,ENR-2024921,24bcs10921@university.edu,student.test921@gmail.com,Student 921,Mechanical,B.Tech,2024,Active
24bcs10922,ENR-2024922,24bcs10922@university.edu,student.test922@gmail.com,Student 922,Civil,B.Tech,2024,Active
24bcs10923,ENR-2024923,24bcs10923@university.edu,student.test923@gmail.com,Student 923,Computer Science,B.Tech,2024,Active
24bcs10924,ENR-2024924,24bcs10924@university.edu,student.test924@gmail.com,Student 924,Mechanical,B.Tech,2024,Active
24bcs10925,ENR-2024925,24bcs10925@university.edu,student.test925@gmail.com,Student 925,Computer Science,B.Tech,2024,Active
24bcs10926,ENR-2024926,24bcs10926@university.edu,student.test926@gmail.com,Student 926,Electronics,B.Tech,2024,Active
24bcs10927,ENR-2024927,24bcs10927@university.edu,student.test927@gmail.com,Student 927,Mechanical,B.Tech,2024,Active
24bcs10928,ENR-2024928,24bcs10928@university.edu,student.test928@gmail.com,Student 928,Mechanical,B.Tech,2024,Active
24bcs10929,ENR-2024929,24bcs10929@university.edu,student.test929@gmail.com,Student 929,Mechanical,B.Tech,2024,Inactive
24bcs10930,ENR-2024930,24bcs10930@university.edu,student.test930@gmail.com,Student 930,Civil,B.Tech,2024,Active
24bcs10931,ENR-2024931,24bcs10931@university.edu,student.test931@gmail.com,Student 931,Mechanical,B.Tech,2024,Inactive
24bcs10932,ENR-2024932,24bcs10932@university.edu,student.test932@gmail.com,Student 932,Mechanical,B.Tech,2024,Active
24bcs10933,ENR-2024933,24bcs10933@university.edu,student.test933@gmail.com,Student 933,Electronics,B.Tech,2024,Active
24bcs10934,ENR-2024934,24bcs10934@university.edu,student.test934@gmail.com,Student 934,Electronics,B.Tech,2024,Active
24bcs10935,ENR-2024935,24bcs10935@university.edu,student.test935@gmail.com,Student 935,Mechanical,B.Tech,2024,Active
24bcs10936,ENR-2024936,24bcs10936@university.edu,student.test936@gmail.com,Student 936,Civil,B.Tech,2024,Active
24bcs10937,ENR-2024937,24bcs10937@university.edu,student.test937@gmail.com,Student 937,Electronics,B.Tech,2024,Active
24bcs10938,ENR-2024938,24bcs10938@university.edu,student.test938@gmail.com,Student 938,Computer Science,B.Tech,2024,Inactive
24bcs10939,ENR-2024939,24bcs10939@university.edu,student.test939@gmail.com,Student 939,Civil,B.Tech,2024,Active
24bcs10940,ENR-2024940,24bcs10940@university.edu,student.test940@gmail.com,Student 940,Mechanical,B.Tech,2024,Active
24bcs10941,ENR-2024941,24bcs10941@university.edu,student.test941@gmail.com,Student 941,Mechanical,B.Tech,2024,Active
24bcs10942,ENR-2024942,24bcs10942@university.edu,student.test942@gmail.com,Student 942,Mechanical,B.Tech,2024,Inactive
24bcs10943,ENR-2024943,24bcs10943@university.edu,student.test943@gmail.com,Student 943,Computer Science,B.Tech,2024,Active
24bcs10944,ENR-2024944,24bcs10944@university.edu,student.test944@gmail.com,Student 944,Computer Science,B.Tech,2024,Inactive
24bcs10945,ENR-2024945,24bcs10945@university.edu,student.test945@gmail.com,Student 945,Mechanical,B.Tech,2024,Active
24bcs10946,ENR-2024946,24bcs10946@university.edu,student.test946@gmail.com,Student 946,Civil,B.Tech,2024,Active
24bcs10947,ENR-2024947,24bcs10947@university.edu,student.test947@gmail.com,Student 947,Computer Science,B.Tech,2024,Active
24bcs10948,ENR-2024948,24bcs10948@university.edu,,Student 948,Mechanical,B.Tech,2024,Active
24bcs10949,ENR-2024949,24bcs10949@university.edu,student.test949@gmail.com,Student 949,Computer Science,B.Tech,2024,Active
24bcs10950,ENR-2024950,24bcs10950@university.edu,student.test950@gmail.com,Student 950,Civil,B.Tech,2024,Active
24bcs10951,ENR-2024951,24bcs10951@university.edu,student.test951@gmail.com,Student 951,Computer Science,B.Tech,2024,Active
24bcs10952,ENR-2024952,24bcs10952@university.edu,student.test952@gmail.com,Student 952,Civil,B.Tech,2024,Inactive
24bcs10953,ENR-2024953,24bcs10953@university.edu,,Student 953,Computer Science,B.Tech,2024,Active
24bcs10954,ENR-2024954,24bcs10954@university.edu,student.test954@gmail.com,Student 954,Civil,B.Tech,2024,Active
24bcs10955,ENR-2024955,24bcs10955@university.edu,student.test955@gmail.com,Student 955,Mechanical,B.Tech,2024,Inactive
24bcs10956,ENR-2024956,24bcs10956@university.edu,student.test956@gmail.com,Student 956,Electronics,B.Tech,2024,Inactive
24bcs10957,ENR-2024957,24bcs10957@university.edu,student.test957@gmail.com,Student 957,Electronics,B.Tech,2024,Inactive
24bcs10958,ENR-2024958,24bcs10958@university.edu,student.test958@gmail.com,Student 958,Computer Science,B.Tech,2024,Active
24bcs10959,ENR-2024959,24bcs10959@university.edu,student.test959@gmail.com,Student 959,Mechanical,B.Tech,2024,Active
24bcs10960,ENR-2024960,24bcs10960@university.edu,student.test960@gmail.com,Student 960,Civil,B.Tech,2024,Active
24bcs10961,ENR-2024961,24bcs10961@university.edu,student.test961@gmail.com,Student 961,Mechanical,B.Tech,2024,Active
24bcs10962,ENR-2024962,24bcs10962@university.edu,student.test962@gmail.com,Student 962,Mechanical,B.Tech,2024,Active
24bcs10963,ENR-2024963,24bcs10963@university.edu,student.test963@gmail.com,Student 963,Mechanical,B.Tech,2024,Active
24bcs10964,ENR-2024964,24bcs10964@university.edu,student.test964@gmail.com,Student 964,Computer Science,B.Tech,2024,Active
24bcs10965,ENR-2024965,24bcs10965@university.edu,student.test965@gmail.com,Student 965,Computer Science,B.Tech,2024,Active
24bcs10966,ENR-2024966,24bcs10966@university.edu,student.test966@gmail.com,Student 966,Civil,B.Tech,2024,Active
24bcs10967,ENR-2024967,24bcs10967@university.edu,student.test967@gmail.com,Student 967,Civil,B.Tech,2024,Active
24bcs10968,ENR-2024968,24bcs10968@university.edu,student.test968@gmail.com,Student 968,Civil,B.Tech,2024,Inactive
24bcs10969,ENR-2024969,24bcs10969@university.edu,,Student 969,Mechanical,B.Tech,2024,Inactive
24bcs10970,ENR-2024970,24bcs10970@university.edu,student.test970@gmail.com,Student 970,Civil,B.Tech,2024,Active
24bcs10971,ENR-2024971,24bcs10971@university.edu,student.test971@gmail.com,Student 971,Mechanical,B.Tech,2024,Active
24bcs10972,ENR-2024972,24bcs10972@university.edu,student.test972@gmail.com,Student 972,Mechanical,B.Tech,2024,Inactive
24bcs10973,ENR-2024973,24bcs10973@university.edu,student.test973@gmail.com,Student 973,Electronics,B.Tech,2024,Inactive
24bcs10974,ENR-2024974,24bcs10974@university.edu,,Student 974,Civil,B.Tech,2024,Active
24bcs10975,ENR-2024975,24bcs10975@university.edu,student.test975@gmail.com,Student 975,Computer Science,B.Tech,2024,Active
24bcs10976,ENR-2024976,24bcs10976@university.edu,student.test976@gmail.com,Student 976,Civil,B.Tech,2024,Active
24bcs10977,ENR-2024977,24bcs10977@university.edu,student.test977@gmail.com,Student 977,Civil,B.Tech,2024,Active
24bcs10978,ENR-2024978,24bcs10978@university.edu,student.test978@gmail.com,Student 978,Electronics,B.Tech,2024,Active
24bcs10979,ENR-2024979,24bcs10979@university.edu,student.test979@gmail.com,Student 979,Computer Science,B.Tech,2024,Active
24bcs10980,ENR-2024980,24bcs10980@university.edu,student.test980@gmail.com,Student 980,Electronics,B.Tech,2024,Active
24bcs10981,ENR-2024981,24bcs10981@university.edu,student.test981@gmail.com,Student 981,Computer Science,B.Tech,2024,Active
24bcs10982,ENR-2024982,24bcs10982@university.edu,student.test982@gmail.com,Student 982,Civil,B.Tech,2024,Inactive
24bcs10983,ENR-2024983,24bcs10983@university.edu,student.test983@gmail.com,Student 983,Mechanical,B.Tech,2024,Active
24bcs10984,ENR-2024984,24bcs10984@university.edu,student.test984@gmail.com,Student 984,Mechanical,B.Tech,2024,Active
24bcs10985,ENR-2024985,24bcs10985@university.edu,student.test985@gmail.com,Student 985,Mechanical,B.Tech,2024,Inactive
24bcs10986,ENR-2024986,24bcs10986@university.edu,student.test986@gmail.com,Student 986,Electronics,B.Tech,2024,Inactive
24bcs10987,ENR-2024987,24bcs10987@university.edu,student.test987@gmail.com,Student 987,Electronics,B.Tech,2024,Active
24bcs10988,ENR-2024988,24bcs10988@university.edu,student.test988@gmail.com,Student 988,Mechanical,B.Tech,2024,Inactive
24bcs10989,ENR-2024989,24bcs10989@university.edu,student.test989@gmail.com,Student 989,Mechanical,B.Tech,2024,Active
24bcs10990,ENR-2024990,24bcs10990@university.edu,student.test990@gmail.com,Student 990,Electronics,B.Tech,2024,Active
24bcs10991,ENR-2024991,24bcs10991@university.edu,student.test991@gmail.com,Student 991,Electronics,B.Tech,2024,Inactive
24bcs10992,ENR-2024992,24bcs10992@university.edu,student.test992@gmail.com,Student 992,Mechanical,B.Tech,2024,Active
24bcs10993,ENR-2024993,24bcs10993@university.edu,student.test993@gmail.com,Student 993,Mechanical,B.Tech,2024,Inactive
24bcs10994,ENR-2024994,24bcs10994@university.edu,student.test994@gmail.com,Student 994,Computer Science,B.Tech,2024,Active
24bcs10995,ENR-2024995,24bcs10995@university.edu,student.test995@gmail.com,Student 995,Civil,B.Tech,2024,Active
24bcs10996,ENR-2024996,24bcs10996@university.edu,student.test996@gmail.com,Student 996,Electronics,B.Tech,2024,Inactive
24bcs10997,ENR-2024997,24bcs10997@university.edu,student.test997@gmail.com,Student 997,Mechanical,B.Tech,2024,Inactive
24bcs10998,ENR-2024998,24bcs10998@university.edu,,Student 998,Civil,B.Tech,2024,Active
24bcs10999,ENR-2024999,24bcs10999@university.edu,student.test999@gmail.com,Student 999,Computer Science,B.Tech,2024,Active
24bcs11000,ENR-2025000,24bcs11000@university.edu,student.test1000@gmail.com,Student 1000,Civil,B.Tech,2024,Active
24bcs11001,ENR-2025001,24bcs11001@university.edu,student.test1001@gmail.com,Student 1001,Computer Science,B.Tech,2024,Inactive
24bcs11002,ENR-2025002,24bcs11002@university.edu,student.test1002@gmail.com,Student 1002,Electronics,B.Tech,2024,Active
24bcs11003,ENR-2025003,24bcs11003@university.edu,student.test1003@gmail.com,Student 1003,Mechanical,B.Tech,2024,Active
24bcs11004,ENR-2025004,24bcs11004@university.edu,student.test1004@gmail.com,Student 1004,Civil,B.Tech,2024,Active
24bcs11005,ENR-2025005,24bcs11005@university.edu,,Student 1005,Mechanical,B.Tech,2024,Active
24bcs11006,ENR-2025006,24bcs11006@university.edu,student.test1006@gmail.com,Student 1006,Civil,B.Tech,2024,Active
24bcs11007,ENR-2025007,24bcs11007@university.edu,student.test1007@gmail.com,Student 1007,Civil,B.Tech,2024,Inactive
24bcs11008,ENR-2025008,24bcs11008@university.edu,student.test1008@gmail.com,Student 1008,Computer Science,B.Tech,2024,Inactive
24bcs11009,ENR-2025009,24bcs11009@university.edu,student.test1009@gmail.com,Student 1009,Electronics,B.Tech,2024,Inactive
24bcs11010,ENR-2025010,24bcs11010@university.edu,,Student 1010,Computer Science,B.Tech,2024,Active
24bcs11011,ENR-2025011,24bcs11011@university.edu,student.test1011@gmail.com,Student 1011,Civil,B.Tech,2024,Inactive
24bcs11012,ENR-2025012,24bcs11012@university.edu,student.test1012@gmail.com,Student 1012,Electronics,B.Tech,2024,Active
24bcs11013,ENR-2025013,24bcs11013@university.edu,student.test1013@gmail.com,Student 1013,Civil,B.Tech,2024,Inactive
24bcs11014,ENR-2025014,24bcs11014@university.edu,student.test1014@gmail.com,Student 1014,Electronics,B.Tech,2024,Active
24bcs11015,ENR-2025015,24bcs11015@university.edu,student.test1015@gmail.com,Student 1015,Civil,B.Tech,2024,Inactive
24bcs11016,ENR-2025016,24bcs11016@university.edu,student.test1016@gmail.com,Student 1016,Computer Science,B.Tech,2024,Active
24bcs11017,ENR-2025017,24bcs11017@university.edu,student.test1017@gmail.com,Student 1017,Civil,B.Tech,2024,Inactive
24bcs11018,ENR-2025018,24bcs11018@university.edu,student.test1018@gmail.com,Student 1018,Civil,B.Tech,2024,Active
24bcs11019,ENR-2025019,24bcs11019@university.edu,student.test1019@gmail.com,Student 1019,Electronics,B.Tech,2024,Active
24bcs11020,ENR-2025020,24bcs11020@university.edu,student.test1020@gmail.com,Student 1020,Mechanical,B.Tech,2024,Active
24bcs11021,ENR-2025021,24bcs11021@university.edu,student.test1021@gmail.com,Student 1021,Electronics,B.Tech,2024,Active
24bcs11022,ENR-2025022,24bcs11022@university.edu,student.test1022@gmail.com,Student 1022,Computer Science,B.Tech,2024,Active
24bcs11023,ENR-2025023,24bcs11023@university.edu,student.test1023@gmail.com,Student 1023,Civil,B.Tech,2024,Inactive
24bcs11024,ENR-2025024,24bcs11024@university.edu,student.test1024@gmail.com,Student 1024,Electronics,B.Tech,2024,Inactive
24bcs11025,ENR-2025025,24bcs11025@university.edu,student.test1025@gmail.com,Student 1025,Computer Science,B.Tech,2024,Active
24bcs11026,ENR-2025026,24bcs11026@university.edu,,Student 1026,Mechanical,B.Tech,2024,Active
24bcs11027,ENR-2025027,24bcs11027@university.edu,student.test1027@gmail.com,Student 1027,Computer Science,B.Tech,2024,Active
24bcs11028,ENR-2025028,24bcs11028@university.edu,student.test1028@gmail.com,Student 1028,Computer Science,B.Tech,2024,Active
24bcs11029,ENR-2025029,24bcs11029@university.edu,student.test1029@gmail.com,Student 1029,Mechanical,B.Tech,2024,Inactive
24bcs11030,ENR-2025030,24bcs11030@university.edu,student.test1030@gmail.com,Student 1030,Electronics,B.Tech,2024,Active
24bcs11031,ENR-2025031,24bcs11031@university.edu,student.test1031@gmail.com,Student 1031,Mechanical,B.Tech,2024,Active
24bcs11032,ENR-2025032,24bcs11032@university.edu,student.test1032@gmail.com,Student 1032,Computer Science,B.Tech,2024,Active
24bcs11033,ENR-2025033,24bcs11033@university.edu,student.test1033@gmail.com,Student 1033,Electronics,B.Tech,2024,Active
24bcs11034,ENR-2025034,24bcs11034@university.edu,student.test1034@gmail.com,Student 1034,Mechanical,B.Tech,2024,Active
24bcs11035,ENR-2025035,24bcs11035@university.edu,,Student 1035,Electronics,B.Tech,2024,Active
24bcs11036,ENR-2025036,24bcs11036@university.edu,student.test1036@gmail.com,Student 1036,Civil,B.Tech,2024,Active
24bcs11037,ENR-2025037,24bcs11037@university.edu,student.test1037@gmail.com,Student 1037,Mechanical,B.Tech,2024,Active
24bcs11038,ENR-2025038,24bcs11038@university.edu,student.test1038@gmail.com,Student 1038,Civil,B.Tech,2024,Inactive
24bcs11039,ENR-2025039,24bcs11039@university.edu,,Student 1039,Civil,B.Tech,2024,Inactive
24bcs11040,ENR-2025040,24bcs11040@university.edu,student.test1040@gmail.com,Student 1040,Mechanical,B.Tech,2024,Active
24bcs11041,ENR-2025041,24bcs11041@university.edu,student.test1041@gmail.com,Student 1041,Computer Science,B.Tech,2024,Inactive
24bcs11042,ENR-2025042,24bcs11042@university.edu,student.test1042@gmail.com,Student 1042,Electronics,B.Tech,2024,Active
24bcs11043,ENR-2025043,24bcs11043@university.edu,student.test1043@gmail.com,Student 1043,Computer Science,B.Tech,2024,Active
24bcs11044,ENR-2025044,24bcs11044@university.edu,student.test1044@gmail.com,Student 1044,Mechanical,B.Tech,2024,Inactive
24bcs11045,ENR-2025045,24bcs11045@university.edu,,Student 1045,Electronics,B.Tech,2024,Active
24bcs11046,ENR-2025046,24bcs11046@university.edu,student.test1046@gmail.com,Student 1046,Computer Science,B.Tech,2024,Active
24bcs11047,ENR-2025047,24bcs11047@university.edu,student.test1047@gmail.com,Student 1047,Civil,B.Tech,2024,Inactive
24bcs11048,ENR-2025048,24bcs11048@university.edu,student.test1048@gmail.com,Student 1048,Computer Science,B.Tech,2024,Active
24bcs11049,ENR-2025049,24bcs11049@university.edu,student.test1049@gmail.com,Student 1049,Electronics,B.Tech,2024,Active
24bcs11050,ENR-2025050,24bcs11050@university.edu,student.test1050@gmail.com,Student 1050,Civil,B.Tech,2024,Active
24bcs11051,ENR-2025051,24bcs11051@university.edu,student.test1051@gmail.com,Student 1051,Electronics,B.Tech,2024,Inactive
24bcs11052,ENR-2025052,24bcs11052@university.edu,student.test1052@gmail.com,Student 1052,Civil,B.Tech,2024,Active
24bcs11053,ENR-2025053,24bcs11053@university.edu,student.test1053@gmail.com,Student 1053,Mechanical,B.Tech,2024,Active
24bcs11054,ENR-2025054,24bcs11054@university.edu,student.test1054@gmail.com,Student 1054,Civil,B.Tech,2024,Active
24bcs11055,ENR-2025055,24bcs11055@university.edu,student.test1055@gmail.com,Student 1055,Electronics,B.Tech,2024,Active
24bcs11056,ENR-2025056,24bcs11056@university.edu,,Student 1056,Computer Science,B.Tech,2024,Active
24bcs11057,ENR-2025057,24bcs11057@university.edu,student.test1057@gmail.com,Student 1057,Civil,B.Tech,2024,Active
24bcs11058,ENR-2025058,24bcs11058@university.edu,student.test1058@gmail.com,Student 1058,Mechanical,B.Tech,2024,Active
24bcs11059,ENR-2025059,24bcs11059@university.edu,student.test1059@gmail.com,Student 1059,Computer Science,B.Tech,2024,Inactive
24bcs11060,ENR-2025060,24bcs11060@university.edu,student.test1060@gmail.com,Student 1060,Electronics,B.Tech,2024,Inactive
24bcs11061,ENR-2025061,24bcs11061@university.edu,student.test1061@gmail.com,Student 1061,Mechanical,B.Tech,2024,Active
24bcs11062,ENR-2025062,24bcs11062@university.edu,student.test1062@gmail.com,Student 1062,Electronics,B.Tech,2024,Inactive
24bcs11063,ENR-2025063,24bcs11063@university.edu,student.test1063@gmail.com,Student 1063,Electronics,B.Tech,2024,Inactive
24bcs11064,ENR-2025064,24bcs11064@university.edu,student.test1064@gmail.com,Student 1064,Civil,B.Tech,2024,Inactive
24bcs11065,ENR-2025065,24bcs11065@university.edu,student.test1065@gmail.com,Student 1065,Civil,B.Tech,2024,Active
24bcs11066,ENR-2025066,24bcs11066@university.edu,student.test1066@gmail.com,Student 1066,Computer Science,B.Tech,2024,Active
24bcs11067,ENR-2025067,24bcs11067@university.edu,student.test1067@gmail.com,Student 1067,Computer Science,B.Tech,2024,Active
24bcs11068,ENR-2025068,24bcs11068@university.edu,student.test1068@gmail.com,Student 1068,Computer Science,B.Tech,2024,Inactive
24bcs11069,ENR-2025069,24bcs11069@university.edu,student.test1069@gmail.com,Student 1069,Electronics,B.Tech,2024,Active
24bcs11070,ENR-2025070,24bcs11070@university.edu,student.test1070@gmail.com,Student 1070,Computer Science,B.Tech,2024,Active
24bcs11071,ENR-2025071,24bcs11071@university.edu,student.test1071@gmail.com,Student 1071,Civil,B.Tech,2024,Active
24bcs11072,ENR-2025072,24bcs11072@university.edu,,Student 1072,Electronics,B.Tech,2024,Active
24bcs11073,ENR-2025073,24bcs11073@university.edu,student.test1073@gmail.com,Student 1073,Mechanical,B.Tech,2024,Active
24bcs11074,ENR-2025074,24bcs11074@university.edu,student.test1074@gmail.com,Student 1074,Civil,B.Tech,2024,Inactive
24bcs11075,ENR-2025075,24bcs11075@university.edu,,Student 1075,Mechanical,B.Tech,2024,Active
24bcs11076,ENR-2025076,24bcs11076@university.edu,,Student 1076,Computer Science,B.Tech,2024,Active
24bcs11077,ENR-2025077,24bcs11077@university.edu,student.test1077@gmail.com,Student 1077,Computer Science,B.Tech,2024,Active
24bcs11078,ENR-2025078,24bcs11078@university.edu,,Student 1078,Civil,B.Tech,2024,Active
24bcs11079,ENR-2025079,24bcs11079@university.edu,student.test1079@gmail.com,Student 1079,Computer Science,B.Tech,2024,Inactive
24bcs11080,ENR-2025080,24bcs11080@university.edu,student.test1080@gmail.com,Student 1080,Civil,B.Tech,2024,Active
24bcs11081,ENR-2025081,24bcs11081@university.edu,student.test1081@gmail.com,Student 1081,Electronics,B.Tech,2024,Active
24bcs11082,ENR-2025082,24bcs11082@university.edu,student.test1082@gmail.com,Student 1082,Electronics,B.Tech,2024,Active
24bcs11083,ENR-2025083,24bcs11083@university.edu,,Student 1083,Electronics,B.Tech,2024,Active
24bcs11084,ENR-2025084,24bcs11084@university.edu,student.test1084@gmail.com,Student 1084,Civil,B.Tech,2024,Active
24bcs11085,ENR-2025085,24bcs11085@university.edu,student.test1085@gmail.com,Student 1085,Civil,B.Tech,2024,Active
24bcs11086,ENR-2025086,24bcs11086@university.edu,student.test1086@gmail.com,Student 1086,Electronics,B.Tech,2024,Active
24bcs11087,ENR-2025087,24bcs11087@university.edu,student.test1087@gmail.com,Student 1087,Mechanical,B.Tech,2024,Active
24bcs11088,ENR-2025088,24bcs11088@university.edu,student.test1088@gmail.com,Student 1088,Civil,B.Tech,2024,Inactive
24bcs11089,ENR-2025089,24bcs11089@university.edu,student.test1089@gmail.com,Student 1089,Computer Science,B.Tech,2024,Inactive
24bcs11090,ENR-2025090,24bcs11090@university.edu,student.test1090@gmail.com,Student 1090,Civil,B.Tech,2024,Active
24bcs11091,ENR-2025091,24bcs11091@university.edu,student.test1091@gmail.com,Student 1091,Computer Science,B.Tech,2024,Active
24bcs11092,ENR-2025092,24bcs11092@university.edu,student.test1092@gmail.com,Student 1092,Civil,B.Tech,2024,Active
24bcs11093,ENR-2025093,24bcs11093@university.edu,student.test1093@gmail.com,Student 1093,Computer Science,B.Tech,2024,Active
24bcs11094,ENR-2025094,24bcs11094@university.edu,student.test1094@gmail.com,Student 1094,Civil,B.Tech,2024,Active
24bcs11095,ENR-2025095,24bcs11095@university.edu,student.test1095@gmail.com,Student 1095,Civil,B.Tech,2024,Active
24bcs11096,ENR-2025096,24bcs11096@university.edu,student.test1096@gmail.com,Student 1096,Electronics,B.Tech,2024,Active
24bcs11097,ENR-2025097,24bcs11097@university.edu,student.test1097@gmail.com,Student 1097,Computer Science,B.Tech,2024,Active
24bcs11098,ENR-2025098,24bcs11098@university.edu,student.test1098@gmail.com,Student 1098,Mechanical,B.Tech,2024,Active
24bcs11099,ENR-2025099,24bcs11099@university.edu,student.test1099@gmail.com,Student 1099,Mechanical,B.Tech,2024,Active
24bcs11100,ENR-2025100,24bcs11100@university.edu,student.test1100@gmail.com,Student 1100,Electronics,B.Tech,2024,Active
24bcs11101,ENR-2025101,24bcs11101@university.edu,student.test1101@gmail.com,Student 1101,Computer Science,B.Tech,2024,Active
24bcs11102,ENR-2025102,24bcs11102@university.edu,student.test1102@gmail.com,Student 1102,Computer Science,B.Tech,2024,Active
24bcs11103,ENR-2025103,24bcs11103@university.edu,student.test1103@gmail.com,Student 1103,Civil,B.Tech,2024,Inactive
24bcs11104,ENR-2025104,24bcs11104@university.edu,student.test1104@gmail.com,Student 1104,Civil,B.Tech,2024,Active
24bcs11105,ENR-2025105,24bcs11105@university.edu,student.test1105@gmail.com,Student 1105,Civil,B.Tech,2024,Inactive
24bcs11106,ENR-2025106,24bcs11106@university.edu,student.test1106@gmail.com,Student 1106,Electronics,B.Tech,2024,Active
24bcs11107,ENR-2025107,24bcs11107@university.edu,student.test1107@gmail.com,Student 1107,Mechanical,B.Tech,2024,Active
24bcs11108,ENR-2025108,24bcs11108@university.edu,student.test1108@gmail.com,Student 1108,Mechanical,B.Tech,2024,Active
24bcs11109,ENR-2025109,24bcs11109@university.edu,student.test1109@gmail.com,Student 1109,Electronics,B.Tech,2024,Active
24bcs11110,ENR-2025110,24bcs11110@university.edu,student.test1110@gmail.com,Student 1110,Civil,B.Tech,2024,Active
24bcs11111,ENR-2025111,24bcs11111@university.edu,student.test1111@gmail.com,Student 1111,Civil,B.Tech,2024,Active
24bcs11112,ENR-2025112,24bcs11112@university.edu,student.test1112@gmail.com,Student 1112,Civil,B.Tech,2024,Active
24bcs11113,ENR-2025113,24bcs11113@university.edu,student.test1113@gmail.com,Student 1113,Electronics,B.Tech,2024,Inactive
24bcs11114,ENR-2025114,24bcs11114@university.edu,student.test1114@gmail.com,Student 1114,Computer Science,B.Tech,2024,Active
24bcs11115,ENR-2025115,24bcs11115@university.edu,student.test1115@gmail.com,Student 1115,Civil,B.Tech,2024,Active
24bcs11116,ENR-2025116,24bcs11116@university.edu,student.test1116@gmail.com,Student 1116,Mechanical,B.Tech,2024,Active
24bcs11117,ENR-2025117,24bcs11117@university.edu,student.test1117@gmail.com,Student 1117,Computer Science,B.Tech,2024,Active
24bcs11118,ENR-2025118,24bcs11118@university.edu,student.test1118@gmail.com,Student 1118,Mechanical,B.Tech,2024,Active
24bcs11119,ENR-2025119,24bcs11119@university.edu,student.test1119@gmail.com,Student 1119,Electronics,B.Tech,2024,Inactive
24bcs11120,ENR-2025120,24bcs11120@university.edu,student.test1120@gmail.com,Student 1120,Mechanical,B.Tech,2024,Active
24bcs11121,ENR-2025121,24bcs11121@university.edu,student.test1121@gmail.com,Student 1121,Civil,B.Tech,2024,Inactive
24bcs11122,ENR-2025122,24bcs11122@university.edu,student.test1122@gmail.com,Student 1122,Civil,B.Tech,2024,Active
24bcs11123,ENR-2025123,24bcs11123@university.edu,student.test1123@gmail.com,Student 1123,Civil,B.Tech,2024,Active
24bcs11124,ENR-2025124,24bcs11124@university.edu,student.test1124@gmail.com,Student 1124,Civil,B.Tech,2024,Active
24bcs11125,ENR-2025125,24bcs11125@university.edu,student.test1125@gmail.com,Student 1125,Electronics,B.Tech,2024,Inactive
24bcs11126,ENR-2025126,24bcs11126@university.edu,student.test1126@gmail.com,Student 1126,Electronics,B.Tech,2024,Active
24bcs11127,ENR-2025127,24bcs11127@university.edu,student.test1127@gmail.com,Student 1127,Mechanical,B.Tech,2024,Active
24bcs11128,ENR-2025128,24bcs11128@university.edu,student.test1128@gmail.com,Student 1128,Mechanical,B.Tech,2024,Active
24bcs11129,ENR-2025129,24bcs11129@university.edu,student.test1129@gmail.com,Student 1129,Mechanical,B.Tech,2024,Active
24bcs11130,ENR-2025130,24bcs11130@university.edu,student.test1130@gmail.com,Student 1130,Electronics,B.Tech,2024,Active
24bcs11131,ENR-2025131,24bcs11131@university.edu,student.test1131@gmail.com,Student 1131,Computer Science,B.Tech,2024,Active
24bcs11132,ENR-2025132,24bcs11132@university.edu,student.test1132@gmail.com,Student 1132,Computer Science,B.Tech,2024,Active
24bcs11133,ENR-2025133,24bcs11133@university.edu,student.test1133@gmail.com,Student 1133,Civil,B.Tech,2024,Active
24bcs11134,ENR-2025134,24bcs11134@university.edu,,Student 1134,Mechanical,B.Tech,2024,Active
24bcs11135,ENR-2025135,24bcs11135@university.edu,student.test1135@gmail.com,Student 1135,Electronics,B.Tech,2024,Active
24bcs11136,ENR-2025136,24bcs11136@university.edu,student.test1136@gmail.com,Student 1136,Civil,B.Tech,2024,Active
24bcs11137,ENR-2025137,24bcs11137@university.edu,student.test1137@gmail.com,Student 1137,Civil,B.Tech,2024,Inactive
24bcs11138,ENR-2025138,24bcs11138@university.edu,student.test1138@gmail.com,Student 1138,Electronics,B.Tech,2024,Active
24bcs11139,ENR-2025139,24bcs11139@university.edu,student.test1139@gmail.com,Student 1139,Electronics,B.Tech,2024,Inactive
24bcs11140,ENR-2025140,24bcs11140@university.edu,student.test1140@gmail.com,Student 1140,Electronics,B.Tech,2024,Active
24bcs11141,ENR-2025141,24bcs11141@university.edu,student.test1141@gmail.com,Student 1141,Mechanical,B.Tech,2024,Active
24bcs11142,ENR-2025142,24bcs11142@university.edu,student.test1142@gmail.com,Student 1142,Mechanical,B.Tech,2024,Active
24bcs11143,ENR-2025143,24bcs11143@university.edu,student.test1143@gmail.com,Student 1143,Computer Science,B.Tech,2024,Inactive
24bcs11144,ENR-2025144,24bcs11144@university.edu,,Student 1144,Electronics,B.Tech,2024,Inactive
24bcs11145,ENR-2025145,24bcs11145@university.edu,student.test1145@gmail.com,Student 1145,Electronics,B.Tech,2024,Active
24bcs11146,ENR-2025146,24bcs11146@university.edu,student.test1146@gmail.com,Student 1146,Electronics,B.Tech,2024,Active
24bcs11147,ENR-2025147,24bcs11147@university.edu,student.test1147@gmail.com,Student 1147,Electronics,B.Tech,2024,Active
24bcs11148,ENR-2025148,24bcs11148@university.edu,,Student 1148,Computer Science,B.Tech,2024,Active
24bcs11149,ENR-2025149,24bcs11149@university.edu,student.test1149@gmail.com,Student 1149,Electronics,B.Tech,2024,Active
24bcs11150,ENR-2025150,24bcs11150@university.edu,student.test1150@gmail.com,Student 1150,Computer Science,B.Tech,2024,Active
24bcs11151,ENR-2025151,24bcs11151@university.edu,student.test1151@gmail.com,Student 1151,Electronics,B.Tech,2024,Inactive
24bcs11152,ENR-2025152,24bcs11152@university.edu,student.test1152@gmail.com,Student 1152,Mechanical,B.Tech,2024,Active
24bcs11153,ENR-2025153,24bcs11153@university.edu,student.test1153@gmail.com,Student 1153,Civil,B.Tech,2024,Active
24bcs11154,ENR-2025154,24bcs11154@university.edu,student.test1154@gmail.com,Student 1154,Civil,B.Tech,2024,Inactive
24bcs11155,ENR-2025155,24bcs11155@university.edu,student.test1155@gmail.com,Student 1155,Electronics,B.Tech,2024,Active
24bcs11156,ENR-2025156,24bcs11156@university.edu,student.test1156@gmail.com,Student 1156,Electronics,B.Tech,2024,Active
24bcs11157,ENR-2025157,24bcs11157@university.edu,student.test1157@gmail.com,Student 1157,Computer Science,B.Tech,2024,Active
24bcs11158,ENR-2025158,24bcs11158@university.edu,student.test1158@gmail.com,Student 1158,Civil,B.Tech,2024,Active
24bcs11159,ENR-2025159,24bcs11159@university.edu,student.test1159@gmail.com,Student 1159,Mechanical,B.Tech,2024,Inactive
24bcs11160,ENR-2025160,24bcs11160@university.edu,student.test1160@gmail.com,Student 1160,Electronics,B.Tech,2024,Active
24bcs11161,ENR-2025161,24bcs11161@university.edu,student.test1161@gmail.com,Student 1161,Mechanical,B.Tech,2024,Active
24bcs11162,ENR-2025162,24bcs11162@university.edu,student.test1162@gmail.com,Student 1162,Mechanical,B.Tech,2024,Inactive
24bcs11163,ENR-2025163,24bcs11163@university.edu,student.test1163@gmail.com,Student 1163,Civil,B.Tech,2024,Active
24bcs11164,ENR-2025164,24bcs11164@university.edu,student.test1164@gmail.com,Student 1164,Electronics,B.Tech,2024,Active
24bcs11165,ENR-2025165,24bcs11165@university.edu,student.test1165@gmail.com,Student 1165,Computer Science,B.Tech,2024,Active
24bcs11166,ENR-2025166,24bcs11166@university.edu,student.test1166@gmail.com,Student 1166,Electronics,B.Tech,2024,Active
24bcs11167,ENR-2025167,24bcs11167@university.edu,student.test1167@gmail.com,Student 1167,Civil,B.Tech,2024,Active
24bcs11168,ENR-2025168,24bcs11168@university.edu,student.test1168@gmail.com,Student 1168,Civil,B.Tech,2024,Active
24bcs11169,ENR-2025169,24bcs11169@university.edu,student.test1169@gmail.com,Student 1169,Mechanical,B.Tech,2024,Active
24bcs11170,ENR-2025170,24bcs11170@university.edu,,Student 1170,Computer Science,B.Tech,2024,Active
24bcs11171,ENR-2025171,24bcs11171@university.edu,student.test1171@gmail.com,Student 1171,Mechanical,B.Tech,2024,Active
24bcs11172,ENR-2025172,24bcs11172@university.edu,student.test1172@gmail.com,Student 1172,Mechanical,B.Tech,2024,Active
24bcs11173,ENR-2025173,24bcs11173@university.edu,student.test1173@gmail.com,Student 1173,Mechanical,B.Tech,2024,Active
24bcs11174,ENR-2025174,24bcs11174@university.edu,student.test1174@gmail.com,Student 1174,Mechanical,B.Tech,2024,Active
24bcs11175,ENR-2025175,24bcs11175@university.edu,student.test1175@gmail.com,Student 1175,Computer Science,B.Tech,2024,Active
24bcs11176,ENR-2025176,24bcs11176@university.edu,,Student 1176,Mechanical,B.Tech,2024,Inactive
24bcs11177,ENR-2025177,24bcs11177@university.edu,student.test1177@gmail.com,Student 1177,Civil,B.Tech,2024,Active
24bcs11178,ENR-2025178,24bcs11178@university.edu,,Student 1178,Electronics,B.Tech,2024,Active
24bcs11179,ENR-2025179,24bcs11179@university.edu,student.test1179@gmail.com,Student 1179,Mechanical,B.Tech,2024,Active
24bcs11180,ENR-2025180,24bcs11180@university.edu,student.test1180@gmail.com,Student 1180,Computer Science,B.Tech,2024,Inactive
24bcs11181,ENR-2025181,24bcs11181@university.edu,student.test1181@gmail.com,Student 1181,Civil,B.Tech,2024,Active
24bcs11182,ENR-2025182,24bcs11182@university.edu,student.test1182@gmail.com,Student 1182,Mechanical,B.Tech,2024,Active
24bcs11183,ENR-2025183,24bcs11183@university.edu,student.test1183@gmail.com,Student 1183,Mechanical,B.Tech,2024,Active
24bcs11184,ENR-2025184,24bcs11184@university.edu,student.test1184@gmail.com,Student 1184,Civil,B.Tech,2024,Inactive
24bcs11185,ENR-2025185,24bcs11185@university.edu,student.test1185@gmail.com,Student 1185,Civil,B.Tech,2024,Active
24bcs11186,ENR-2025186,24bcs11186@university.edu,student.test1186@gmail.com,Student 1186,Civil,B.Tech,2024,Active
24bcs11187,ENR-2025187,24bcs11187@university.edu,student.test1187@gmail.com,Student 1187,Mechanical,B.Tech,2024,Active
24bcs11188,ENR-2025188,24bcs11188@university.edu,student.test1188@gmail.com,Student 1188,Mechanical,B.Tech,2024,Inactive
24bcs11189,ENR-2025189,24bcs11189@university.edu,student.test1189@gmail.com,Student 1189,Mechanical,B.Tech,2024,Active
24bcs11190,ENR-2025190,24bcs11190@university.edu,student.test1190@gmail.com,Student 1190,Civil,B.Tech,2024,Active
24bcs11191,ENR-2025191,24bcs11191@university.edu,student.test1191@gmail.com,Student 1191,Mechanical,B.Tech,2024,Active
24bcs11192,ENR-2025192,24bcs11192@university.edu,student.test1192@gmail.com,Student 1192,Electronics,B.Tech,2024,Inactive
24bcs11193,ENR-2025193,24bcs11193@university.edu,student.test1193@gmail.com,Student 1193,Civil,B.Tech,2024,Inactive
24bcs11194,ENR-2025194,24bcs11194@university.edu,student.test1194@gmail.com,Student 1194,Civil,B.Tech,2024,Active
24bcs11195,ENR-2025195,24bcs11195@university.edu,student.test1195@gmail.com,Student 1195,Civil,B.Tech,2024,Inactive
24bcs11196,ENR-2025196,24bcs11196@university.edu,student.test1196@gmail.com,Student 1196,Civil,B.Tech,2024,Inactive
24bcs11197,ENR-2025197,24bcs11197@university.edu,student.test1197@gmail.com,Student 1197,Electronics,B.Tech,2024,Active
24bcs11198,ENR-2025198,24bcs11198@university.edu,student.test1198@gmail.com,Student 1198,Mechanical,B.Tech,2024,Active
24bcs11199,ENR-2025199,24bcs11199@university.edu,student.test1199@gmail.com,Student 1199,Computer Science,B.Tech,2024,Active
24bcs11200,ENR-2025200,24bcs11200@university.edu,student.test1200@gmail.com,Student 1200,Mechanical,B.Tech,2024,Active
24bcs11201,ENR-2025201,24bcs11201@university.edu,student.test1201@gmail.com,Student 1201,Computer Science,B.Tech,2024,Inactive
24bcs11202,ENR-2025202,24bcs11202@university.edu,student.test1202@gmail.com,Student 1202,Mechanical,B.Tech,2024,Active
24bcs11203,ENR-2025203,24bcs11203@university.edu,student.test1203@gmail.com,Student 1203,Civil,B.Tech,2024,Active
24bcs11204,ENR-2025204,24bcs11204@university.edu,student.test1204@gmail.com,Student 1204,Mechanical,B.Tech,2024,Active
24bcs11205,ENR-2025205,24bcs11205@university.edu,student.test1205@gmail.com,Student 1205,Computer Science,B.Tech,2024,Active
24bcs11206,ENR-2025206,24bcs11206@university.edu,student.test1206@gmail.com,Student 1206,Civil,B.Tech,2024,Active
24bcs11207,ENR-2025207,24bcs11207@university.edu,student.test1207@gmail.com,Student 1207,Civil,B.Tech,2024,Inactive
24bcs11208,ENR-2025208,24bcs11208@university.edu,student.test1208@gmail.com,Student 1208,Mechanical,B.Tech,2024,Active
24bcs11209,ENR-2025209,24bcs11209@university.edu,student.test1209@gmail.com,Student 1209,Electronics,B.Tech,2024,Active
24bcs11210,ENR-2025210,24bcs11210@university.edu,,Student 1210,Computer Science,B.Tech,2024,Inactive
24bcs11211,ENR-2025211,24bcs11211@university.edu,student.test1211@gmail.com,Student 1211,Electronics,B.Tech,2024,Inactive
24bcs11212,ENR-2025212,24bcs11212@university.edu,student.test1212@gmail.com,Student 1212,Civil,B.Tech,2024,Active
24bcs11213,ENR-2025213,24bcs11213@university.edu,student.test1213@gmail.com,Student 1213,Computer Science,B.Tech,2024,Inactive
24bcs11214,ENR-2025214,24bcs11214@university.edu,student.test1214@gmail.com,Student 1214,Civil,B.Tech,2024,Active
24bcs11215,ENR-2025215,24bcs11215@university.edu,student.test1215@gmail.com,Student 1215,Civil,B.Tech,2024,Active
24bcs11216,ENR-2025216,24bcs11216@university.edu,student.test1216@gmail.com,Student 1216,Computer Science,B.Tech,2024,Active
24bcs11217,ENR-2025217,24bcs11217@university.edu,student.test1217@gmail.com,Student 1217,Electronics,B.Tech,2024,Active
24bcs11218,ENR-2025218,24bcs11218@university.edu,student.test1218@gmail.com,Student 1218,Civil,B.Tech,2024,Active
24bcs11219,ENR-2025219,24bcs11219@university.edu,student.test1219@gmail.com,Student 1219,Electronics,B.Tech,2024,Active
24bcs11220,ENR-2025220,24bcs11220@university.edu,student.test1220@gmail.com,Student 1220,Civil,B.Tech,2024,Active
24bcs11221,ENR-2025221,24bcs11221@university.edu,student.test1221@gmail.com,Student 1221,Mechanical,B.Tech,2024,Active
24bcs11222,ENR-2025222,24bcs11222@university.edu,student.test1222@gmail.com,Student 1222,Civil,B.Tech,2024,Active
24bcs11223,ENR-2025223,24bcs11223@university.edu,student.test1223@gmail.com,Student 1223,Civil,B.Tech,2024,Active
24bcs11224,ENR-2025224,24bcs11224@university.edu,student.test1224@gmail.com,Student 1224,Computer Science,B.Tech,2024,Active
24bcs11225,ENR-2025225,24bcs11225@university.edu,student.test1225@gmail.com,Student 1225,Computer Science,B.Tech,2024,Inactive
24bcs11226,ENR-2025226,24bcs11226@university.edu,student.test1226@gmail.com,Student 1226,Mechanical,B.Tech,2024,Inactive
24bcs11227,ENR-2025227,24bcs11227@university.edu,student.test1227@gmail.com,Student 1227,Electronics,B.Tech,2024,Inactive
24bcs11228,ENR-2025228,24bcs11228@university.edu,student.test1228@gmail.com,Student 1228,Mechanical,B.Tech,2024,Active
24bcs11229,ENR-2025229,24bcs11229@university.edu,student.test1229@gmail.com,Student 1229,Computer Science,B.Tech,2024,Active
24bcs11230,ENR-2025230,24bcs11230@university.edu,student.test1230@gmail.com,Student 1230,Mechanical,B.Tech,2024,Active
24bcs11231,ENR-2025231,24bcs11231@university.edu,student.test1231@gmail.com,Student 1231,Electronics,B.Tech,2024,Active
24bcs11232,ENR-2025232,24bcs11232@university.edu,student.test1232@gmail.com,Student 1232,Computer Science,B.Tech,2024,Active
24bcs11233,ENR-2025233,24bcs11233@university.edu,student.test1233@gmail.com,Student 1233,Computer Science,B.Tech,2024,Active
24bcs11234,ENR-2025234,24bcs11234@university.edu,student.test1234@gmail.com,Student 1234,Civil,B.Tech,2024,Active
24bcs11235,ENR-2025235,24bcs11235@university.edu,student.test1235@gmail.com,Student 1235,Mechanical,B.Tech,2024,Active
24bcs11236,ENR-2025236,24bcs11236@university.edu,student.test1236@gmail.com,Student 1236,Mechanical,B.Tech,2024,Active
24bcs11237,ENR-2025237,24bcs11237@university.edu,student.test1237@gmail.com,Student 1237,Computer Science,B.Tech,2024,Active
24bcs11238,ENR-2025238,24bcs11238@university.edu,student.test1238@gmail.com,Student 1238,Computer Science,B.Tech,2024,Active
24bcs11239,ENR-2025239,24bcs11239@university.edu,,Student 1239,Computer Science,B.Tech,2024,Active
24bcs11240,ENR-2025240,24bcs11240@university.edu,student.test1240@gmail.com,Student 1240,Mechanical,B.Tech,2024,Active
24bcs11241,ENR-2025241,24bcs11241@university.edu,student.test1241@gmail.com,Student 1241,Civil,B.Tech,2024,Inactive
24bcs11242,ENR-2025242,24bcs11242@university.edu,student.test1242@gmail.com,Student 1242,Mechanical,B.Tech,2024,Inactive
24bcs11243,ENR-2025243,24bcs11243@university.edu,student.test1243@gmail.com,Student 1243,Mechanical,B.Tech,2024,Inactive
24bcs11244,ENR-2025244,24bcs11244@university.edu,student.test1244@gmail.com,Student 1244,Electronics,B.Tech,2024,Active
24bcs11245,ENR-2025245,24bcs11245@university.edu,student.test1245@gmail.com,Student 1245,Computer Science,B.Tech,2024,Inactive
24bcs11246,ENR-2025246,24bcs11246@university.edu,student.test1246@gmail.com,Student 1246,Electronics,B.Tech,2024,Inactive
24bcs11247,ENR-2025247,24bcs11247@university.edu,student.test1247@gmail.com,Student 1247,Mechanical,B.Tech,2024,Active
24bcs11248,ENR-2025248,24bcs11248@university.edu,student.test1248@gmail.com,Student 1248,Mechanical,B.Tech,2024,Active
24bcs11249,ENR-2025249,24bcs11249@university.edu,student.test1249@gmail.com,Student 1249,Computer Science,B.Tech,2024,Active
24bcs11250,ENR-2025250,24bcs11250@university.edu,student.test1250@gmail.com,Student 1250,Mechanical,B.Tech,2024,Active
24bcs11251,ENR-2025251,24bcs11251@university.edu,student.test1251@gmail.com,Student 1251,Computer Science,B.Tech,2024,Active
24bcs11252,ENR-2025252,24bcs11252@university.edu,student.test1252@gmail.com,Student 1252,Mechanical,B.Tech,2024,Inactive
24bcs11253,ENR-2025253,24bcs11253@university.edu,student.test1253@gmail.com,Student 1253,Civil,B.Tech,2024,Active
24bcs11254,ENR-2025254,24bcs11254@university.edu,student.test1254@gmail.com,Student 1254,Mechanical,B.Tech,2024,Active
24bcs11255,ENR-2025255,24bcs11255@university.edu,student.test1255@gmail.com,Student 1255,Civil,B.Tech,2024,Inactive
24bcs11256,ENR-2025256,24bcs11256@university.edu,student.test1256@gmail.com,Student 1256,Electronics,B.Tech,2024,Active
24bcs11257,ENR-2025257,24bcs11257@university.edu,,Student 1257,Electronics,B.Tech,2024,Active
24bcs11258,ENR-2025258,24bcs11258@university.edu,student.test1258@gmail.com,Student 1258,Mechanical,B.Tech,2024,Active
24bcs11259,ENR-2025259,24bcs11259@university.edu,student.test1259@gmail.com,Student 1259,Civil,B.Tech,2024,Active
24bcs11260,ENR-2025260,24bcs11260@university.edu,student.test1260@gmail.com,Student 1260,Mechanical,B.Tech,2024,Active
24bcs11261,ENR-2025261,24bcs11261@university.edu,student.test1261@gmail.com,Student 1261,Civil,B.Tech,2024,Inactive
24bcs11262,ENR-2025262,24bcs11262@university.edu,student.test1262@gmail.com,Student 1262,Computer Science,B.Tech,2024,Active
24bcs11263,ENR-2025263,24bcs11263@university.edu,,Student 1263,Civil,B.Tech,2024,Active
24bcs11264,ENR-2025264,24bcs11264@university.edu,student.test1264@gmail.com,Student 1264,Civil,B.Tech,2024,Active
24bcs11265,ENR-2025265,24bcs11265@university.edu,student.test1265@gmail.com,Student 1265,Electronics,B.Tech,2024,Active
24bcs11266,ENR-2025266,24bcs11266@university.edu,student.test1266@gmail.com,Student 1266,Electronics,B.Tech,2024,Active
24bcs11267,ENR-2025267,24bcs11267@university.edu,student.test1267@gmail.com,Student 1267,Civil,B.Tech,2024,Active
24bcs11268,ENR-2025268,24bcs11268@university.edu,,Student 1268,Mechanical,B.Tech,2024,Active
24bcs11269,ENR-2025269,24bcs11269@university.edu,student.test1269@gmail.com,Student 1269,Mechanical,B.Tech,2024,Inactive
24bcs11270,ENR-2025270,24bcs11270@university.edu,student.test1270@gmail.com,Student 1270,Civil,B.Tech,2024,Active
24bcs11271,ENR-2025271,24bcs11271@university.edu,student.test1271@gmail.com,Student 1271,Computer Science,B.Tech,2024,Inactive
24bcs11272,ENR-2025272,24bcs11272@university.edu,student.test1272@gmail.com,Student 1272,Computer Science,B.Tech,2024,Active
24bcs11273,ENR-2025273,24bcs11273@university.edu,student.test1273@gmail.com,Student 1273,Mechanical,B.Tech,2024,Active
24bcs11274,ENR-2025274,24bcs11274@university.edu,student.test1274@gmail.com,Student 1274,Civil,B.Tech,2024,Inactive
24bcs11275,ENR-2025275,24bcs11275@university.edu,student.test1275@gmail.com,Student 1275,Electronics,B.Tech,2024,Active
24bcs11276,ENR-2025276,24bcs11276@university.edu,student.test1276@gmail.com,Student 1276,Electronics,B.Tech,2024,Active
24bcs11277,ENR-2025277,24bcs11277@university.edu,student.test1277@gmail.com,Student 1277,Mechanical,B.Tech,2024,Active
24bcs11278,ENR-2025278,24bcs11278@university.edu,student.test1278@gmail.com,Student 1278,Electronics,B.Tech,2024,Inactive
24bcs11279,ENR-2025279,24bcs11279@university.edu,student.test1279@gmail.com,Student 1279,Computer Science,B.Tech,2024,Active
24bcs11280,ENR-2025280,24bcs11280@university.edu,student.test1280@gmail.com,Student 1280,Civil,B.Tech,2024,Active
24bcs11281,ENR-2025281,24bcs11281@university.edu,student.test1281@gmail.com,Student 1281,Civil,B.Tech,2024,Active
24bcs11282,ENR-2025282,24bcs11282@university.edu,student.test1282@gmail.com,Student 1282,Civil,B.Tech,2024,Inactive
24bcs11283,ENR-2025283,24bcs11283@university.edu,student.test1283@gmail.com,Student 1283,Electronics,B.Tech,2024,Active
24bcs11284,ENR-2025284,24bcs11284@university.edu,student.test1284@gmail.com,Student 1284,Civil,B.Tech,2024,Active
24bcs11285,ENR-2025285,24bcs11285@university.edu,student.test1285@gmail.com,Student 1285,Computer Science,B.Tech,2024,Active
24bcs11286,ENR-2025286,24bcs11286@university.edu,student.test1286@gmail.com,Student 1286,Mechanical,B.Tech,2024,Active
24bcs11287,ENR-2025287,24bcs11287@university.edu,student.test1287@gmail.com,Student 1287,Civil,B.Tech,2024,Inactive
24bcs11288,ENR-2025288,24bcs11288@university.edu,student.test1288@gmail.com,Student 1288,Mechanical,B.Tech,2024,Inactive
24bcs11289,ENR-2025289,24bcs11289@university.edu,student.test1289@gmail.com,Student 1289,Civil,B.Tech,2024,Inactive
24bcs11290,ENR-2025290,24bcs11290@university.edu,student.test1290@gmail.com,Student 1290,Electronics,B.Tech,2024,Inactive
24bcs11291,ENR-2025291,24bcs11291@university.edu,student.test1291@gmail.com,Student 1291,Electronics,B.Tech,2024,Active
24bcs11292,ENR-2025292,24bcs11292@university.edu,student.test1292@gmail.com,Student 1292,Electronics,B.Tech,2024,Active
24bcs11293,ENR-2025293,24bcs11293@university.edu,student.test1293@gmail.com,Student 1293,Computer Science,B.Tech,2024,Active
24bcs11294,ENR-2025294,24bcs11294@university.edu,student.test1294@gmail.com,Student 1294,Mechanical,B.Tech,2024,Active
24bcs11295,ENR-2025295,24bcs11295@university.edu,student.test1295@gmail.com,Student 1295,Mechanical,B.Tech,2024,Active
24bcs11296,ENR-2025296,24bcs11296@university.edu,student.test1296@gmail.com,Student 1296,Electronics,B.Tech,2024,Active
24bcs11297,ENR-2025297,24bcs11297@university.edu,student.test1297@gmail.com,Student 1297,Computer Science,B.Tech,2024,Active
24bcs11298,ENR-2025298,24bcs11298@university.edu,student.test1298@gmail.com,Student 1298,Mechanical,B.Tech,2024,Active
24bcs11299,ENR-2025299,24bcs11299@university.edu,student.test1299@gmail.com,Student 1299,Electronics,B.Tech,2024,Active
24bcs11300,ENR-2025300,24bcs11300@university.edu,student.test1300@gmail.com,Student 1300,Computer Science,B.Tech,2024,Active
24bcs11301,ENR-2025301,24bcs11301@university.edu,student.test1301@gmail.com,Student 1301,Electronics,B.Tech,2024,Inactive
24bcs11302,ENR-2025302,24bcs11302@university.edu,student.test1302@gmail.com,Student 1302,Electronics,B.Tech,2024,Active
24bcs11303,ENR-2025303,24bcs11303@university.edu,student.test1303@gmail.com,Student 1303,Computer Science,B.Tech,2024,Inactive
24bcs11304,ENR-2025304,24bcs11304@university.edu,student.test1304@gmail.com,Student 1304,Computer Science,B.Tech,2024,Active
24bcs11305,ENR-2025305,24bcs11305@university.edu,student.test1305@gmail.com,Student 1305,Mechanical,B.Tech,2024,Active
24bcs11306,ENR-2025306,24bcs11306@university.edu,student.test1306@gmail.com,Student 1306,Electronics,B.Tech,2024,Active
24bcs11307,ENR-2025307,24bcs11307@university.edu,student.test1307@gmail.com,Student 1307,Mechanical,B.Tech,2024,Active
24bcs11308,ENR-2025308,24bcs11308@university.edu,student.test1308@gmail.com,Student 1308,Computer Science,B.Tech,2024,Active
24bcs11309,ENR-2025309,24bcs11309@university.edu,student.test1309@gmail.com,Student 1309,Computer Science,B.Tech,2024,Active
24bcs11310,ENR-2025310,24bcs11310@university.edu,,Student 1310,Computer Science,B.Tech,2024,Active
24bcs11311,ENR-2025311,24bcs11311@university.edu,student.test1311@gmail.com,Student 1311,Civil,B.Tech,2024,Active
24bcs11312,ENR-2025312,24bcs11312@university.edu,student.test1312@gmail.com,Student 1312,Mechanical,B.Tech,2024,Active
24bcs11313,ENR-2025313,24bcs11313@university.edu,student.test1313@gmail.com,Student 1313,Computer Science,B.Tech,2024,Active
24bcs11314,ENR-2025314,24bcs11314@university.edu,student.test1314@gmail.com,Student 1314,Mechanical,B.Tech,2024,Inactive
24bcs11315,ENR-2025315,24bcs11315@university.edu,student.test1315@gmail.com,Student 1315,Mechanical,B.Tech,2024,Active
24bcs11316,ENR-2025316,24bcs11316@university.edu,student.test1316@gmail.com,Student 1316,Mechanical,B.Tech,2024,Active
24bcs11317,ENR-2025317,24bcs11317@university.edu,student.test1317@gmail.com,Student 1317,Mechanical,B.Tech,2024,Inactive
24bcs11318,ENR-2025318,24bcs11318@university.edu,student.test1318@gmail.com,Student 1318,Electronics,B.Tech,2024,Active
24bcs11319,ENR-2025319,24bcs11319@university.edu,,Student 1319,Mechanical,B.Tech,2024,Active
24bcs11320,ENR-2025320,24bcs11320@university.edu,student.test1320@gmail.com,Student 1320,Computer Science,B.Tech,2024,Active
24bcs11321,ENR-2025321,24bcs11321@university.edu,student.test1321@gmail.com,Student 1321,Civil,B.Tech,2024,Active
24bcs11322,ENR-2025322,24bcs11322@university.edu,student.test1322@gmail.com,Student 1322,Computer Science,B.Tech,2024,Active
24bcs11323,ENR-2025323,24bcs11323@university.edu,student.test1323@gmail.com,Student 1323,Civil,B.Tech,2024,Active
24bcs11324,ENR-2025324,24bcs11324@university.edu,student.test1324@gmail.com,Student 1324,Computer Science,B.Tech,2024,Active
24bcs11325,ENR-2025325,24bcs11325@university.edu,student.test1325@gmail.com,Student 1325,Computer Science,B.Tech,2024,Inactive
24bcs11326,ENR-2025326,24bcs11326@university.edu,student.test1326@gmail.com,Student 1326,Mechanical,B.Tech,2024,Active
24bcs11327,ENR-2025327,24bcs11327@university.edu,student.test1327@gmail.com,Student 1327,Computer Science,B.Tech,2024,Active
24bcs11328,ENR-2025328,24bcs11328@university.edu,student.test1328@gmail.com,Student 1328,Civil,B.Tech,2024,Active
24bcs11329,ENR-2025329,24bcs11329@university.edu,student.test1329@gmail.com,Student 1329,Mechanical,B.Tech,2024,Active
24bcs11330,ENR-2025330,24bcs11330@university.edu,student.test1330@gmail.com,Student 1330,Mechanical,B.Tech,2024,Active
24bcs11331,ENR-2025331,24bcs11331@university.edu,student.test1331@gmail.com,Student 1331,Mechanical,B.Tech,2024,Active
24bcs11332,ENR-2025332,24bcs11332@university.edu,student.test1332@gmail.com,Student 1332,Computer Science,B.Tech,2024,Active
24bcs11333,ENR-2025333,24bcs11333@university.edu,student.test1333@gmail.com,Student 1333,Civil,B.Tech,2024,Active
24bcs11334,ENR-2025334,24bcs11334@university.edu,student.test1334@gmail.com,Student 1334,Electronics,B.Tech,2024,Active
24bcs11335,ENR-2025335,24bcs11335@university.edu,student.test1335@gmail.com,Student 1335,Computer Science,B.Tech,2024,Active
24bcs11336,ENR-2025336,24bcs11336@university.edu,student.test1336@gmail.com,Student 1336,Computer Science,B.Tech,2024,Active
24bcs11337,ENR-2025337,24bcs11337@university.edu,student.test1337@gmail.com,Student 1337,Electronics,B.Tech,2024,Active
24bcs11338,ENR-2025338,24bcs11338@university.edu,student.test1338@gmail.com,Student 1338,Civil,B.Tech,2024,Inactive
24bcs11339,ENR-2025339,24bcs11339@university.edu,student.test1339@gmail.com,Student 1339,Mechanical,B.Tech,2024,Active
24bcs11340,ENR-2025340,24bcs11340@university.edu,student.test1340@gmail.com,Student 1340,Mechanical,B.Tech,2024,Active
24bcs11341,ENR-2025341,24bcs11341@university.edu,student.test1341@gmail.com,Student 1341,Mechanical,B.Tech,2024,Active
24bcs11342,ENR-2025342,24bcs11342@university.edu,student.test1342@gmail.com,Student 1342,Electronics,B.Tech,2024,Inactive
24bcs11343,ENR-2025343,24bcs11343@university.edu,student.test1343@gmail.com,Student 1343,Mechanical,B.Tech,2024,Inactive
24bcs11344,ENR-2025344,24bcs11344@university.edu,student.test1344@gmail.com,Student 1344,Computer Science,B.Tech,2024,Active
24bcs11345,ENR-2025345,24bcs11345@university.edu,student.test1345@gmail.com,Student 1345,Electronics,B.Tech,2024,Active
24bcs11346,ENR-2025346,24bcs11346@university.edu,student.test1346@gmail.com,Student 1346,Civil,B.Tech,2024,Inactive
24bcs11347,ENR-2025347,24bcs11347@university.edu,student.test1347@gmail.com,Student 1347,Computer Science,B.Tech,2024,Inactive
24bcs11348,ENR-2025348,24bcs11348@university.edu,student.test1348@gmail.com,Student 1348,Computer Science,B.Tech,2024,Inactive
24bcs11349,ENR-2025349,24bcs11349@university.edu,student.test1349@gmail.com,Student 1349,Civil,B.Tech,2024,Active
24bcs11350,ENR-2025350,24bcs11350@university.edu,student.test1350@gmail.com,Student 1350,Mechanical,B.Tech,2024,Active
24bcs11351,ENR-2025351,24bcs11351@university.edu,student.test1351@gmail.com,Student 1351,Mechanical,B.Tech,2024,Inactive
24bcs11352,ENR-2025352,24bcs11352@university.edu,student.test1352@gmail.com,Student 1352,Mechanical,B.Tech,2024,Active
24bcs11353,ENR-2025353,24bcs11353@university.edu,student.test1353@gmail.com,Student 1353,Electronics,B.Tech,2024,Active
24bcs11354,ENR-2025354,24bcs11354@university.edu,student.test1354@gmail.com,Student 1354,Mechanical,B.Tech,2024,Active
24bcs11355,ENR-2025355,24bcs11355@university.edu,student.test1355@gmail.com,Student 1355,Computer Science,B.Tech,2024,Active
24bcs11356,ENR-2025356,24bcs11356@university.edu,student.test1356@gmail.com,Student 1356,Mechanical,B.Tech,2024,Inactive
24bcs11357,ENR-2025357,24bcs11357@university.edu,student.test1357@gmail.com,Student 1357,Mechanical,B.Tech,2024,Inactive
24bcs11358,ENR-2025358,24bcs11358@university.edu,student.test1358@gmail.com,Student 1358,Electronics,B.Tech,2024,Inactive
24bcs11359,ENR-2025359,24bcs11359@university.edu,student.test1359@gmail.com,Student 1359,Computer Science,B.Tech,2024,Active
24bcs11360,ENR-2025360,24bcs11360@university.edu,student.test1360@gmail.com,Student 1360,Electronics,B.Tech,2024,Active
24bcs11361,ENR-2025361,24bcs11361@university.edu,student.test1361@gmail.com,Student 1361,Electronics,B.Tech,2024,Active
24bcs11362,ENR-2025362,24bcs11362@university.edu,,Student 1362,Mechanical,B.Tech,2024,Active
24bcs11363,ENR-2025363,24bcs11363@university.edu,student.test1363@gmail.com,Student 1363,Mechanical,B.Tech,2024,Active
24bcs11364,ENR-2025364,24bcs11364@university.edu,student.test1364@gmail.com,Student 1364,Mechanical,B.Tech,2024,Active
24bcs11365,ENR-2025365,24bcs11365@university.edu,student.test1365@gmail.com,Student 1365,Computer Science,B.Tech,2024,Inactive
24bcs11366,ENR-2025366,24bcs11366@university.edu,student.test1366@gmail.com,Student 1366,Civil,B.Tech,2024,Active
24bcs11367,ENR-2025367,24bcs11367@university.edu,student.test1367@gmail.com,Student 1367,Civil,B.Tech,2024,Active
24bcs11368,ENR-2025368,24bcs11368@university.edu,student.test1368@gmail.com,Student 1368,Electronics,B.Tech,2024,Inactive
24bcs11369,ENR-2025369,24bcs11369@university.edu,student.test1369@gmail.com,Student 1369,Computer Science,B.Tech,2024,Active
24bcs11370,ENR-2025370,24bcs11370@university.edu,student.test1370@gmail.com,Student 1370,Computer Science,B.Tech,2024,Active
24bcs11371,ENR-2025371,24bcs11371@university.edu,student.test1371@gmail.com,Student 1371,Mechanical,B.Tech,2024,Active
24bcs11372,ENR-2025372,24bcs11372@university.edu,student.test1372@gmail.com,Student 1372,Civil,B.Tech,2024,Active
24bcs11373,ENR-2025373,24bcs11373@university.edu,student.test1373@gmail.com,Student 1373,Civil,B.Tech,2024,Active
24bcs11374,ENR-2025374,24bcs11374@university.edu,student.test1374@gmail.com,Student 1374,Electronics,B.Tech,2024,Active
24bcs11375,ENR-2025375,24bcs11375@university.edu,student.test1375@gmail.com,Student 1375,Mechanical,B.Tech,2024,Active
24bcs11376,ENR-2025376,24bcs11376@university.edu,student.test1376@gmail.com,Student 1376,Civil,B.Tech,2024,Active
24bcs11377,ENR-2025377,24bcs11377@university.edu,student.test1377@gmail.com,Student 1377,Electronics,B.Tech,2024,Active
24bcs11378,ENR-2025378,24bcs11378@university.edu,student.test1378@gmail.com,Student 1378,Electronics,B.Tech,2024,Inactive
24bcs11379,ENR-2025379,24bcs11379@university.edu,student.test1379@gmail.com,Student 1379,Civil,B.Tech,2024,Inactive
24bcs11380,ENR-2025380,24bcs11380@university.edu,student.test1380@gmail.com,Student 1380,Mechanical,B.Tech,2024,Active
24bcs11381,ENR-2025381,24bcs11381@university.edu,student.test1381@gmail.com,Student 1381,Civil,B.Tech,2024,Active
24bcs11382,ENR-2025382,24bcs11382@university.edu,student.test1382@gmail.com,Student 1382,Mechanical,B.Tech,2024,Active
24bcs11383,ENR-2025383,24bcs11383@university.edu,student.test1383@gmail.com,Student 1383,Computer Science,B.Tech,2024,Active
24bcs11384,ENR-2025384,24bcs11384@university.edu,student.test1384@gmail.com,Student 1384,Civil,B.Tech,2024,Active
24bcs11385,ENR-2025385,24bcs11385@university.edu,student.test1385@gmail.com,Student 1385,Electronics,B.Tech,2024,Active
24bcs11386,ENR-2025386,24bcs11386@university.edu,student.test1386@gmail.com,Student 1386,Mechanical,B.Tech,2024,Active
24bcs11387,ENR-2025387,24bcs11387@university.edu,student.test1387@gmail.com,Student 1387,Electronics,B.Tech,2024,Active
24bcs11388,ENR-2025388,24bcs11388@university.edu,student.test1388@gmail.com,Student 1388,Computer Science,B.Tech,2024,Active
24bcs11389,ENR-2025389,24bcs11389@university.edu,student.test1389@gmail.com,Student 1389,Mechanical,B.Tech,2024,Active
24bcs11390,ENR-2025390,24bcs11390@university.edu,student.test1390@gmail.com,Student 1390,Mechanical,B.Tech,2024,Inactive
24bcs11391,ENR-2025391,24bcs11391@university.edu,student.test1391@gmail.com,Student 1391,Electronics,B.Tech,2024,Active
24bcs11392,ENR-2025392,24bcs11392@university.edu,student.test1392@gmail.com,Student 1392,Mechanical,B.Tech,2024,Inactive
24bcs11393,ENR-2025393,24bcs11393@university.edu,student.test1393@gmail.com,Student 1393,Civil,B.Tech,2024,Active
24bcs11394,ENR-2025394,24bcs11394@university.edu,student.test1394@gmail.com,Student 1394,Computer Science,B.Tech,2024,Inactive
24bcs11395,ENR-2025395,24bcs11395@university.edu,,Student 1395,Civil,B.Tech,2024,Active
24bcs11396,ENR-2025396,24bcs11396@university.edu,student.test1396@gmail.com,Student 1396,Electronics,B.Tech,2024,Active
24bcs11397,ENR-2025397,24bcs11397@university.edu,student.test1397@gmail.com,Student 1397,Mechanical,B.Tech,2024,Active
24bcs11398,ENR-2025398,24bcs11398@university.edu,student.test1398@gmail.com,Student 1398,Mechanical,B.Tech,2024,Active
24bcs11399,ENR-2025399,24bcs11399@university.edu,student.test1399@gmail.com,Student 1399,Civil,B.Tech,2024,Active
24bcs11400,ENR-2025400,24bcs11400@university.edu,student.test1400@gmail.com,Student 1400,Computer Science,B.Tech,2024,Active
24bcs11401,ENR-2025401,24bcs11401@university.edu,student.test1401@gmail.com,Student 1401,Mechanical,B.Tech,2024,Inactive
24bcs11402,ENR-2025402,24bcs11402@university.edu,student.test1402@gmail.com,Student 1402,Mechanical,B.Tech,2024,Active
24bcs11403,ENR-2025403,24bcs11403@university.edu,student.test1403@gmail.com,Student 1403,Mechanical,B.Tech,2024,Active
24bcs11404,ENR-2025404,24bcs11404@university.edu,student.test1404@gmail.com,Student 1404,Electronics,B.Tech,2024,Active
24bcs11405,ENR-2025405,24bcs11405@university.edu,student.test1405@gmail.com,Student 1405,Computer Science,B.Tech,2024,Inactive
24bcs11406,ENR-2025406,24bcs11406@university.edu,,Student 1406,Mechanical,B.Tech,2024,Inactive
24bcs11407,ENR-2025407,24bcs11407@university.edu,student.test1407@gmail.com,Student 1407,Computer Science,B.Tech,2024,Active
24bcs11408,ENR-2025408,24bcs11408@university.edu,student.test1408@gmail.com,Student 1408,Mechanical,B.Tech,2024,Active
24bcs11409,ENR-2025409,24bcs11409@university.edu,student.test1409@gmail.com,Student 1409,Civil,B.Tech,2024,Active
24bcs11410,ENR-2025410,24bcs11410@university.edu,student.test1410@gmail.com,Student 1410,Mechanical,B.Tech,2024,Active
24bcs11411,ENR-2025411,24bcs11411@university.edu,student.test1411@gmail.com,Student 1411,Electronics,B.Tech,2024,Active
24bcs11412,ENR-2025412,24bcs11412@university.edu,student.test1412@gmail.com,Student 1412,Mechanical,B.Tech,2024,Active
24bcs11413,ENR-2025413,24bcs11413@university.edu,student.test1413@gmail.com,Student 1413,Mechanical,B.Tech,2024,Active
24bcs11414,ENR-2025414,24bcs11414@university.edu,student.test1414@gmail.com,Student 1414,Electronics,B.Tech,2024,Active
24bcs11415,ENR-2025415,24bcs11415@university.edu,student.test1415@gmail.com,Student 1415,Mechanical,B.Tech,2024,Active
24bcs11416,ENR-2025416,24bcs11416@university.edu,student.test1416@gmail.com,Student 1416,Civil,B.Tech,2024,Active
24bcs11417,ENR-2025417,24bcs11417@university.edu,student.test1417@gmail.com,Student 1417,Computer Science,B.Tech,2024,Inactive
24bcs11418,ENR-2025418,24bcs11418@university.edu,student.test1418@gmail.com,Student 1418,Electronics,B.Tech,2024,Active
24bcs11419,ENR-2025419,24bcs11419@university.edu,student.test1419@gmail.com,Student 1419,Mechanical,B.Tech,2024,Active
24bcs11420,ENR-2025420,24bcs11420@university.edu,student.test1420@gmail.com,Student 1420,Mechanical,B.Tech,2024,Active
24bcs11421,ENR-2025421,24bcs11421@university.edu,student.test1421@gmail.com,Student 1421,Civil,B.Tech,2024,Active
24bcs11422,ENR-2025422,24bcs11422@university.edu,student.test1422@gmail.com,Student 1422,Electronics,B.Tech,2024,Active
24bcs11423,ENR-2025423,24bcs11423@university.edu,student.test1423@gmail.com,Student 1423,Electronics,B.Tech,2024,Active
24bcs11424,ENR-2025424,24bcs11424@university.edu,student.test1424@gmail.com,Student 1424,Mechanical,B.Tech,2024,Inactive
24bcs11425,ENR-2025425,24bcs11425@university.edu,student.test1425@gmail.com,Student 1425,Computer Science,B.Tech,2024,Active
24bcs11426,ENR-2025426,24bcs11426@university.edu,student.test1426@gmail.com,Student 1426,Civil,B.Tech,2024,Inactive
24bcs11427,ENR-2025427,24bcs11427@university.edu,student.test1427@gmail.com,Student 1427,Mechanical,B.Tech,2024,Active
24bcs11428,ENR-2025428,24bcs11428@university.edu,student.test1428@gmail.com,Student 1428,Electronics,B.Tech,2024,Active
24bcs11429,ENR-2025429,24bcs11429@university.edu,student.test1429@gmail.com,Student 1429,Electronics,B.Tech,2024,Active
24bcs11430,ENR-2025430,24bcs11430@university.edu,student.test1430@gmail.com,Student 1430,Civil,B.Tech,2024,Active
24bcs11431,ENR-2025431,24bcs11431@university.edu,student.test1431@gmail.com,Student 1431,Civil,B.Tech,2024,Active
24bcs11432,ENR-2025432,24bcs11432@university.edu,student.test1432@gmail.com,Student 1432,Electronics,B.Tech,2024,Active
24bcs11433,ENR-2025433,24bcs11433@university.edu,student.test1433@gmail.com,Student 1433,Electronics,B.Tech,2024,Inactive
24bcs11434,ENR-2025434,24bcs11434@university.edu,student.test1434@gmail.com,Student 1434,Civil,B.Tech,2024,Inactive
24bcs11435,ENR-2025435,24bcs11435@university.edu,student.test1435@gmail.com,Student 1435,Computer Science,B.Tech,2024,Active
24bcs11436,ENR-2025436,24bcs11436@university.edu,student.test1436@gmail.com,Student 1436,Electronics,B.Tech,2024,Active
24bcs11437,ENR-2025437,24bcs11437@university.edu,student.test1437@gmail.com,Student 1437,Electronics,B.Tech,2024,Active
24bcs11438,ENR-2025438,24bcs11438@university.edu,student.test1438@gmail.com,Student 1438,Mechanical,B.Tech,2024,Inactive
24bcs11439,ENR-2025439,24bcs11439@university.edu,student.test1439@gmail.com,Student 1439,Electronics,B.Tech,2024,Active
24bcs11440,ENR-2025440,24bcs11440@university.edu,student.test1440@gmail.com,Student 1440,Electronics,B.Tech,2024,Active
24bcs11441,ENR-2025441,24bcs11441@university.edu,student.test1441@gmail.com,Student 1441,Civil,B.Tech,2024,Active
24bcs11442,ENR-2025442,24bcs11442@university.edu,student.test1442@gmail.com,Student 1442,Computer Science,B.Tech,2024,Active
24bcs11443,ENR-2025443,24bcs11443@university.edu,student.test1443@gmail.com,Student 1443,Computer Science,B.Tech,2024,Active
24bcs11444,ENR-2025444,24bcs11444@university.edu,,Student 1444,Mechanical,B.Tech,2024,Inactive
24bcs11445,ENR-2025445,24bcs11445@university.edu,student.test1445@gmail.com,Student 1445,Civil,B.Tech,2024,Inactive
24bcs11446,ENR-2025446,24bcs11446@university.edu,,Student 1446,Electronics,B.Tech,2024,Active
24bcs11447,ENR-2025447,24bcs11447@university.edu,student.test1447@gmail.com,Student 1447,Mechanical,B.Tech,2024,Inactive
24bcs11448,ENR-2025448,24bcs11448@university.edu,student.test1448@gmail.com,Student 1448,Civil,B.Tech,2024,Active
24bcs11449,ENR-2025449,24bcs11449@university.edu,student.test1449@gmail.com,Student 1449,Civil,B.Tech,2024,Inactive
24bcs11450,ENR-2025450,24bcs11450@university.edu,student.test1450@gmail.com,Student 1450,Mechanical,B.Tech,2024,Active
24bcs11451,ENR-2025451,24bcs11451@university.edu,student.test1451@gmail.com,Student 1451,Civil,B.Tech,2024,Inactive
24bcs11452,ENR-2025452,24bcs11452@university.edu,student.test1452@gmail.com,Student 1452,Mechanical,B.Tech,2024,Active
24bcs11453,ENR-2025453,24bcs11453@university.edu,student.test1453@gmail.com,Student 1453,Computer Science,B.Tech,2024,Inactive
24bcs11454,ENR-2025454,24bcs11454@university.edu,student.test1454@gmail.com,Student 1454,Computer Science,B.Tech,2024,Active
24bcs11455,ENR-2025455,24bcs11455@university.edu,student.test1455@gmail.com,Student 1455,Computer Science,B.Tech,2024,Active
24bcs11456,ENR-2025456,24bcs11456@university.edu,student.test1456@gmail.com,Student 1456,Electronics,B.Tech,2024,Active
24bcs11457,ENR-2025457,24bcs11457@university.edu,student.test1457@gmail.com,Student 1457,Computer Science,B.Tech,2024,Inactive
24bcs11458,ENR-2025458,24bcs11458@university.edu,student.test1458@gmail.com,Student 1458,Computer Science,B.Tech,2024,Active
24bcs11459,ENR-2025459,24bcs11459@university.edu,student.test1459@gmail.com,Student 1459,Electronics,B.Tech,2024,Active
24bcs11460,ENR-2025460,24bcs11460@university.edu,student.test1460@gmail.com,Student 1460,Electronics,B.Tech,2024,Active
24bcs11461,ENR-2025461,24bcs11461@university.edu,student.test1461@gmail.com,Student 1461,Civil,B.Tech,2024,Inactive
24bcs11462,ENR-2025462,24bcs11462@university.edu,student.test1462@gmail.com,Student 1462,Civil,B.Tech,2024,Active
24bcs11463,ENR-2025463,24bcs11463@university.edu,student.test1463@gmail.com,Student 1463,Electronics,B.Tech,2024,Active
24bcs11464,ENR-2025464,24bcs11464@university.edu,student.test1464@gmail.com,Student 1464,Civil,B.Tech,2024,Active
24bcs11465,ENR-2025465,24bcs11465@university.edu,student.test1465@gmail.com,Student 1465,Computer Science,B.Tech,2024,Active
24bcs11466,ENR-2025466,24bcs11466@university.edu,student.test1466@gmail.com,Student 1466,Computer Science,B.Tech,2024,Active
24bcs11467,ENR-2025467,24bcs11467@university.edu,student.test1467@gmail.com,Student 1467,Civil,B.Tech,2024,Inactive
24bcs11468,ENR-2025468,24bcs11468@university.edu,student.test1468@gmail.com,Student 1468,Mechanical,B.Tech,2024,Active
24bcs11469,ENR-2025469,24bcs11469@university.edu,student.test1469@gmail.com,Student 1469,Civil,B.Tech,2024,Inactive
24bcs11470,ENR-2025470,24bcs11470@university.edu,student.test1470@gmail.com,Student 1470,Mechanical,B.Tech,2024,Active
24bcs11471,ENR-2025471,24bcs11471@university.edu,student.test1471@gmail.com,Student 1471,Electronics,B.Tech,2024,Active
24bcs11472,ENR-2025472,24bcs11472@university.edu,student.test1472@gmail.com,Student 1472,Mechanical,B.Tech,2024,Inactive
24bcs11473,ENR-2025473,24bcs11473@university.edu,student.test1473@gmail.com,Student 1473,Electronics,B.Tech,2024,Active
24bcs11474,ENR-2025474,24bcs11474@university.edu,student.test1474@gmail.com,Student 1474,Electronics,B.Tech,2024,Active
24bcs11475,ENR-2025475,24bcs11475@university.edu,student.test1475@gmail.com,Student 1475,Mechanical,B.Tech,2024,Active
24bcs11476,ENR-2025476,24bcs11476@university.edu,student.test1476@gmail.com,Student 1476,Mechanical,B.Tech,2024,Active
24bcs11477,ENR-2025477,24bcs11477@university.edu,student.test1477@gmail.com,Student 1477,Civil,B.Tech,2024,Active
24bcs11478,ENR-2025478,24bcs11478@university.edu,student.test1478@gmail.com,Student 1478,Civil,B.Tech,2024,Inactive
24bcs11479,ENR-2025479,24bcs11479@university.edu,student.test1479@gmail.com,Student 1479,Mechanical,B.Tech,2024,Active
24bcs11480,ENR-2025480,24bcs11480@university.edu,student.test1480@gmail.com,Student 1480,Civil,B.Tech,2024,Inactive
24bcs11481,ENR-2025481,24bcs11481@university.edu,student.test1481@gmail.com,Student 1481,Computer Science,B.Tech,2024,Active
24bcs11482,ENR-2025482,24bcs11482@university.edu,student.test1482@gmail.com,Student 1482,Electronics,B.Tech,2024,Active
24bcs11483,ENR-2025483,24bcs11483@university.edu,student.test1483@gmail.com,Student 1483,Computer Science,B.Tech,2024,Active
24bcs11484,ENR-2025484,24bcs11484@university.edu,student.test1484@gmail.com,Student 1484,Computer Science,B.Tech,2024,Active
24bcs11485,ENR-2025485,24bcs11485@university.edu,student.test1485@gmail.com,Student 1485,Computer Science,B.Tech,2024,Inactive
24bcs11486,ENR-2025486,24bcs11486@university.edu,student.test1486@gmail.com,Student 1486,Civil,B.Tech,2024,Active
24bcs11487,ENR-2025487,24bcs11487@university.edu,,Student 1487,Computer Science,B.Tech,2024,Active
24bcs11488,ENR-2025488,24bcs11488@university.edu,student.test1488@gmail.com,Student 1488,Electronics,B.Tech,2024,Inactive
24bcs11489,ENR-2025489,24bcs11489@university.edu,student.test1489@gmail.com,Student 1489,Computer Science,B.Tech,2024,Inactive
24bcs11490,ENR-2025490,24bcs11490@university.edu,student.test1490@gmail.com,Student 1490,Mechanical,B.Tech,2024,Active
24bcs11491,ENR-2025491,24bcs11491@university.edu,student.test1491@gmail.com,Student 1491,Electronics,B.Tech,2024,Inactive
24bcs11492,ENR-2025492,24bcs11492@university.edu,student.test1492@gmail.com,Student 1492,Computer Science,B.Tech,2024,Active
24bcs11493,ENR-2025493,24bcs11493@university.edu,student.test1493@gmail.com,Student 1493,Civil,B.Tech,2024,Active
24bcs11494,ENR-2025494,24bcs11494@university.edu,student.test1494@gmail.com,Student 1494,Electronics,B.Tech,2024,Active
24bcs11495,ENR-2025495,24bcs11495@university.edu,student.test1495@gmail.com,Student 1495,Electronics,B.Tech,2024,Active
24bcs11496,ENR-2025496,24bcs11496@university.edu,student.test1496@gmail.com,Student 1496,Civil,B.Tech,2024,Inactive
24bcs11497,ENR-2025497,24bcs11497@university.edu,student.test1497@gmail.com,Student 1497,Electronics,B.Tech,2024,Active
24bcs11498,ENR-2025498,24bcs11498@university.edu,student.test1498@gmail.com,Student 1498,Mechanical,B.Tech,2024,Inactive
24bcs11499,ENR-2025499,24bcs11499@university.edu,student.test1499@gmail.com,Student 1499,Electronics,B.Tech,2024,Active
24bcs11500,ENR-2025500,24bcs11500@university.edu,student.test1500@gmail.com,Student 1500,Computer Science,B.Tech,2024,Active
24bcs11501,ENR-2025501,24bcs11501@university.edu,student.test1501@gmail.com,Student 1501,Mechanical,B.Tech,2024,Active
24bcs11502,ENR-2025502,24bcs11502@university.edu,student.test1502@gmail.com,Student 1502,Electronics,B.Tech,2024,Active
24bcs11503,ENR-2025503,24bcs11503@university.edu,student.test1503@gmail.com,Student 1503,Civil,B.Tech,2024,Inactive
24bcs11504,ENR-2025504,24bcs11504@university.edu,student.test1504@gmail.com,Student 1504,Mechanical,B.Tech,2024,Active
24bcs11505,ENR-2025505,24bcs11505@university.edu,student.test1505@gmail.com,Student 1505,Mechanical,B.Tech,2024,Inactive
24bcs11506,ENR-2025506,24bcs11506@university.edu,student.test1506@gmail.com,Student 1506,Mechanical,B.Tech,2024,Active
24bcs11507,ENR-2025507,24bcs11507@university.edu,student.test1507@gmail.com,Student 1507,Civil,B.Tech,2024,Inactive
24bcs11508,ENR-2025508,24bcs11508@university.edu,student.test1508@gmail.com,Student 1508,Mechanical,B.Tech,2024,Active
24bcs11509,ENR-2025509,24bcs11509@university.edu,student.test1509@gmail.com,Student 1509,Civil,B.Tech,2024,Active
24bcs11510,ENR-2025510,24bcs11510@university.edu,student.test1510@gmail.com,Student 1510,Computer Science,B.Tech,2024,Inactive
24bcs11511,ENR-2025511,24bcs11511@university.edu,student.test1511@gmail.com,Student 1511,Mechanical,B.Tech,2024,Active
24bcs11512,ENR-2025512,24bcs11512@university.edu,student.test1512@gmail.com,Student 1512,Mechanical,B.Tech,2024,Active
24bcs11513,ENR-2025513,24bcs11513@university.edu,student.test1513@gmail.com,Student 1513,Civil,B.Tech,2024,Active
24bcs11514,ENR-2025514,24bcs11514@university.edu,student.test1514@gmail.com,Student 1514,Electronics,B.Tech,2024,Inactive
24bcs11515,ENR-2025515,24bcs11515@university.edu,student.test1515@gmail.com,Student 1515,Mechanical,B.Tech,2024,Active
24bcs11516,ENR-2025516,24bcs11516@university.edu,student.test1516@gmail.com,Student 1516,Civil,B.Tech,2024,Active
24bcs11517,ENR-2025517,24bcs11517@university.edu,,Student 1517,Mechanical,B.Tech,2024,Active
24bcs11518,ENR-2025518,24bcs11518@university.edu,student.test1518@gmail.com,Student 1518,Computer Science,B.Tech,2024,Active
24bcs11519,ENR-2025519,24bcs11519@university.edu,student.test1519@gmail.com,Student 1519,Mechanical,B.Tech,2024,Active
24bcs11520,ENR-2025520,24bcs11520@university.edu,student.test1520@gmail.com,Student 1520,Mechanical,B.Tech,2024,Active
24bcs11521,ENR-2025521,24bcs11521@university.edu,student.test1521@gmail.com,Student 1521,Mechanical,B.Tech,2024,Active
24bcs11522,ENR-2025522,24bcs11522@university.edu,student.test1522@gmail.com,Student 1522,Mechanical,B.Tech,2024,Active
24bcs11523,ENR-2025523,24bcs11523@university.edu,student.test1523@gmail.com,Student 1523,Computer Science,B.Tech,2024,Active
24bcs11524,ENR-2025524,24bcs11524@university.edu,student.test1524@gmail.com,Student 1524,Computer Science,B.Tech,2024,Active
24bcs11525,ENR-2025525,24bcs11525@university.edu,student.test1525@gmail.com,Student 1525,Computer Science,B.Tech,2024,Inactive
24bcs11526,ENR-2025526,24bcs11526@university.edu,student.test1526@gmail.com,Student 1526,Computer Science,B.Tech,2024,Inactive
24bcs11527,ENR-2025527,24bcs11527@university.edu,student.test1527@gmail.com,Student 1527,Computer Science,B.Tech,2024,Active
24bcs11528,ENR-2025528,24bcs11528@university.edu,,Student 1528,Mechanical,B.Tech,2024,Active
24bcs11529,ENR-2025529,24bcs11529@university.edu,student.test1529@gmail.com,Student 1529,Computer Science,B.Tech,2024,Active
24bcs11530,ENR-2025530,24bcs11530@university.edu,student.test1530@gmail.com,Student 1530,Mechanical,B.Tech,2024,Inactive
24bcs11531,ENR-2025531,24bcs11531@university.edu,student.test1531@gmail.com,Student 1531,Computer Science,B.Tech,2024,Active
24bcs11532,ENR-2025532,24bcs11532@university.edu,,Student 1532,Civil,B.Tech,2024,Inactive
24bcs11533,ENR-2025533,24bcs11533@university.edu,student.test1533@gmail.com,Student 1533,Civil,B.Tech,2024,Inactive
24bcs11534,ENR-2025534,24bcs11534@university.edu,student.test1534@gmail.com,Student 1534,Computer Science,B.Tech,2024,Active
24bcs11535,ENR-2025535,24bcs11535@university.edu,student.test1535@gmail.com,Student 1535,Electronics,B.Tech,2024,Active
24bcs11536,ENR-2025536,24bcs11536@university.edu,student.test1536@gmail.com,Student 1536,Mechanical,B.Tech,2024,Active
24bcs11537,ENR-2025537,24bcs11537@university.edu,student.test1537@gmail.com,Student 1537,Mechanical,B.Tech,2024,Inactive
24bcs11538,ENR-2025538,24bcs11538@university.edu,student.test1538@gmail.com,Student 1538,Computer Science,B.Tech,2024,Inactive
24bcs11539,ENR-2025539,24bcs11539@university.edu,student.test1539@gmail.com,Student 1539,Civil,B.Tech,2024,Active
24bcs11540,ENR-2025540,24bcs11540@university.edu,student.test1540@gmail.com,Student 1540,Electronics,B.Tech,2024,Active
24bcs11541,ENR-2025541,24bcs11541@university.edu,student.test1541@gmail.com,Student 1541,Civil,B.Tech,2024,Active
24bcs11542,ENR-2025542,24bcs11542@university.edu,student.test1542@gmail.com,Student 1542,Mechanical,B.Tech,2024,Active
24bcs11543,ENR-2025543,24bcs11543@university.edu,student.test1543@gmail.com,Student 1543,Computer Science,B.Tech,2024,Active
24bcs11544,ENR-2025544,24bcs11544@university.edu,student.test1544@gmail.com,Student 1544,Civil,B.Tech,2024,Inactive
24bcs11545,ENR-2025545,24bcs11545@university.edu,student.test1545@gmail.com,Student 1545,Civil,B.Tech,2024,Active
24bcs11546,ENR-2025546,24bcs11546@university.edu,student.test1546@gmail.com,Student 1546,Electronics,B.Tech,2024,Active
24bcs11547,ENR-2025547,24bcs11547@university.edu,student.test1547@gmail.com,Student 1547,Electronics,B.Tech,2024,Inactive
24bcs11548,ENR-2025548,24bcs11548@university.edu,student.test1548@gmail.com,Student 1548,Civil,B.Tech,2024,Active
24bcs11549,ENR-2025549,24bcs11549@university.edu,student.test1549@gmail.com,Student 1549,Civil,B.Tech,2024,Active
24bcs11550,ENR-2025550,24bcs11550@university.edu,student.test1550@gmail.com,Student 1550,Computer Science,B.Tech,2024,Active
24bcs11551,ENR-2025551,24bcs11551@university.edu,student.test1551@gmail.com,Student 1551,Computer Science,B.Tech,2024,Active
24bcs11552,ENR-2025552,24bcs11552@university.edu,student.test1552@gmail.com,Student 1552,Civil,B.Tech,2024,Active
24bcs11553,ENR-2025553,24bcs11553@university.edu,student.test1553@gmail.com,Student 1553,Mechanical,B.Tech,2024,Inactive
24bcs11554,ENR-2025554,24bcs11554@university.edu,,Student 1554,Mechanical,B.Tech,2024,Active
24bcs11555,ENR-2025555,24bcs11555@university.edu,student.test1555@gmail.com,Student 1555,Mechanical,B.Tech,2024,Active
24bcs11556,ENR-2025556,24bcs11556@university.edu,student.test1556@gmail.com,Student 1556,Computer Science,B.Tech,2024,Active
24bcs11557,ENR-2025557,24bcs11557@university.edu,student.test1557@gmail.com,Student 1557,Civil,B.Tech,2024,Active
24bcs11558,ENR-2025558,24bcs11558@university.edu,student.test1558@gmail.com,Student 1558,Mechanical,B.Tech,2024,Active
24bcs11559,ENR-2025559,24bcs11559@university.edu,student.test1559@gmail.com,Student 1559,Civil,B.Tech,2024,Active
24bcs11560,ENR-2025560,24bcs11560@university.edu,student.test1560@gmail.com,Student 1560,Civil,B.Tech,2024,Active
24bcs11561,ENR-2025561,24bcs11561@university.edu,,Student 1561,Civil,B.Tech,2024,Active
24bcs11562,ENR-2025562,24bcs11562@university.edu,student.test1562@gmail.com,Student 1562,Mechanical,B.Tech,2024,Active
24bcs11563,ENR-2025563,24bcs11563@university.edu,student.test1563@gmail.com,Student 1563,Electronics,B.Tech,2024,Inactive
24bcs11564,ENR-2025564,24bcs11564@university.edu,student.test1564@gmail.com,Student 1564,Mechanical,B.Tech,2024,Active
24bcs11565,ENR-2025565,24bcs11565@university.edu,student.test1565@gmail.com,Student 1565,Mechanical,B.Tech,2024,Active
24bcs11566,ENR-2025566,24bcs11566@university.edu,student.test1566@gmail.com,Student 1566,Computer Science,B.Tech,2024,Active
24bcs11567,ENR-2025567,24bcs11567@university.edu,student.test1567@gmail.com,Student 1567,Civil,B.Tech,2024,Active
24bcs11568,ENR-2025568,24bcs11568@university.edu,student.test1568@gmail.com,Student 1568,Computer Science,B.Tech,2024,Active
24bcs11569,ENR-2025569,24bcs11569@university.edu,student.test1569@gmail.com,Student 1569,Computer Science,B.Tech,2024,Inactive
24bcs11570,ENR-2025570,24bcs11570@university.edu,,Student 1570,Civil,B.Tech,2024,Inactive
24bcs11571,ENR-2025571,24bcs11571@university.edu,student.test1571@gmail.com,Student 1571,Computer Science,B.Tech,2024,Active
24bcs11572,ENR-2025572,24bcs11572@university.edu,student.test1572@gmail.com,Student 1572,Mechanical,B.Tech,2024,Active
24bcs11573,ENR-2025573,24bcs11573@university.edu,student.test1573@gmail.com,Student 1573,Electronics,B.Tech,2024,Active
24bcs11574,ENR-2025574,24bcs11574@university.edu,student.test1574@gmail.com,Student 1574,Computer Science,B.Tech,2024,Active
24bcs11575,ENR-2025575,24bcs11575@university.edu,student.test1575@gmail.com,Student 1575,Civil,B.Tech,2024,Active
24bcs11576,ENR-2025576,24bcs11576@university.edu,student.test1576@gmail.com,Student 1576,Electronics,B.Tech,2024,Active
24bcs11577,ENR-2025577,24bcs11577@university.edu,student.test1577@gmail.com,Student 1577,Electronics,B.Tech,2024,Active
24bcs11578,ENR-2025578,24bcs11578@university.edu,student.test1578@gmail.com,Student 1578,Civil,B.Tech,2024,Active
24bcs11579,ENR-2025579,24bcs11579@university.edu,student.test1579@gmail.com,Student 1579,Electronics,B.Tech,2024,Active
24bcs11580,ENR-2025580,24bcs11580@university.edu,student.test1580@gmail.com,Student 1580,Computer Science,B.Tech,2024,Active
24bcs11581,ENR-2025581,24bcs11581@university.edu,student.test1581@gmail.com,Student 1581,Civil,B.Tech,2024,Active
24bcs11582,ENR-2025582,24bcs11582@university.edu,student.test1582@gmail.com,Student 1582,Mechanical,B.Tech,2024,Active
24bcs11583,ENR-2025583,24bcs11583@university.edu,student.test1583@gmail.com,Student 1583,Electronics,B.Tech,2024,Active
24bcs11584,ENR-2025584,24bcs11584@university.edu,student.test1584@gmail.com,Student 1584,Mechanical,B.Tech,2024,Inactive
24bcs11585,ENR-2025585,24bcs11585@university.edu,student.test1585@gmail.com,Student 1585,Electronics,B.Tech,2024,Active
24bcs11586,ENR-2025586,24bcs11586@university.edu,student.test1586@gmail.com,Student 1586,Civil,B.Tech,2024,Active
24bcs11587,ENR-2025587,24bcs11587@university.edu,student.test1587@gmail.com,Student 1587,Computer Science,B.Tech,2024,Active
24bcs11588,ENR-2025588,24bcs11588@university.edu,student.test1588@gmail.com,Student 1588,Mechanical,B.Tech,2024,Active
24bcs11589,ENR-2025589,24bcs11589@university.edu,student.test1589@gmail.com,Student 1589,Mechanical,B.Tech,2024,Inactive
24bcs11590,ENR-2025590,24bcs11590@university.edu,student.test1590@gmail.com,Student 1590,Computer Science,B.Tech,2024,Active
24bcs11591,ENR-2025591,24bcs11591@university.edu,student.test1591@gmail.com,Student 1591,Mechanical,B.Tech,2024,Active
24bcs11592,ENR-2025592,24bcs11592@university.edu,student.test1592@gmail.com,Student 1592,Computer Science,B.Tech,2024,Active
24bcs11593,ENR-2025593,24bcs11593@university.edu,student.test1593@gmail.com,Student 1593,Electronics,B.Tech,2024,Active
24bcs11594,ENR-2025594,24bcs11594@university.edu,student.test1594@gmail.com,Student 1594,Mechanical,B.Tech,2024,Active
24bcs11595,ENR-2025595,24bcs11595@university.edu,student.test1595@gmail.com,Student 1595,Electronics,B.Tech,2024,Inactive
24bcs11596,ENR-2025596,24bcs11596@university.edu,student.test1596@gmail.com,Student 1596,Computer Science,B.Tech,2024,Active
24bcs11597,ENR-2025597,24bcs11597@university.edu,student.test1597@gmail.com,Student 1597,Civil,B.Tech,2024,Active
24bcs11598,ENR-2025598,24bcs11598@university.edu,student.test1598@gmail.com,Student 1598,Civil,B.Tech,2024,Active
24bcs11599,ENR-2025599,24bcs11599@university.edu,student.test1599@gmail.com,Student 1599,Computer Science,B.Tech,2024,Active
24bcs11600,ENR-2025600,24bcs11600@university.edu,student.test1600@gmail.com,Student 1600,Civil,B.Tech,2024,Inactive
24bcs11601,ENR-2025601,24bcs11601@university.edu,student.test1601@gmail.com,Student 1601,Mechanical,B.Tech,2024,Active
24bcs11602,ENR-2025602,24bcs11602@university.edu,student.test1602@gmail.com,Student 1602,Civil,B.Tech,2024,Active
24bcs11603,ENR-2025603,24bcs11603@university.edu,student.test1603@gmail.com,Student 1603,Electronics,B.Tech,2024,Inactive
24bcs11604,ENR-2025604,24bcs11604@university.edu,student.test1604@gmail.com,Student 1604,Electronics,B.Tech,2024,Active
24bcs11605,ENR-2025605,24bcs11605@university.edu,student.test1605@gmail.com,Student 1605,Mechanical,B.Tech,2024,Inactive
24bcs11606,ENR-2025606,24bcs11606@university.edu,student.test1606@gmail.com,Student 1606,Civil,B.Tech,2024,Active
24bcs11607,ENR-2025607,24bcs11607@university.edu,student.test1607@gmail.com,Student 1607,Computer Science,B.Tech,2024,Active
24bcs11608,ENR-2025608,24bcs11608@university.edu,student.test1608@gmail.com,Student 1608,Electronics,B.Tech,2024,Active
24bcs11609,ENR-2025609,24bcs11609@university.edu,student.test1609@gmail.com,Student 1609,Electronics,B.Tech,2024,Active
24bcs11610,ENR-2025610,24bcs11610@university.edu,student.test1610@gmail.com,Student 1610,Mechanical,B.Tech,2024,Active
24bcs11611,ENR-2025611,24bcs11611@university.edu,student.test1611@gmail.com,Student 1611,Electronics,B.Tech,2024,Active
24bcs11612,ENR-2025612,24bcs11612@university.edu,student.test1612@gmail.com,Student 1612,Computer Science,B.Tech,2024,Active
24bcs11613,ENR-2025613,24bcs11613@university.edu,student.test1613@gmail.com,Student 1613,Computer Science,B.Tech,2024,Active
24bcs11614,ENR-2025614,24bcs11614@university.edu,student.test1614@gmail.com,Student 1614,Computer Science,B.Tech,2024,Active
24bcs11615,ENR-2025615,24bcs11615@university.edu,student.test1615@gmail.com,Student 1615,Civil,B.Tech,2024,Active
24bcs11616,ENR-2025616,24bcs11616@university.edu,student.test1616@gmail.com,Student 1616,Civil,B.Tech,2024,Active
24bcs11617,ENR-2025617,24bcs11617@university.edu,student.test1617@gmail.com,Student 1617,Mechanical,B.Tech,2024,Active
24bcs11618,ENR-2025618,24bcs11618@university.edu,student.test1618@gmail.com,Student 1618,Computer Science,B.Tech,2024,Inactive
24bcs11619,ENR-2025619,24bcs11619@university.edu,student.test1619@gmail.com,Student 1619,Electronics,B.Tech,2024,Active
24bcs11620,ENR-2025620,24bcs11620@university.edu,student.test1620@gmail.com,Student 1620,Civil,B.Tech,2024,Active
24bcs11621,ENR-2025621,24bcs11621@university.edu,student.test1621@gmail.com,Student 1621,Electronics,B.Tech,2024,Active
24bcs11622,ENR-2025622,24bcs11622@university.edu,student.test1622@gmail.com,Student 1622,Civil,B.Tech,2024,Active
24bcs11623,ENR-2025623,24bcs11623@university.edu,student.test1623@gmail.com,Student 1623,Computer Science,B.Tech,2024,Active
24bcs11624,ENR-2025624,24bcs11624@university.edu,student.test1624@gmail.com,Student 1624,Computer Science,B.Tech,2024,Active
24bcs11625,ENR-2025625,24bcs11625@university.edu,student.test1625@gmail.com,Student 1625,Electronics,B.Tech,2024,Active
24bcs11626,ENR-2025626,24bcs11626@university.edu,student.test1626@gmail.com,Student 1626,Mechanical,B.Tech,2024,Inactive
24bcs11627,ENR-2025627,24bcs11627@university.edu,student.test1627@gmail.com,Student 1627,Electronics,B.Tech,2024,Inactive
24bcs11628,ENR-2025628,24bcs11628@university.edu,student.test1628@gmail.com,Student 1628,Computer Science,B.Tech,2024,Inactive
24bcs11629,ENR-2025629,24bcs11629@university.edu,student.test1629@gmail.com,Student 1629,Electronics,B.Tech,2024,Active
24bcs11630,ENR-2025630,24bcs11630@university.edu,student.test1630@gmail.com,Student 1630,Computer Science,B.Tech,2024,Inactive
24bcs11631,ENR-2025631,24bcs11631@university.edu,student.test1631@gmail.com,Student 1631,Mechanical,B.Tech,2024,Active
24bcs11632,ENR-2025632,24bcs11632@university.edu,student.test1632@gmail.com,Student 1632,Civil,B.Tech,2024,Active
24bcs11633,ENR-2025633,24bcs11633@university.edu,student.test1633@gmail.com,Student 1633,Electronics,B.Tech,2024,Active
24bcs11634,ENR-2025634,24bcs11634@university.edu,student.test1634@gmail.com,Student 1634,Mechanical,B.Tech,2024,Active
24bcs11635,ENR-2025635,24bcs11635@university.edu,student.test1635@gmail.com,Student 1635,Computer Science,B.Tech,2024,Inactive
24bcs11636,ENR-2025636,24bcs11636@university.edu,student.test1636@gmail.com,Student 1636,Computer Science,B.Tech,2024,Active
24bcs11637,ENR-2025637,24bcs11637@university.edu,student.test1637@gmail.com,Student 1637,Mechanical,B.Tech,2024,Active
24bcs11638,ENR-2025638,24bcs11638@university.edu,student.test1638@gmail.com,Student 1638,Mechanical,B.Tech,2024,Inactive
24bcs11639,ENR-2025639,24bcs11639@university.edu,student.test1639@gmail.com,Student 1639,Computer Science,B.Tech,2024,Active
24bcs11640,ENR-2025640,24bcs11640@university.edu,student.test1640@gmail.com,Student 1640,Civil,B.Tech,2024,Active
24bcs11641,ENR-2025641,24bcs11641@university.edu,student.test1641@gmail.com,Student 1641,Civil,B.Tech,2024,Active
24bcs11642,ENR-2025642,24bcs11642@university.edu,student.test1642@gmail.com,Student 1642,Mechanical,B.Tech,2024,Active
24bcs11643,ENR-2025643,24bcs11643@university.edu,student.test1643@gmail.com,Student 1643,Mechanical,B.Tech,2024,Active
24bcs11644,ENR-2025644,24bcs11644@university.edu,student.test1644@gmail.com,Student 1644,Mechanical,B.Tech,2024,Active
24bcs11645,ENR-2025645,24bcs11645@university.edu,student.test1645@gmail.com,Student 1645,Mechanical,B.Tech,2024,Active
24bcs11646,ENR-2025646,24bcs11646@university.edu,student.test1646@gmail.com,Student 1646,Mechanical,B.Tech,2024,Active
24bcs11647,ENR-2025647,24bcs11647@university.edu,,Student 1647,Electronics,B.Tech,2024,Active
24bcs11648,ENR-2025648,24bcs11648@university.edu,student.test1648@gmail.com,Student 1648,Mechanical,B.Tech,2024,Inactive
24bcs11649,ENR-2025649,24bcs11649@university.edu,student.test1649@gmail.com,Student 1649,Computer Science,B.Tech,2024,Inactive
24bcs11650,ENR-2025650,24bcs11650@university.edu,student.test1650@gmail.com,Student 1650,Mechanical,B.Tech,2024,Active
24bcs11651,ENR-2025651,24bcs11651@university.edu,student.test1651@gmail.com,Student 1651,Electronics,B.Tech,2024,Active
24bcs11652,ENR-2025652,24bcs11652@university.edu,student.test1652@gmail.com,Student 1652,Computer Science,B.Tech,2024,Active
24bcs11653,ENR-2025653,24bcs11653@university.edu,student.test1653@gmail.com,Student 1653,Civil,B.Tech,2024,Inactive
24bcs11654,ENR-2025654,24bcs11654@university.edu,student.test1654@gmail.com,Student 1654,Civil,B.Tech,2024,Active
24bcs11655,ENR-2025655,24bcs11655@university.edu,student.test1655@gmail.com,Student 1655,Electronics,B.Tech,2024,Inactive
24bcs11656,ENR-2025656,24bcs11656@university.edu,student.test1656@gmail.com,Student 1656,Computer Science,B.Tech,2024,Inactive
24bcs11657,ENR-2025657,24bcs11657@university.edu,student.test1657@gmail.com,Student 1657,Electronics,B.Tech,2024,Active
24bcs11658,ENR-2025658,24bcs11658@university.edu,student.test1658@gmail.com,Student 1658,Mechanical,B.Tech,2024,Active
24bcs11659,ENR-2025659,24bcs11659@university.edu,student.test1659@gmail.com,Student 1659,Electronics,B.Tech,2024,Active
24bcs11660,ENR-2025660,24bcs11660@university.edu,student.test1660@gmail.com,Student 1660,Computer Science,B.Tech,2024,Active
24bcs11661,ENR-2025661,24bcs11661@university.edu,student.test1661@gmail.com,Student 1661,Computer Science,B.Tech,2024,Active
24bcs11662,ENR-2025662,24bcs11662@university.edu,student.test1662@gmail.com,Student 1662,Mechanical,B.Tech,2024,Active
24bcs11663,ENR-2025663,24bcs11663@university.edu,student.test1663@gmail.com,Student 1663,Civil,B.Tech,2024,Inactive
24bcs11664,ENR-2025664,24bcs11664@university.edu,student.test1664@gmail.com,Student 1664,Mechanical,B.Tech,2024,Active
24bcs11665,ENR-2025665,24bcs11665@university.edu,student.test1665@gmail.com,Student 1665,Mechanical,B.Tech,2024,Active
24bcs11666,ENR-2025666,24bcs11666@university.edu,student.test1666@gmail.com,Student 1666,Computer Science,B.Tech,2024,Inactive
24bcs11667,ENR-2025667,24bcs11667@university.edu,student.test1667@gmail.com,Student 1667,Electronics,B.Tech,2024,Active
24bcs11668,ENR-2025668,24bcs11668@university.edu,student.test1668@gmail.com,Student 1668,Mechanical,B.Tech,2024,Active
24bcs11669,ENR-2025669,24bcs11669@university.edu,student.test1669@gmail.com,Student 1669,Computer Science,B.Tech,2024,Active
24bcs11670,ENR-2025670,24bcs11670@university.edu,student.test1670@gmail.com,Student 1670,Computer Science,B.Tech,2024,Active
24bcs11671,ENR-2025671,24bcs11671@university.edu,student.test1671@gmail.com,Student 1671,Mechanical,B.Tech,2024,Active
24bcs11672,ENR-2025672,24bcs11672@university.edu,student.test1672@gmail.com,Student 1672,Electronics,B.Tech,2024,Active
24bcs11673,ENR-2025673,24bcs11673@university.edu,student.test1673@gmail.com,Student 1673,Computer Science,B.Tech,2024,Active
24bcs11674,ENR-2025674,24bcs11674@university.edu,student.test1674@gmail.com,Student 1674,Electronics,B.Tech,2024,Active
24bcs11675,ENR-2025675,24bcs11675@university.edu,student.test1675@gmail.com,Student 1675,Civil,B.Tech,2024,Inactive
24bcs11676,ENR-2025676,24bcs11676@university.edu,student.test1676@gmail.com,Student 1676,Mechanical,B.Tech,2024,Active
24bcs11677,ENR-2025677,24bcs11677@university.edu,student.test1677@gmail.com,Student 1677,Computer Science,B.Tech,2024,Active
24bcs11678,ENR-2025678,24bcs11678@university.edu,student.test1678@gmail.com,Student 1678,Electronics,B.Tech,2024,Active
24bcs11679,ENR-2025679,24bcs11679@university.edu,student.test1679@gmail.com,Student 1679,Computer Science,B.Tech,2024,Inactive
24bcs11680,ENR-2025680,24bcs11680@university.edu,student.test1680@gmail.com,Student 1680,Computer Science,B.Tech,2024,Active
24bcs11681,ENR-2025681,24bcs11681@university.edu,student.test1681@gmail.com,Student 1681,Electronics,B.Tech,2024,Active
24bcs11682,ENR-2025682,24bcs11682@university.edu,student.test1682@gmail.com,Student 1682,Electronics,B.Tech,2024,Active
24bcs11683,ENR-2025683,24bcs11683@university.edu,student.test1683@gmail.com,Student 1683,Computer Science,B.Tech,2024,Active
24bcs11684,ENR-2025684,24bcs11684@university.edu,student.test1684@gmail.com,Student 1684,Civil,B.Tech,2024,Active
24bcs11685,ENR-2025685,24bcs11685@university.edu,student.test1685@gmail.com,Student 1685,Mechanical,B.Tech,2024,Active
24bcs11686,ENR-2025686,24bcs11686@university.edu,student.test1686@gmail.com,Student 1686,Computer Science,B.Tech,2024,Inactive
24bcs11687,ENR-2025687,24bcs11687@university.edu,student.test1687@gmail.com,Student 1687,Computer Science,B.Tech,2024,Active
24bcs11688,ENR-2025688,24bcs11688@university.edu,student.test1688@gmail.com,Student 1688,Mechanical,B.Tech,2024,Active
24bcs11689,ENR-2025689,24bcs11689@university.edu,student.test1689@gmail.com,Student 1689,Mechanical,B.Tech,2024,Inactive
24bcs11690,ENR-2025690,24bcs11690@university.edu,student.test1690@gmail.com,Student 1690,Civil,B.Tech,2024,Active
24bcs11691,ENR-2025691,24bcs11691@university.edu,student.test1691@gmail.com,Student 1691,Electronics,B.Tech,2024,Active
24bcs11692,ENR-2025692,24bcs11692@university.edu,student.test1692@gmail.com,Student 1692,Mechanical,B.Tech,2024,Active
24bcs11693,ENR-2025693,24bcs11693@university.edu,student.test1693@gmail.com,Student 1693,Computer Science,B.Tech,2024,Active
24bcs11694,ENR-2025694,24bcs11694@university.edu,student.test1694@gmail.com,Student 1694,Computer Science,B.Tech,2024,Active
24bcs11695,ENR-2025695,24bcs11695@university.edu,student.test1695@gmail.com,Student 1695,Computer Science,B.Tech,2024,Active
24bcs11696,ENR-2025696,24bcs11696@university.edu,student.test1696@gmail.com,Student 1696,Civil,B.Tech,2024,Active
24bcs11697,ENR-2025697,24bcs11697@university.edu,student.test1697@gmail.com,Student 1697,Mechanical,B.Tech,2024,Active
24bcs11698,ENR-2025698,24bcs11698@university.edu,student.test1698@gmail.com,Student 1698,Civil,B.Tech,2024,Active
24bcs11699,ENR-2025699,24bcs11699@university.edu,student.test1699@gmail.com,Student 1699,Electronics,B.Tech,2024,Active
24bcs11700,ENR-2025700,24bcs11700@university.edu,student.test1700@gmail.com,Student 1700,Mechanical,B.Tech,2024,Active
24bcs11701,ENR-2025701,24bcs11701@university.edu,student.test1701@gmail.com,Student 1701,Mechanical,B.Tech,2024,Active
24bcs11702,ENR-2025702,24bcs11702@university.edu,student.test1702@gmail.com,Student 1702,Computer Science,B.Tech,2024,Active
24bcs11703,ENR-2025703,24bcs11703@university.edu,student.test1703@gmail.com,Student 1703,Computer Science,B.Tech,2024,Active
24bcs11704,ENR-2025704,24bcs11704@university.edu,student.test1704@gmail.com,Student 1704,Computer Science,B.Tech,2024,Active
24bcs11705,ENR-2025705,24bcs11705@university.edu,student.test1705@gmail.com,Student 1705,Civil,B.Tech,2024,Active
24bcs11706,ENR-2025706,24bcs11706@university.edu,student.test1706@gmail.com,Student 1706,Mechanical,B.Tech,2024,Active
24bcs11707,ENR-2025707,24bcs11707@university.edu,student.test1707@gmail.com,Student 1707,Mechanical,B.Tech,2024,Active
24bcs11708,ENR-2025708,24bcs11708@university.edu,,Student 1708,Mechanical,B.Tech,2024,Active
24bcs11709,ENR-2025709,24bcs11709@university.edu,student.test1709@gmail.com,Student 1709,Mechanical,B.Tech,2024,Inactive
24bcs11710,ENR-2025710,24bcs11710@university.edu,student.test1710@gmail.com,Student 1710,Electronics,B.Tech,2024,Active
24bcs11711,ENR-2025711,24bcs11711@university.edu,student.test1711@gmail.com,Student 1711,Computer Science,B.Tech,2024,Active
24bcs11712,ENR-2025712,24bcs11712@university.edu,student.test1712@gmail.com,Student 1712,Electronics,B.Tech,2024,Active
24bcs11713,ENR-2025713,24bcs11713@university.edu,student.test1713@gmail.com,Student 1713,Mechanical,B.Tech,2024,Active
24bcs11714,ENR-2025714,24bcs11714@university.edu,student.test1714@gmail.com,Student 1714,Electronics,B.Tech,2024,Inactive
24bcs11715,ENR-2025715,24bcs11715@university.edu,student.test1715@gmail.com,Student 1715,Computer Science,B.Tech,2024,Active
24bcs11716,ENR-2025716,24bcs11716@university.edu,student.test1716@gmail.com,Student 1716,Electronics,B.Tech,2024,Active
24bcs11717,ENR-2025717,24bcs11717@university.edu,student.test1717@gmail.com,Student 1717,Civil,B.Tech,2024,Inactive
24bcs11718,ENR-2025718,24bcs11718@university.edu,student.test1718@gmail.com,Student 1718,Computer Science,B.Tech,2024,Active
24bcs11719,ENR-2025719,24bcs11719@university.edu,student.test1719@gmail.com,Student 1719,Electronics,B.Tech,2024,Active
24bcs11720,ENR-2025720,24bcs11720@university.edu,student.test1720@gmail.com,Student 1720,Civil,B.Tech,2024,Inactive
24bcs11721,ENR-2025721,24bcs11721@university.edu,student.test1721@gmail.com,Student 1721,Mechanical,B.Tech,2024,Active
24bcs11722,ENR-2025722,24bcs11722@university.edu,student.test1722@gmail.com,Student 1722,Computer Science,B.Tech,2024,Active
24bcs11723,ENR-2025723,24bcs11723@university.edu,student.test1723@gmail.com,Student 1723,Computer Science,B.Tech,2024,Inactive
24bcs11724,ENR-2025724,24bcs11724@university.edu,,Student 1724,Mechanical,B.Tech,2024,Active
24bcs11725,ENR-2025725,24bcs11725@university.edu,student.test1725@gmail.com,Student 1725,Electronics,B.Tech,2024,Inactive
24bcs11726,ENR-2025726,24bcs11726@university.edu,student.test1726@gmail.com,Student 1726,Civil,B.Tech,2024,Inactive
24bcs11727,ENR-2025727,24bcs11727@university.edu,,Student 1727,Civil,B.Tech,2024,Active
24bcs11728,ENR-2025728,24bcs11728@university.edu,student.test1728@gmail.com,Student 1728,Electronics,B.Tech,2024,Active
24bcs11729,ENR-2025729,24bcs11729@university.edu,student.test1729@gmail.com,Student 1729,Mechanical,B.Tech,2024,Inactive
24bcs11730,ENR-2025730,24bcs11730@university.edu,,Student 1730,Computer Science,B.Tech,2024,Active
24bcs11731,ENR-2025731,24bcs11731@university.edu,student.test1731@gmail.com,Student 1731,Mechanical,B.Tech,2024,Active
24bcs11732,ENR-2025732,24bcs11732@university.edu,student.test1732@gmail.com,Student 1732,Civil,B.Tech,2024,Active
24bcs11733,ENR-2025733,24bcs11733@university.edu,student.test1733@gmail.com,Student 1733,Electronics,B.Tech,2024,Active
24bcs11734,ENR-2025734,24bcs11734@university.edu,student.test1734@gmail.com,Student 1734,Computer Science,B.Tech,2024,Active
24bcs11735,ENR-2025735,24bcs11735@university.edu,student.test1735@gmail.com,Student 1735,Mechanical,B.Tech,2024,Active
24bcs11736,ENR-2025736,24bcs11736@university.edu,student.test1736@gmail.com,Student 1736,Computer Science,B.Tech,2024,Active
24bcs11737,ENR-2025737,24bcs11737@university.edu,student.test1737@gmail.com,Student 1737,Computer Science,B.Tech,2024,Inactive
24bcs11738,ENR-2025738,24bcs11738@university.edu,student.test1738@gmail.com,Student 1738,Electronics,B.Tech,2024,Active
24bcs11739,ENR-2025739,24bcs11739@university.edu,student.test1739@gmail.com,Student 1739,Computer Science,B.Tech,2024,Active
24bcs11740,ENR-2025740,24bcs11740@university.edu,student.test1740@gmail.com,Student 1740,Mechanical,B.Tech,2024,Active
24bcs11741,ENR-2025741,24bcs11741@university.edu,student.test1741@gmail.com,Student 1741,Civil,B.Tech,2024,Active
24bcs11742,ENR-2025742,24bcs11742@university.edu,student.test1742@gmail.com,Student 1742,Mechanical,B.Tech,2024,Active
24bcs11743,ENR-2025743,24bcs11743@university.edu,student.test1743@gmail.com,Student 1743,Mechanical,B.Tech,2024,Inactive
24bcs11744,ENR-2025744,24bcs11744@university.edu,student.test1744@gmail.com,Student 1744,Computer Science,B.Tech,2024,Active
24bcs11745,ENR-2025745,24bcs11745@university.edu,student.test1745@gmail.com,Student 1745,Electronics,B.Tech,2024,Active
24bcs11746,ENR-2025746,24bcs11746@university.edu,student.test1746@gmail.com,Student 1746,Mechanical,B.Tech,2024,Active
24bcs11747,ENR-2025747,24bcs11747@university.edu,student.test1747@gmail.com,Student 1747,Civil,B.Tech,2024,Active
24bcs11748,ENR-2025748,24bcs11748@university.edu,student.test1748@gmail.com,Student 1748,Mechanical,B.Tech,2024,Inactive
24bcs11749,ENR-2025749,24bcs11749@university.edu,student.test1749@gmail.com,Student 1749,Electronics,B.Tech,2024,Active
24bcs11750,ENR-2025750,24bcs11750@university.edu,student.test1750@gmail.com,Student 1750,Civil,B.Tech,2024,Active
24bcs11751,ENR-2025751,24bcs11751@university.edu,student.test1751@gmail.com,Student 1751,Computer Science,B.Tech,2024,Active
24bcs11752,ENR-2025752,24bcs11752@university.edu,student.test1752@gmail.com,Student 1752,Mechanical,B.Tech,2024,Inactive
24bcs11753,ENR-2025753,24bcs11753@university.edu,student.test1753@gmail.com,Student 1753,Computer Science,B.Tech,2024,Active
24bcs11754,ENR-2025754,24bcs11754@university.edu,student.test1754@gmail.com,Student 1754,Electronics,B.Tech,2024,Active
24bcs11755,ENR-2025755,24bcs11755@university.edu,student.test1755@gmail.com,Student 1755,Electronics,B.Tech,2024,Active
24bcs11756,ENR-2025756,24bcs11756@university.edu,student.test1756@gmail.com,Student 1756,Mechanical,B.Tech,2024,Active
24bcs11757,ENR-2025757,24bcs11757@university.edu,student.test1757@gmail.com,Student 1757,Civil,B.Tech,2024,Active
24bcs11758,ENR-2025758,24bcs11758@university.edu,student.test1758@gmail.com,Student 1758,Mechanical,B.Tech,2024,Inactive
24bcs11759,ENR-2025759,24bcs11759@university.edu,student.test1759@gmail.com,Student 1759,Civil,B.Tech,2024,Active
24bcs11760,ENR-2025760,24bcs11760@university.edu,student.test1760@gmail.com,Student 1760,Electronics,B.Tech,2024,Active
24bcs11761,ENR-2025761,24bcs11761@university.edu,student.test1761@gmail.com,Student 1761,Computer Science,B.Tech,2024,Active
24bcs11762,ENR-2025762,24bcs11762@university.edu,student.test1762@gmail.com,Student 1762,Computer Science,B.Tech,2024,Active
24bcs11763,ENR-2025763,24bcs11763@university.edu,student.test1763@gmail.com,Student 1763,Civil,B.Tech,2024,Inactive
24bcs11764,ENR-2025764,24bcs11764@university.edu,student.test1764@gmail.com,Student 1764,Civil,B.Tech,2024,Inactive
24bcs11765,ENR-2025765,24bcs11765@university.edu,student.test1765@gmail.com,Student 1765,Civil,B.Tech,2024,Active
24bcs11766,ENR-2025766,24bcs11766@university.edu,student.test1766@gmail.com,Student 1766,Mechanical,B.Tech,2024,Active
24bcs11767,ENR-2025767,24bcs11767@university.edu,student.test1767@gmail.com,Student 1767,Civil,B.Tech,2024,Active
24bcs11768,ENR-2025768,24bcs11768@university.edu,student.test1768@gmail.com,Student 1768,Civil,B.Tech,2024,Active
24bcs11769,ENR-2025769,24bcs11769@university.edu,,Student 1769,Electronics,B.Tech,2024,Active
24bcs11770,ENR-2025770,24bcs11770@university.edu,student.test1770@gmail.com,Student 1770,Civil,B.Tech,2024,Active
24bcs11771,ENR-2025771,24bcs11771@university.edu,student.test1771@gmail.com,Student 1771,Electronics,B.Tech,2024,Active
24bcs11772,ENR-2025772,24bcs11772@university.edu,student.test1772@gmail.com,Student 1772,Civil,B.Tech,2024,Active
24bcs11773,ENR-2025773,24bcs11773@university.edu,student.test1773@gmail.com,Student 1773,Mechanical,B.Tech,2024,Active
24bcs11774,ENR-2025774,24bcs11774@university.edu,student.test1774@gmail.com,Student 1774,Mechanical,B.Tech,2024,Active
24bcs11775,ENR-2025775,24bcs11775@university.edu,student.test1775@gmail.com,Student 1775,Computer Science,B.Tech,2024,Active
24bcs11776,ENR-2025776,24bcs11776@university.edu,student.test1776@gmail.com,Student 1776,Mechanical,B.Tech,2024,Inactive
24bcs11777,ENR-2025777,24bcs11777@university.edu,student.test1777@gmail.com,Student 1777,Mechanical,B.Tech,2024,Active
24bcs11778,ENR-2025778,24bcs11778@university.edu,student.test1778@gmail.com,Student 1778,Mechanical,B.Tech,2024,Active
24bcs11779,ENR-2025779,24bcs11779@university.edu,,Student 1779,Civil,B.Tech,2024,Active
24bcs11780,ENR-2025780,24bcs11780@university.edu,student.test1780@gmail.com,Student 1780,Civil,B.Tech,2024,Active
24bcs11781,ENR-2025781,24bcs11781@university.edu,student.test1781@gmail.com,Student 1781,Electronics,B.Tech,2024,Active
24bcs11782,ENR-2025782,24bcs11782@university.edu,student.test1782@gmail.com,Student 1782,Mechanical,B.Tech,2024,Active
24bcs11783,ENR-2025783,24bcs11783@university.edu,student.test1783@gmail.com,Student 1783,Computer Science,B.Tech,2024,Active
24bcs11784,ENR-2025784,24bcs11784@university.edu,student.test1784@gmail.com,Student 1784,Computer Science,B.Tech,2024,Active
24bcs11785,ENR-2025785,24bcs11785@university.edu,student.test1785@gmail.com,Student 1785,Computer Science,B.Tech,2024,Inactive
24bcs11786,ENR-2025786,24bcs11786@university.edu,student.test1786@gmail.com,Student 1786,Civil,B.Tech,2024,Active
24bcs11787,ENR-2025787,24bcs11787@university.edu,student.test1787@gmail.com,Student 1787,Computer Science,B.Tech,2024,Active
24bcs11788,ENR-2025788,24bcs11788@university.edu,student.test1788@gmail.com,Student 1788,Computer Science,B.Tech,2024,Active
24bcs11789,ENR-2025789,24bcs11789@university.edu,student.test1789@gmail.com,Student 1789,Civil,B.Tech,2024,Active
24bcs11790,ENR-2025790,24bcs11790@university.edu,student.test1790@gmail.com,Student 1790,Mechanical,B.Tech,2024,Inactive
24bcs11791,ENR-2025791,24bcs11791@university.edu,student.test1791@gmail.com,Student 1791,Computer Science,B.Tech,2024,Active
24bcs11792,ENR-2025792,24bcs11792@university.edu,student.test1792@gmail.com,Student 1792,Electronics,B.Tech,2024,Active
24bcs11793,ENR-2025793,24bcs11793@university.edu,student.test1793@gmail.com,Student 1793,Civil,B.Tech,2024,Active
24bcs11794,ENR-2025794,24bcs11794@university.edu,student.test1794@gmail.com,Student 1794,Civil,B.Tech,2024,Active
24bcs11795,ENR-2025795,24bcs11795@university.edu,student.test1795@gmail.com,Student 1795,Mechanical,B.Tech,2024,Active
24bcs11796,ENR-2025796,24bcs11796@university.edu,student.test1796@gmail.com,Student 1796,Civil,B.Tech,2024,Inactive
24bcs11797,ENR-2025797,24bcs11797@university.edu,student.test1797@gmail.com,Student 1797,Civil,B.Tech,2024,Active
24bcs11798,ENR-2025798,24bcs11798@university.edu,student.test1798@gmail.com,Student 1798,Mechanical,B.Tech,2024,Active
24bcs11799,ENR-2025799,24bcs11799@university.edu,student.test1799@gmail.com,Student 1799,Civil,B.Tech,2024,Inactive
24bcs11800,ENR-2025800,24bcs11800@university.edu,student.test1800@gmail.com,Student 1800,Computer Science,B.Tech,2024,Active
24bcs11801,ENR-2025801,24bcs11801@university.edu,student.test1801@gmail.com,Student 1801,Civil,B.Tech,2024,Active
24bcs11802,ENR-2025802,24bcs11802@university.edu,student.test1802@gmail.com,Student 1802,Civil,B.Tech,2024,Active
24bcs11803,ENR-2025803,24bcs11803@university.edu,student.test1803@gmail.com,Student 1803,Civil,B.Tech,2024,Active
24bcs11804,ENR-2025804,24bcs11804@university.edu,student.test1804@gmail.com,Student 1804,Electronics,B.Tech,2024,Active
24bcs11805,ENR-2025805,24bcs11805@university.edu,student.test1805@gmail.com,Student 1805,Electronics,B.Tech,2024,Inactive
24bcs11806,ENR-2025806,24bcs11806@university.edu,student.test1806@gmail.com,Student 1806,Computer Science,B.Tech,2024,Inactive
24bcs11807,ENR-2025807,24bcs11807@university.edu,student.test1807@gmail.com,Student 1807,Mechanical,B.Tech,2024,Inactive
24bcs11808,ENR-2025808,24bcs11808@university.edu,student.test1808@gmail.com,Student 1808,Electronics,B.Tech,2024,Active
24bcs11809,ENR-2025809,24bcs11809@university.edu,student.test1809@gmail.com,Student 1809,Computer Science,B.Tech,2024,Inactive
24bcs11810,ENR-2025810,24bcs11810@university.edu,student.test1810@gmail.com,Student 1810,Mechanical,B.Tech,2024,Active
24bcs11811,ENR-2025811,24bcs11811@university.edu,student.test1811@gmail.com,Student 1811,Computer Science,B.Tech,2024,Active
24bcs11812,ENR-2025812,24bcs11812@university.edu,student.test1812@gmail.com,Student 1812,Computer Science,B.Tech,2024,Active
24bcs11813,ENR-2025813,24bcs11813@university.edu,student.test1813@gmail.com,Student 1813,Electronics,B.Tech,2024,Inactive
24bcs11814,ENR-2025814,24bcs11814@university.edu,student.test1814@gmail.com,Student 1814,Mechanical,B.Tech,2024,Inactive
24bcs11815,ENR-2025815,24bcs11815@university.edu,student.test1815@gmail.com,Student 1815,Civil,B.Tech,2024,Inactive
24bcs11816,ENR-2025816,24bcs11816@university.edu,student.test1816@gmail.com,Student 1816,Electronics,B.Tech,2024,Active
24bcs11817,ENR-2025817,24bcs11817@university.edu,student.test1817@gmail.com,Student 1817,Electronics,B.Tech,2024,Active
24bcs11818,ENR-2025818,24bcs11818@university.edu,student.test1818@gmail.com,Student 1818,Mechanical,B.Tech,2024,Active
24bcs11819,ENR-2025819,24bcs11819@university.edu,student.test1819@gmail.com,Student 1819,Computer Science,B.Tech,2024,Inactive
24bcs11820,ENR-2025820,24bcs11820@university.edu,student.test1820@gmail.com,Student 1820,Mechanical,B.Tech,2024,Active
24bcs11821,ENR-2025821,24bcs11821@university.edu,student.test1821@gmail.com,Student 1821,Electronics,B.Tech,2024,Active
24bcs11822,ENR-2025822,24bcs11822@university.edu,student.test1822@gmail.com,Student 1822,Electronics,B.Tech,2024,Active
24bcs11823,ENR-2025823,24bcs11823@university.edu,student.test1823@gmail.com,Student 1823,Computer Science,B.Tech,2024,Active
24bcs11824,ENR-2025824,24bcs11824@university.edu,student.test1824@gmail.com,Student 1824,Civil,B.Tech,2024,Active
24bcs11825,ENR-2025825,24bcs11825@university.edu,student.test1825@gmail.com,Student 1825,Computer Science,B.Tech,2024,Active
24bcs11826,ENR-2025826,24bcs11826@university.edu,student.test1826@gmail.com,Student 1826,Mechanical,B.Tech,2024,Active
24bcs11827,ENR-2025827,24bcs11827@university.edu,student.test1827@gmail.com,Student 1827,Mechanical,B.Tech,2024,Active
24bcs11828,ENR-2025828,24bcs11828@university.edu,student.test1828@gmail.com,Student 1828,Mechanical,B.Tech,2024,Active
24bcs11829,ENR-2025829,24bcs11829@university.edu,student.test1829@gmail.com,Student 1829,Computer Science,B.Tech,2024,Active
24bcs11830,ENR-2025830,24bcs11830@university.edu,student.test1830@gmail.com,Student 1830,Mechanical,B.Tech,2024,Active
24bcs11831,ENR-2025831,24bcs11831@university.edu,student.test1831@gmail.com,Student 1831,Computer Science,B.Tech,2024,Inactive
24bcs11832,ENR-2025832,24bcs11832@university.edu,student.test1832@gmail.com,Student 1832,Electronics,B.Tech,2024,Active
24bcs11833,ENR-2025833,24bcs11833@university.edu,student.test1833@gmail.com,Student 1833,Computer Science,B.Tech,2024,Active
24bcs11834,ENR-2025834,24bcs11834@university.edu,student.test1834@gmail.com,Student 1834,Civil,B.Tech,2024,Active
24bcs11835,ENR-2025835,24bcs11835@university.edu,student.test1835@gmail.com,Student 1835,Civil,B.Tech,2024,Active
24bcs11836,ENR-2025836,24bcs11836@university.edu,student.test1836@gmail.com,Student 1836,Computer Science,B.Tech,2024,Active
24bcs11837,ENR-2025837,24bcs11837@university.edu,student.test1837@gmail.com,Student 1837,Civil,B.Tech,2024,Inactive
24bcs11838,ENR-2025838,24bcs11838@university.edu,student.test1838@gmail.com,Student 1838,Computer Science,B.Tech,2024,Active
24bcs11839,ENR-2025839,24bcs11839@university.edu,student.test1839@gmail.com,Student 1839,Mechanical,B.Tech,2024,Active
24bcs11840,ENR-2025840,24bcs11840@university.edu,student.test1840@gmail.com,Student 1840,Mechanical,B.Tech,2024,Active
24bcs11841,ENR-2025841,24bcs11841@university.edu,student.test1841@gmail.com,Student 1841,Civil,B.Tech,2024,Active
24bcs11842,ENR-2025842,24bcs11842@university.edu,student.test1842@gmail.com,Student 1842,Civil,B.Tech,2024,Active
24bcs11843,ENR-2025843,24bcs11843@university.edu,student.test1843@gmail.com,Student 1843,Electronics,B.Tech,2024,Active
24bcs11844,ENR-2025844,24bcs11844@university.edu,student.test1844@gmail.com,Student 1844,Civil,B.Tech,2024,Active
24bcs11845,ENR-2025845,24bcs11845@university.edu,student.test1845@gmail.com,Student 1845,Mechanical,B.Tech,2024,Inactive
24bcs11846,ENR-2025846,24bcs11846@university.edu,student.test1846@gmail.com,Student 1846,Electronics,B.Tech,2024,Active
24bcs11847,ENR-2025847,24bcs11847@university.edu,student.test1847@gmail.com,Student 1847,Electronics,B.Tech,2024,Inactive
24bcs11848,ENR-2025848,24bcs11848@university.edu,student.test1848@gmail.com,Student 1848,Electronics,B.Tech,2024,Active
24bcs11849,ENR-2025849,24bcs11849@university.edu,student.test1849@gmail.com,Student 1849,Mechanical,B.Tech,2024,Inactive
24bcs11850,ENR-2025850,24bcs11850@university.edu,student.test1850@gmail.com,Student 1850,Civil,B.Tech,2024,Active
24bcs11851,ENR-2025851,24bcs11851@university.edu,student.test1851@gmail.com,Student 1851,Electronics,B.Tech,2024,Active
24bcs11852,ENR-2025852,24bcs11852@university.edu,student.test1852@gmail.com,Student 1852,Civil,B.Tech,2024,Inactive
24bcs11853,ENR-2025853,24bcs11853@university.edu,student.test1853@gmail.com,Student 1853,Computer Science,B.Tech,2024,Active
24bcs11854,ENR-2025854,24bcs11854@university.edu,,Student 1854,Computer Science,B.Tech,2024,Active
24bcs11855,ENR-2025855,24bcs11855@university.edu,student.test1855@gmail.com,Student 1855,Civil,B.Tech,2024,Active
24bcs11856,ENR-2025856,24bcs11856@university.edu,student.test1856@gmail.com,Student 1856,Computer Science,B.Tech,2024,Active
24bcs11857,ENR-2025857,24bcs11857@university.edu,student.test1857@gmail.com,Student 1857,Civil,B.Tech,2024,Active
24bcs11858,ENR-2025858,24bcs11858@university.edu,student.test1858@gmail.com,Student 1858,Civil,B.Tech,2024,Active
24bcs11859,ENR-2025859,24bcs11859@university.edu,student.test1859@gmail.com,Student 1859,Mechanical,B.Tech,2024,Active
24bcs11860,ENR-2025860,24bcs11860@university.edu,student.test1860@gmail.com,Student 1860,Civil,B.Tech,2024,Inactive
24bcs11861,ENR-2025861,24bcs11861@university.edu,student.test1861@gmail.com,Student 1861,Computer Science,B.Tech,2024,Active
24bcs11862,ENR-2025862,24bcs11862@university.edu,student.test1862@gmail.com,Student 1862,Electronics,B.Tech,2024,Active
24bcs11863,ENR-2025863,24bcs11863@university.edu,student.test1863@gmail.com,Student 1863,Electronics,B.Tech,2024,Active
24bcs11864,ENR-2025864,24bcs11864@university.edu,,Student 1864,Civil,B.Tech,2024,Inactive
24bcs11865,ENR-2025865,24bcs11865@university.edu,student.test1865@gmail.com,Student 1865,Mechanical,B.Tech,2024,Active
24bcs11866,ENR-2025866,24bcs11866@university.edu,student.test1866@gmail.com,Student 1866,Mechanical,B.Tech,2024,Active
24bcs11867,ENR-2025867,24bcs11867@university.edu,student.test1867@gmail.com,Student 1867,Civil,B.Tech,2024,Active
24bcs11868,ENR-2025868,24bcs11868@university.edu,student.test1868@gmail.com,Student 1868,Electronics,B.Tech,2024,Active
24bcs11869,ENR-2025869,24bcs11869@university.edu,student.test1869@gmail.com,Student 1869,Electronics,B.Tech,2024,Inactive
24bcs11870,ENR-2025870,24bcs11870@university.edu,student.test1870@gmail.com,Student 1870,Mechanical,B.Tech,2024,Inactive
24bcs11871,ENR-2025871,24bcs11871@university.edu,student.test1871@gmail.com,Student 1871,Electronics,B.Tech,2024,Active
24bcs11872,ENR-2025872,24bcs11872@university.edu,student.test1872@gmail.com,Student 1872,Electronics,B.Tech,2024,Active
24bcs11873,ENR-2025873,24bcs11873@university.edu,student.test1873@gmail.com,Student 1873,Electronics,B.Tech,2024,Active
24bcs11874,ENR-2025874,24bcs11874@university.edu,student.test1874@gmail.com,Student 1874,Mechanical,B.Tech,2024,Active
24bcs11875,ENR-2025875,24bcs11875@university.edu,student.test1875@gmail.com,Student 1875,Computer Science,B.Tech,2024,Inactive
24bcs11876,ENR-2025876,24bcs11876@university.edu,student.test1876@gmail.com,Student 1876,Civil,B.Tech,2024,Active
24bcs11877,ENR-2025877,24bcs11877@university.edu,student.test1877@gmail.com,Student 1877,Computer Science,B.Tech,2024,Active
24bcs11878,ENR-2025878,24bcs11878@university.edu,,Student 1878,Electronics,B.Tech,2024,Active
24bcs11879,ENR-2025879,24bcs11879@university.edu,student.test1879@gmail.com,Student 1879,Electronics,B.Tech,2024,Active
24bcs11880,ENR-2025880,24bcs11880@university.edu,student.test1880@gmail.com,Student 1880,Computer Science,B.Tech,2024,Inactive
24bcs11881,ENR-2025881,24bcs11881@university.edu,student.test1881@gmail.com,Student 1881,Civil,B.Tech,2024,Active
24bcs11882,ENR-2025882,24bcs11882@university.edu,student.test1882@gmail.com,Student 1882,Computer Science,B.Tech,2024,Active
24bcs11883,ENR-2025883,24bcs11883@university.edu,student.test1883@gmail.com,Student 1883,Electronics,B.Tech,2024,Inactive
24bcs11884,ENR-2025884,24bcs11884@university.edu,student.test1884@gmail.com,Student 1884,Electronics,B.Tech,2024,Active
24bcs11885,ENR-2025885,24bcs11885@university.edu,student.test1885@gmail.com,Student 1885,Computer Science,B.Tech,2024,Inactive
24bcs11886,ENR-2025886,24bcs11886@university.edu,student.test1886@gmail.com,Student 1886,Mechanical,B.Tech,2024,Active
24bcs11887,ENR-2025887,24bcs11887@university.edu,,Student 1887,Mechanical,B.Tech,2024,Active
24bcs11888,ENR-2025888,24bcs11888@university.edu,student.test1888@gmail.com,Student 1888,Computer Science,B.Tech,2024,Active
24bcs11889,ENR-2025889,24bcs11889@university.edu,student.test1889@gmail.com,Student 1889,Electronics,B.Tech,2024,Active
24bcs11890,ENR-2025890,24bcs11890@university.edu,student.test1890@gmail.com,Student 1890,Electronics,B.Tech,2024,Active
24bcs11891,ENR-2025891,24bcs11891@university.edu,student.test1891@gmail.com,Student 1891,Electronics,B.Tech,2024,Inactive
24bcs11892,ENR-2025892,24bcs11892@university.edu,student.test1892@gmail.com,Student 1892,Electronics,B.Tech,2024,Active
24bcs11893,ENR-2025893,24bcs11893@university.edu,student.test1893@gmail.com,Student 1893,Electronics,B.Tech,2024,Inactive
24bcs11894,ENR-2025894,24bcs11894@university.edu,student.test1894@gmail.com,Student 1894,Computer Science,B.Tech,2024,Active
24bcs11895,ENR-2025895,24bcs11895@university.edu,student.test1895@gmail.com,Student 1895,Computer Science,B.Tech,2024,Active
24bcs11896,ENR-2025896,24bcs11896@university.edu,student.test1896@gmail.com,Student 1896,Electronics,B.Tech,2024,Active
24bcs11897,ENR-2025897,24bcs11897@university.edu,,Student 1897,Mechanical,B.Tech,2024,Active
24bcs11898,ENR-2025898,24bcs11898@university.edu,student.test1898@gmail.com,Student 1898,Electronics,B.Tech,2024,Active
24bcs11899,ENR-2025899,24bcs11899@university.edu,student.test1899@gmail.com,Student 1899,Electronics,B.Tech,2024,Active
24bcs11900,ENR-2025900,24bcs11900@university.edu,,Student 1900,Civil,B.Tech,2024,Active
24bcs11901,ENR-2025901,24bcs11901@university.edu,,Student 1901,Civil,B.Tech,2024,Active
24bcs11902,ENR-2025902,24bcs11902@university.edu,student.test1902@gmail.com,Student 1902,Computer Science,B.Tech,2024,Active
24bcs11903,ENR-2025903,24bcs11903@university.edu,student.test1903@gmail.com,Student 1903,Computer Science,B.Tech,2024,Active
24bcs11904,ENR-2025904,24bcs11904@university.edu,student.test1904@gmail.com,Student 1904,Computer Science,B.Tech,2024,Active
24bcs11905,ENR-2025905,24bcs11905@university.edu,student.test1905@gmail.com,Student 1905,Mechanical,B.Tech,2024,Active
24bcs11906,ENR-2025906,24bcs11906@university.edu,student.test1906@gmail.com,Student 1906,Mechanical,B.Tech,2024,Inactive
24bcs11907,ENR-2025907,24bcs11907@university.edu,student.test1907@gmail.com,Student 1907,Computer Science,B.Tech,2024,Active
24bcs11908,ENR-2025908,24bcs11908@university.edu,student.test1908@gmail.com,Student 1908,Electronics,B.Tech,2024,Active
24bcs11909,ENR-2025909,24bcs11909@university.edu,student.test1909@gmail.com,Student 1909,Computer Science,B.Tech,2024,Active
24bcs11910,ENR-2025910,24bcs11910@university.edu,student.test1910@gmail.com,Student 1910,Civil,B.Tech,2024,Active
24bcs11911,ENR-2025911,24bcs11911@university.edu,student.test1911@gmail.com,Student 1911,Electronics,B.Tech,2024,Active
24bcs11912,ENR-2025912,24bcs11912@university.edu,student.test1912@gmail.com,Student 1912,Electronics,B.Tech,2024,Active
24bcs11913,ENR-2025913,24bcs11913@university.edu,student.test1913@gmail.com,Student 1913,Computer Science,B.Tech,2024,Active
24bcs11914,ENR-2025914,24bcs11914@university.edu,student.test1914@gmail.com,Student 1914,Electronics,B.Tech,2024,Inactive
24bcs11915,ENR-2025915,24bcs11915@university.edu,student.test1915@gmail.com,Student 1915,Civil,B.Tech,2024,Active
24bcs11916,ENR-2025916,24bcs11916@university.edu,student.test1916@gmail.com,Student 1916,Mechanical,B.Tech,2024,Inactive
24bcs11917,ENR-2025917,24bcs11917@university.edu,student.test1917@gmail.com,Student 1917,Electronics,B.Tech,2024,Active
24bcs11918,ENR-2025918,24bcs11918@university.edu,student.test1918@gmail.com,Student 1918,Computer Science,B.Tech,2024,Active
24bcs11919,ENR-2025919,24bcs11919@university.edu,student.test1919@gmail.com,Student 1919,Civil,B.Tech,2024,Active
24bcs11920,ENR-2025920,24bcs11920@university.edu,student.test1920@gmail.com,Student 1920,Mechanical,B.Tech,2024,Active
24bcs11921,ENR-2025921,24bcs11921@university.edu,student.test1921@gmail.com,Student 1921,Mechanical,B.Tech,2024,Active
24bcs11922,ENR-2025922,24bcs11922@university.edu,student.test1922@gmail.com,Student 1922,Mechanical,B.Tech,2024,Active
24bcs11923,ENR-2025923,24bcs11923@university.edu,student.test1923@gmail.com,Student 1923,Mechanical,B.Tech,2024,Active
24bcs11924,ENR-2025924,24bcs11924@university.edu,student.test1924@gmail.com,Student 1924,Electronics,B.Tech,2024,Active
24bcs11925,ENR-2025925,24bcs11925@university.edu,student.test1925@gmail.com,Student 1925,Civil,B.Tech,2024,Inactive
24bcs11926,ENR-2025926,24bcs11926@university.edu,,Student 1926,Computer Science,B.Tech,2024,Inactive
24bcs11927,ENR-2025927,24bcs11927@university.edu,student.test1927@gmail.com,Student 1927,Computer Science,B.Tech,2024,Active
24bcs11928,ENR-2025928,24bcs11928@university.edu,student.test1928@gmail.com,Student 1928,Computer Science,B.Tech,2024,Inactive
24bcs11929,ENR-2025929,24bcs11929@university.edu,student.test1929@gmail.com,Student 1929,Mechanical,B.Tech,2024,Active
24bcs11930,ENR-2025930,24bcs11930@university.edu,student.test1930@gmail.com,Student 1930,Computer Science,B.Tech,2024,Active
24bcs11931,ENR-2025931,24bcs11931@university.edu,student.test1931@gmail.com,Student 1931,Computer Science,B.Tech,2024,Active
24bcs11932,ENR-2025932,24bcs11932@university.edu,student.test1932@gmail.com,Student 1932,Electronics,B.Tech,2024,Active
24bcs11933,ENR-2025933,24bcs11933@university.edu,student.test1933@gmail.com,Student 1933,Electronics,B.Tech,2024,Active
24bcs11934,ENR-2025934,24bcs11934@university.edu,student.test1934@gmail.com,Student 1934,Electronics,B.Tech,2024,Active
24bcs11935,ENR-2025935,24bcs11935@university.edu,,Student 1935,Mechanical,B.Tech,2024,Active
24bcs11936,ENR-2025936,24bcs11936@university.edu,student.test1936@gmail.com,Student 1936,Computer Science,B.Tech,2024,Active
24bcs11937,ENR-2025937,24bcs11937@university.edu,student.test1937@gmail.com,Student 1937,Civil,B.Tech,2024,Active
24bcs11938,ENR-2025938,24bcs11938@university.edu,student.test1938@gmail.com,Student 1938,Civil,B.Tech,2024,Inactive
24bcs11939,ENR-2025939,24bcs11939@university.edu,student.test1939@gmail.com,Student 1939,Computer Science,B.Tech,2024,Active
24bcs11940,ENR-2025940,24bcs11940@university.edu,student.test1940@gmail.com,Student 1940,Civil,B.Tech,2024,Active
24bcs11941,ENR-2025941,24bcs11941@university.edu,student.test1941@gmail.com,Student 1941,Civil,B.Tech,2024,Active
24bcs11942,ENR-2025942,24bcs11942@university.edu,student.test1942@gmail.com,Student 1942,Mechanical,B.Tech,2024,Inactive
24bcs11943,ENR-2025943,24bcs11943@university.edu,student.test1943@gmail.com,Student 1943,Civil,B.Tech,2024,Active
24bcs11944,ENR-2025944,24bcs11944@university.edu,student.test1944@gmail.com,Student 1944,Civil,B.Tech,2024,Active
24bcs11945,ENR-2025945,24bcs11945@university.edu,student.test1945@gmail.com,Student 1945,Civil,B.Tech,2024,Active
24bcs11946,ENR-2025946,24bcs11946@university.edu,student.test1946@gmail.com,Student 1946,Civil,B.Tech,2024,Active
24bcs11947,ENR-2025947,24bcs11947@university.edu,student.test1947@gmail.com,Student 1947,Mechanical,B.Tech,2024,Active
24bcs11948,ENR-2025948,24bcs11948@university.edu,student.test1948@gmail.com,Student 1948,Mechanical,B.Tech,2024,Active
24bcs11949,ENR-2025949,24bcs11949@university.edu,student.test1949@gmail.com,Student 1949,Computer Science,B.Tech,2024,Active
24bcs11950,ENR-2025950,24bcs11950@university.edu,student.test1950@gmail.com,Student 1950,Mechanical,B.Tech,2024,Active
24bcs11951,ENR-2025951,24bcs11951@university.edu,student.test1951@gmail.com,Student 1951,Civil,B.Tech,2024,Active
24bcs11952,ENR-2025952,24bcs11952@university.edu,student.test1952@gmail.com,Student 1952,Civil,B.Tech,2024,Active
24bcs11953,ENR-2025953,24bcs11953@university.edu,,Student 1953,Civil,B.Tech,2024,Active
24bcs11954,ENR-2025954,24bcs11954@university.edu,student.test1954@gmail.com,Student 1954,Electronics,B.Tech,2024,Active
24bcs11955,ENR-2025955,24bcs11955@university.edu,student.test1955@gmail.com,Student 1955,Civil,B.Tech,2024,Inactive
24bcs11956,ENR-2025956,24bcs11956@university.edu,student.test1956@gmail.com,Student 1956,Civil,B.Tech,2024,Active
24bcs11957,ENR-2025957,24bcs11957@university.edu,student.test1957@gmail.com,Student 1957,Computer Science,B.Tech,2024,Active
24bcs11958,ENR-2025958,24bcs11958@university.edu,student.test1958@gmail.com,Student 1958,Computer Science,B.Tech,2024,Active
24bcs11959,ENR-2025959,24bcs11959@university.edu,student.test1959@gmail.com,Student 1959,Mechanical,B.Tech,2024,Active
24bcs11960,ENR-2025960,24bcs11960@university.edu,student.test1960@gmail.com,Student 1960,Civil,B.Tech,2024,Active
24bcs11961,ENR-2025961,24bcs11961@university.edu,,Student 1961,Electronics,B.Tech,2024,Active
24bcs11962,ENR-2025962,24bcs11962@university.edu,student.test1962@gmail.com,Student 1962,Civil,B.Tech,2024,Active
24bcs11963,ENR-2025963,24bcs11963@university.edu,student.test1963@gmail.com,Student 1963,Civil,B.Tech,2024,Active
24bcs11964,ENR-2025964,24bcs11964@university.edu,student.test1964@gmail.com,Student 1964,Computer Science,B.Tech,2024,Active
24bcs11965,ENR-2025965,24bcs11965@university.edu,student.test1965@gmail.com,Student 1965,Civil,B.Tech,2024,Active
24bcs11966,ENR-2025966,24bcs11966@university.edu,student.test1966@gmail.com,Student 1966,Mechanical,B.Tech,2024,Active
24bcs11967,ENR-2025967,24bcs11967@university.edu,student.test1967@gmail.com,Student 1967,Computer Science,B.Tech,2024,Active
24bcs11968,ENR-2025968,24bcs11968@university.edu,student.test1968@gmail.com,Student 1968,Civil,B.Tech,2024,Active
24bcs11969,ENR-2025969,24bcs11969@university.edu,student.test1969@gmail.com,Student 1969,Electronics,B.Tech,2024,Active
24bcs11970,ENR-2025970,24bcs11970@university.edu,student.test1970@gmail.com,Student 1970,Electronics,B.Tech,2024,Active
24bcs11971,ENR-2025971,24bcs11971@university.edu,student.test1971@gmail.com,Student 1971,Civil,B.Tech,2024,Active
24bcs11972,ENR-2025972,24bcs11972@university.edu,student.test1972@gmail.com,Student 1972,Mechanical,B.Tech,2024,Inactive
24bcs11973,ENR-2025973,24bcs11973@university.edu,student.test1973@gmail.com,Student 1973,Computer Science,B.Tech,2024,Inactive
24bcs11974,ENR-2025974,24bcs11974@university.edu,student.test1974@gmail.com,Student 1974,Computer Science,B.Tech,2024,Inactive
24bcs11975,ENR-2025975,24bcs11975@university.edu,student.test1975@gmail.com,Student 1975,Mechanical,B.Tech,2024,Active
24bcs11976,ENR-2025976,24bcs11976@university.edu,student.test1976@gmail.com,Student 1976,Electronics,B.Tech,2024,Active
24bcs11977,ENR-2025977,24bcs11977@university.edu,student.test1977@gmail.com,Student 1977,Mechanical,B.Tech,2024,Inactive
24bcs11978,ENR-2025978,24bcs11978@university.edu,student.test1978@gmail.com,Student 1978,Electronics,B.Tech,2024,Inactive
24bcs11979,ENR-2025979,24bcs11979@university.edu,,Student 1979,Computer Science,B.Tech,2024,Inactive
24bcs11980,ENR-2025980,24bcs11980@university.edu,student.test1980@gmail.com,Student 1980,Mechanical,B.Tech,2024,Inactive
24bcs11981,ENR-2025981,24bcs11981@university.edu,student.test1981@gmail.com,Student 1981,Mechanical,B.Tech,2024,Active
24bcs11982,ENR-2025982,24bcs11982@university.edu,student.test1982@gmail.com,Student 1982,Mechanical,B.Tech,2024,Active
24bcs11983,ENR-2025983,24bcs11983@university.edu,student.test1983@gmail.com,Student 1983,Electronics,B.Tech,2024,Active
24bcs11984,ENR-2025984,24bcs11984@university.edu,student.test1984@gmail.com,Student 1984,Mechanical,B.Tech,2024,Active
24bcs11985,ENR-2025985,24bcs11985@university.edu,student.test1985@gmail.com,Student 1985,Computer Science,B.Tech,2024,Inactive
24bcs11986,ENR-2025986,24bcs11986@university.edu,student.test1986@gmail.com,Student 1986,Electronics,B.Tech,2024,Active
24bcs11987,ENR-2025987,24bcs11987@university.edu,student.test1987@gmail.com,Student 1987,Mechanical,B.Tech,2024,Active
24bcs11988,ENR-2025988,24bcs11988@university.edu,student.test1988@gmail.com,Student 1988,Electronics,B.Tech,2024,Active
24bcs11989,ENR-2025989,24bcs11989@university.edu,student.test1989@gmail.com,Student 1989,Mechanical,B.Tech,2024,Active
24bcs11990,ENR-2025990,24bcs11990@university.edu,student.test1990@gmail.com,Student 1990,Mechanical,B.Tech,2024,Active
24bcs11991,ENR-2025991,24bcs11991@university.edu,student.test1991@gmail.com,Student 1991,Civil,B.Tech,2024,Inactive
24bcs11992,ENR-2025992,24bcs11992@university.edu,student.test1992@gmail.com,Student 1992,Computer Science,B.Tech,2024,Active
24bcs11993,ENR-2025993,24bcs11993@university.edu,student.test1993@gmail.com,Student 1993,Mechanical,B.Tech,2024,Active
24bcs11994,ENR-2025994,24bcs11994@university.edu,student.test1994@gmail.com,Student 1994,Computer Science,B.Tech,2024,Active
24bcs11995,ENR-2025995,24bcs11995@university.edu,student.test1995@gmail.com,Student 1995,Mechanical,B.Tech,2024,Active
24bcs11996,ENR-2025996,24bcs11996@university.edu,student.test1996@gmail.com,Student 1996,Civil,B.Tech,2024,Active
24bcs11997,ENR-2025997,24bcs11997@university.edu,student.test1997@gmail.com,Student 1997,Civil,B.Tech,2024,Active
24bcs11998,ENR-2025998,24bcs11998@university.edu,student.test1998@gmail.com,Student 1998,Civil,B.Tech,2024,Active
24bcs11999,ENR-2025999,24bcs11999@university.edu,student.test1999@gmail.com,Student 1999,Computer Science,B.Tech,2024,Active
24bcs12000,ENR-2026000,24bcs12000@university.edu,student.test2000@gmail.com,Student 2000,Mechanical,B.Tech,2024,Active
24bcs12001,ENR-2026001,24bcs12001@university.edu,student.test2001@gmail.com,Student 2001,Electronics,B.Tech,2024,Active
24bcs12002,ENR-2026002,24bcs12002@university.edu,,Student 2002,Civil,B.Tech,2024,Active
24bcs12003,ENR-2026003,24bcs12003@university.edu,student.test2003@gmail.com,Student 2003,Mechanical,B.Tech,2024,Active
24bcs12004,ENR-2026004,24bcs12004@university.edu,student.test2004@gmail.com,Student 2004,Electronics,B.Tech,2024,Active
24bcs12005,ENR-2026005,24bcs12005@university.edu,student.test2005@gmail.com,Student 2005,Computer Science,B.Tech,2024,Active
24bcs12006,ENR-2026006,24bcs12006@university.edu,student.test2006@gmail.com,Student 2006,Computer Science,B.Tech,2024,Inactive
24bcs12007,ENR-2026007,24bcs12007@university.edu,student.test2007@gmail.com,Student 2007,Electronics,B.Tech,2024,Inactive
24bcs12008,ENR-2026008,24bcs12008@university.edu,student.test2008@gmail.com,Student 2008,Electronics,B.Tech,2024,Inactive
24bcs12009,ENR-2026009,24bcs12009@university.edu,student.test2009@gmail.com,Student 2009,Civil,B.Tech,2024,Active
24bcs12010,ENR-2026010,24bcs12010@university.edu,,Student 2010,Mechanical,B.Tech,2024,Active
24bcs12011,ENR-2026011,24bcs12011@university.edu,student.test2011@gmail.com,Student 2011,Electronics,B.Tech,2024,Active
24bcs12012,ENR-2026012,24bcs12012@university.edu,student.test2012@gmail.com,Student 2012,Computer Science,B.Tech,2024,Active
24bcs12013,ENR-2026013,24bcs12013@university.edu,student.test2013@gmail.com,Student 2013,Electronics,B.Tech,2024,Inactive
24bcs12014,ENR-2026014,24bcs12014@university.edu,student.test2014@gmail.com,Student 2014,Mechanical,B.Tech,2024,Active
24bcs12015,ENR-2026015,24bcs12015@university.edu,student.test2015@gmail.com,Student 2015,Computer Science,B.Tech,2024,Inactive
24bcs12016,ENR-2026016,24bcs12016@university.edu,student.test2016@gmail.com,Student 2016,Civil,B.Tech,2024,Inactive
24bcs12017,ENR-2026017,24bcs12017@university.edu,student.test2017@gmail.com,Student 2017,Electronics,B.Tech,2024,Active
24bcs12018,ENR-2026018,24bcs12018@university.edu,student.test2018@gmail.com,Student 2018,Civil,B.Tech,2024,Active
24bcs12019,ENR-2026019,24bcs12019@university.edu,student.test2019@gmail.com,Student 2019,Computer Science,B.Tech,2024,Inactive
24bcs12020,ENR-2026020,24bcs12020@university.edu,student.test2020@gmail.com,Student 2020,Mechanical,B.Tech,2024,Active
24bcs12021,ENR-2026021,24bcs12021@university.edu,student.test2021@gmail.com,Student 2021,Civil,B.Tech,2024,Active
24bcs12022,ENR-2026022,24bcs12022@university.edu,student.test2022@gmail.com,Student 2022,Computer Science,B.Tech,2024,Active
24bcs12023,ENR-2026023,24bcs12023@university.edu,student.test2023@gmail.com,Student 2023,Mechanical,B.Tech,2024,Active
24bcs12024,ENR-2026024,24bcs12024@university.edu,student.test2024@gmail.com,Student 2024,Electronics,B.Tech,2024,Active
24bcs12025,ENR-2026025,24bcs12025@university.edu,student.test2025@gmail.com,Student 2025,Electronics,B.Tech,2024,Active
24bcs12026,ENR-2026026,24bcs12026@university.edu,student.test2026@gmail.com,Student 2026,Electronics,B.Tech,2024,Inactive
24bcs12027,ENR-2026027,24bcs12027@university.edu,student.test2027@gmail.com,Student 2027,Electronics,B.Tech,2024,Active
24bcs12028,ENR-2026028,24bcs12028@university.edu,student.test2028@gmail.com,Student 2028,Computer Science,B.Tech,2024,Active
24bcs12029,ENR-2026029,24bcs12029@university.edu,student.test2029@gmail.com,Student 2029,Computer Science,B.Tech,2024,Inactive
24bcs12030,ENR-2026030,24bcs12030@university.edu,student.test2030@gmail.com,Student 2030,Computer Science,B.Tech,2024,Active
24bcs12031,ENR-2026031,24bcs12031@university.edu,student.test2031@gmail.com,Student 2031,Computer Science,B.Tech,2024,Active
24bcs12032,ENR-2026032,24bcs12032@university.edu,student.test2032@gmail.com,Student 2032,Electronics,B.Tech,2024,Active
24bcs12033,ENR-2026033,24bcs12033@university.edu,student.test2033@gmail.com,Student 2033,Computer Science,B.Tech,2024,Active
24bcs12034,ENR-2026034,24bcs12034@university.edu,student.test2034@gmail.com,Student 2034,Computer Science,B.Tech,2024,Active
24bcs12035,ENR-2026035,24bcs12035@university.edu,student.test2035@gmail.com,Student 2035,Civil,B.Tech,2024,Active
24bcs12036,ENR-2026036,24bcs12036@university.edu,student.test2036@gmail.com,Student 2036,Civil,B.Tech,2024,Inactive
24bcs12037,ENR-2026037,24bcs12037@university.edu,student.test2037@gmail.com,Student 2037,Electronics,B.Tech,2024,Active
24bcs12038,ENR-2026038,24bcs12038@university.edu,student.test2038@gmail.com,Student 2038,Electronics,B.Tech,2024,Inactive
24bcs12039,ENR-2026039,24bcs12039@university.edu,student.test2039@gmail.com,Student 2039,Computer Science,B.Tech,2024,Active
24bcs12040,ENR-2026040,24bcs12040@university.edu,student.test2040@gmail.com,Student 2040,Mechanical,B.Tech,2024,Active
24bcs12041,ENR-2026041,24bcs12041@university.edu,student.test2041@gmail.com,Student 2041,Civil,B.Tech,2024,Active
24bcs12042,ENR-2026042,24bcs12042@university.edu,student.test2042@gmail.com,Student 2042,Civil,B.Tech,2024,Active
24bcs12043,ENR-2026043,24bcs12043@university.edu,student.test2043@gmail.com,Student 2043,Electronics,B.Tech,2024,Active
24bcs12044,ENR-2026044,24bcs12044@university.edu,student.test2044@gmail.com,Student 2044,Mechanical,B.Tech,2024,Active
24bcs12045,ENR-2026045,24bcs12045@university.edu,student.test2045@gmail.com,Student 2045,Mechanical,B.Tech,2024,Active
24bcs12046,ENR-2026046,24bcs12046@university.edu,student.test2046@gmail.com,Student 2046,Mechanical,B.Tech,2024,Active
24bcs12047,ENR-2026047,24bcs12047@university.edu,student.test2047@gmail.com,Student 2047,Computer Science,B.Tech,2024,Active
24bcs12048,ENR-2026048,24bcs12048@university.edu,student.test2048@gmail.com,Student 2048,Mechanical,B.Tech,2024,Active
24bcs12049,ENR-2026049,24bcs12049@university.edu,student.test2049@gmail.com,Student 2049,Civil,B.Tech,2024,Active
24bcs12050,ENR-2026050,24bcs12050@university.edu,student.test2050@gmail.com,Student 2050,Civil,B.Tech,2024,Active
24bcs12051,ENR-2026051,24bcs12051@university.edu,student.test2051@gmail.com,Student 2051,Civil,B.Tech,2024,Active
24bcs12052,ENR-2026052,24bcs12052@university.edu,student.test2052@gmail.com,Student 2052,Electronics,B.Tech,2024,Active
24bcs12053,ENR-2026053,24bcs12053@university.edu,,Student 2053,Civil,B.Tech,2024,Active
24bcs12054,ENR-2026054,24bcs12054@university.edu,student.test2054@gmail.com,Student 2054,Computer Science,B.Tech,2024,Active
24bcs12055,ENR-2026055,24bcs12055@university.edu,,Student 2055,Computer Science,B.Tech,2024,Active
24bcs12056,ENR-2026056,24bcs12056@university.edu,student.test2056@gmail.com,Student 2056,Civil,B.Tech,2024,Active
24bcs12057,ENR-2026057,24bcs12057@university.edu,student.test2057@gmail.com,Student 2057,Mechanical,B.Tech,2024,Active
24bcs12058,ENR-2026058,24bcs12058@university.edu,student.test2058@gmail.com,Student 2058,Mechanical,B.Tech,2024,Active
24bcs12059,ENR-2026059,24bcs12059@university.edu,student.test2059@gmail.com,Student 2059,Electronics,B.Tech,2024,Active
24bcs12060,ENR-2026060,24bcs12060@university.edu,student.test2060@gmail.com,Student 2060,Computer Science,B.Tech,2024,Active
24bcs12061,ENR-2026061,24bcs12061@university.edu,student.test2061@gmail.com,Student 2061,Mechanical,B.Tech,2024,Inactive
24bcs12062,ENR-2026062,24bcs12062@university.edu,student.test2062@gmail.com,Student 2062,Mechanical,B.Tech,2024,Active
24bcs12063,ENR-2026063,24bcs12063@university.edu,student.test2063@gmail.com,Student 2063,Mechanical,B.Tech,2024,Active
24bcs12064,ENR-2026064,24bcs12064@university.edu,student.test2064@gmail.com,Student 2064,Computer Science,B.Tech,2024,Inactive
24bcs12065,ENR-2026065,24bcs12065@university.edu,student.test2065@gmail.com,Student 2065,Computer Science,B.Tech,2024,Active
24bcs12066,ENR-2026066,24bcs12066@university.edu,student.test2066@gmail.com,Student 2066,Electronics,B.Tech,2024,Active
24bcs12067,ENR-2026067,24bcs12067@university.edu,student.test2067@gmail.com,Student 2067,Mechanical,B.Tech,2024,Active
24bcs12068,ENR-2026068,24bcs12068@university.edu,student.test2068@gmail.com,Student 2068,Electronics,B.Tech,2024,Active
24bcs12069,ENR-2026069,24bcs12069@university.edu,student.test2069@gmail.com,Student 2069,Civil,B.Tech,2024,Inactive
24bcs12070,ENR-2026070,24bcs12070@university.edu,student.test2070@gmail.com,Student 2070,Electronics,B.Tech,2024,Inactive
24bcs12071,ENR-2026071,24bcs12071@university.edu,student.test2071@gmail.com,Student 2071,Electronics,B.Tech,2024,Active
24bcs12072,ENR-2026072,24bcs12072@university.edu,student.test2072@gmail.com,Student 2072,Mechanical,B.Tech,2024,Inactive
24bcs12073,ENR-2026073,24bcs12073@university.edu,student.test2073@gmail.com,Student 2073,Computer Science,B.Tech,2024,Inactive
24bcs12074,ENR-2026074,24bcs12074@university.edu,student.test2074@gmail.com,Student 2074,Civil,B.Tech,2024,Active
24bcs12075,ENR-2026075,24bcs12075@university.edu,student.test2075@gmail.com,Student 2075,Mechanical,B.Tech,2024,Active
24bcs12076,ENR-2026076,24bcs12076@university.edu,,Student 2076,Electronics,B.Tech,2024,Active
24bcs12077,ENR-2026077,24bcs12077@university.edu,student.test2077@gmail.com,Student 2077,Electronics,B.Tech,2024,Active
24bcs12078,ENR-2026078,24bcs12078@university.edu,student.test2078@gmail.com,Student 2078,Civil,B.Tech,2024,Active
24bcs12079,ENR-2026079,24bcs12079@university.edu,student.test2079@gmail.com,Student 2079,Mechanical,B.Tech,2024,Active
24bcs12080,ENR-2026080,24bcs12080@university.edu,student.test2080@gmail.com,Student 2080,Civil,B.Tech,2024,Inactive
24bcs12081,ENR-2026081,24bcs12081@university.edu,student.test2081@gmail.com,Student 2081,Computer Science,B.Tech,2024,Inactive
24bcs12082,ENR-2026082,24bcs12082@university.edu,student.test2082@gmail.com,Student 2082,Civil,B.Tech,2024,Active
24bcs12083,ENR-2026083,24bcs12083@university.edu,,Student 2083,Civil,B.Tech,2024,Active
24bcs12084,ENR-2026084,24bcs12084@university.edu,student.test2084@gmail.com,Student 2084,Civil,B.Tech,2024,Active
24bcs12085,ENR-2026085,24bcs12085@university.edu,student.test2085@gmail.com,Student 2085,Electronics,B.Tech,2024,Active
24bcs12086,ENR-2026086,24bcs12086@university.edu,student.test2086@gmail.com,Student 2086,Computer Science,B.Tech,2024,Active
24bcs12087,ENR-2026087,24bcs12087@university.edu,student.test2087@gmail.com,Student 2087,Computer Science,B.Tech,2024,Inactive
24bcs12088,ENR-2026088,24bcs12088@university.edu,student.test2088@gmail.com,Student 2088,Mechanical,B.Tech,2024,Active
24bcs12089,ENR-2026089,24bcs12089@university.edu,student.test2089@gmail.com,Student 2089,Computer Science,B.Tech,2024,Inactive
24bcs12090,ENR-2026090,24bcs12090@university.edu,student.test2090@gmail.com,Student 2090,Civil,B.Tech,2024,Active
24bcs12091,ENR-2026091,24bcs12091@university.edu,student.test2091@gmail.com,Student 2091,Computer Science,B.Tech,2024,Active
24bcs12092,ENR-2026092,24bcs12092@university.edu,student.test2092@gmail.com,Student 2092,Civil,B.Tech,2024,Active
24bcs12093,ENR-2026093,24bcs12093@university.edu,student.test2093@gmail.com,Student 2093,Mechanical,B.Tech,2024,Active
24bcs12094,ENR-2026094,24bcs12094@university.edu,student.test2094@gmail.com,Student 2094,Computer Science,B.Tech,2024,Active
24bcs12095,ENR-2026095,24bcs12095@university.edu,student.test2095@gmail.com,Student 2095,Computer Science,B.Tech,2024,Active
24bcs12096,ENR-2026096,24bcs12096@university.edu,student.test2096@gmail.com,Student 2096,Civil,B.Tech,2024,Active
24bcs12097,ENR-2026097,24bcs12097@university.edu,student.test2097@gmail.com,Student 2097,Mechanical,B.Tech,2024,Inactive
24bcs12098,ENR-2026098,24bcs12098@university.edu,student.test2098@gmail.com,Student 2098,Electronics,B.Tech,2024,Active
24bcs12099,ENR-2026099,24bcs12099@university.edu,student.test2099@gmail.com,Student 2099,Electronics,B.Tech,2024,Active
24bcs12100,ENR-2026100,24bcs12100@university.edu,student.test2100@gmail.com,Student 2100,Electronics,B.Tech,2024,Active
24bcs12101,ENR-2026101,24bcs12101@university.edu,student.test2101@gmail.com,Student 2101,Mechanical,B.Tech,2024,Active
24bcs12102,ENR-2026102,24bcs12102@university.edu,student.test2102@gmail.com,Student 2102,Computer Science,B.Tech,2024,Active
24bcs12103,ENR-2026103,24bcs12103@university.edu,student.test2103@gmail.com,Student 2103,Mechanical,B.Tech,2024,Active
24bcs12104,ENR-2026104,24bcs12104@university.edu,student.test2104@gmail.com,Student 2104,Mechanical,B.Tech,2024,Active
24bcs12105,ENR-2026105,24bcs12105@university.edu,student.test2105@gmail.com,Student 2105,Computer Science,B.Tech,2024,Inactive
24bcs12106,ENR-2026106,24bcs12106@university.edu,student.test2106@gmail.com,Student 2106,Computer Science,B.Tech,2024,Active
24bcs12107,ENR-2026107,24bcs12107@university.edu,student.test2107@gmail.com,Student 2107,Computer Science,B.Tech,2024,Inactive
24bcs12108,ENR-2026108,24bcs12108@university.edu,student.test2108@gmail.com,Student 2108,Electronics,B.Tech,2024,Active
24bcs12109,ENR-2026109,24bcs12109@university.edu,student.test2109@gmail.com,Student 2109,Civil,B.Tech,2024,Active
24bcs12110,ENR-2026110,24bcs12110@university.edu,student.test2110@gmail.com,Student 2110,Civil,B.Tech,2024,Active
24bcs12111,ENR-2026111,24bcs12111@university.edu,student.test2111@gmail.com,Student 2111,Mechanical,B.Tech,2024,Active
24bcs12112,ENR-2026112,24bcs12112@university.edu,student.test2112@gmail.com,Student 2112,Civil,B.Tech,2024,Inactive
24bcs12113,ENR-2026113,24bcs12113@university.edu,student.test2113@gmail.com,Student 2113,Mechanical,B.Tech,2024,Inactive
24bcs12114,ENR-2026114,24bcs12114@university.edu,student.test2114@gmail.com,Student 2114,Computer Science,B.Tech,2024,Inactive
24bcs12115,ENR-2026115,24bcs12115@university.edu,student.test2115@gmail.com,Student 2115,Electronics,B.Tech,2024,Inactive
24bcs12116,ENR-2026116,24bcs12116@university.edu,,Student 2116,Civil,B.Tech,2024,Active
24bcs12117,ENR-2026117,24bcs12117@university.edu,student.test2117@gmail.com,Student 2117,Electronics,B.Tech,2024,Inactive
24bcs12118,ENR-2026118,24bcs12118@university.edu,student.test2118@gmail.com,Student 2118,Electronics,B.Tech,2024,Active
24bcs12119,ENR-2026119,24bcs12119@university.edu,student.test2119@gmail.com,Student 2119,Civil,B.Tech,2024,Inactive
24bcs12120,ENR-2026120,24bcs12120@university.edu,student.test2120@gmail.com,Student 2120,Civil,B.Tech,2024,Inactive
24bcs12121,ENR-2026121,24bcs12121@university.edu,student.test2121@gmail.com,Student 2121,Computer Science,B.Tech,2024,Active
24bcs12122,ENR-2026122,24bcs12122@university.edu,student.test2122@gmail.com,Student 2122,Electronics,B.Tech,2024,Active
24bcs12123,ENR-2026123,24bcs12123@university.edu,student.test2123@gmail.com,Student 2123,Computer Science,B.Tech,2024,Inactive
24bcs12124,ENR-2026124,24bcs12124@university.edu,student.test2124@gmail.com,Student 2124,Mechanical,B.Tech,2024,Active
24bcs12125,ENR-2026125,24bcs12125@university.edu,student.test2125@gmail.com,Student 2125,Computer Science,B.Tech,2024,Active
24bcs12126,ENR-2026126,24bcs12126@university.edu,student.test2126@gmail.com,Student 2126,Computer Science,B.Tech,2024,Inactive
24bcs12127,ENR-2026127,24bcs12127@university.edu,student.test2127@gmail.com,Student 2127,Mechanical,B.Tech,2024,Active
24bcs12128,ENR-2026128,24bcs12128@university.edu,student.test2128@gmail.com,Student 2128,Civil,B.Tech,2024,Active
24bcs12129,ENR-2026129,24bcs12129@university.edu,student.test2129@gmail.com,Student 2129,Electronics,B.Tech,2024,Active
24bcs12130,ENR-2026130,24bcs12130@university.edu,student.test2130@gmail.com,Student 2130,Mechanical,B.Tech,2024,Active
24bcs12131,ENR-2026131,24bcs12131@university.edu,student.test2131@gmail.com,Student 2131,Civil,B.Tech,2024,Active
24bcs12132,ENR-2026132,24bcs12132@university.edu,student.test2132@gmail.com,Student 2132,Computer Science,B.Tech,2024,Active
24bcs12133,ENR-2026133,24bcs12133@university.edu,student.test2133@gmail.com,Student 2133,Civil,B.Tech,2024,Active
24bcs12134,ENR-2026134,24bcs12134@university.edu,student.test2134@gmail.com,Student 2134,Mechanical,B.Tech,2024,Inactive
24bcs12135,ENR-2026135,24bcs12135@university.edu,student.test2135@gmail.com,Student 2135,Electronics,B.Tech,2024,Inactive
24bcs12136,ENR-2026136,24bcs12136@university.edu,student.test2136@gmail.com,Student 2136,Mechanical,B.Tech,2024,Active
24bcs12137,ENR-2026137,24bcs12137@university.edu,student.test2137@gmail.com,Student 2137,Electronics,B.Tech,2024,Inactive
24bcs12138,ENR-2026138,24bcs12138@university.edu,student.test2138@gmail.com,Student 2138,Computer Science,B.Tech,2024,Active
24bcs12139,ENR-2026139,24bcs12139@university.edu,student.test2139@gmail.com,Student 2139,Mechanical,B.Tech,2024,Active
24bcs12140,ENR-2026140,24bcs12140@university.edu,,Student 2140,Electronics,B.Tech,2024,Inactive
24bcs12141,ENR-2026141,24bcs12141@university.edu,student.test2141@gmail.com,Student 2141,Mechanical,B.Tech,2024,Active
24bcs12142,ENR-2026142,24bcs12142@university.edu,student.test2142@gmail.com,Student 2142,Computer Science,B.Tech,2024,Inactive
24bcs12143,ENR-2026143,24bcs12143@university.edu,student.test2143@gmail.com,Student 2143,Civil,B.Tech,2024,Active
24bcs12144,ENR-2026144,24bcs12144@university.edu,student.test2144@gmail.com,Student 2144,Mechanical,B.Tech,2024,Active
24bcs12145,ENR-2026145,24bcs12145@university.edu,student.test2145@gmail.com,Student 2145,Electronics,B.Tech,2024,Active
24bcs12146,ENR-2026146,24bcs12146@university.edu,student.test2146@gmail.com,Student 2146,Mechanical,B.Tech,2024,Active
24bcs12147,ENR-2026147,24bcs12147@university.edu,student.test2147@gmail.com,Student 2147,Mechanical,B.Tech,2024,Inactive
24bcs12148,ENR-2026148,24bcs12148@university.edu,student.test2148@gmail.com,Student 2148,Electronics,B.Tech,2024,Inactive
24bcs12149,ENR-2026149,24bcs12149@university.edu,student.test2149@gmail.com,Student 2149,Computer Science,B.Tech,2024,Active
24bcs12150,ENR-2026150,24bcs12150@university.edu,student.test2150@gmail.com,Student 2150,Computer Science,B.Tech,2024,Active
24bcs12151,ENR-2026151,24bcs12151@university.edu,student.test2151@gmail.com,Student 2151,Mechanical,B.Tech,2024,Active
24bcs12152,ENR-2026152,24bcs12152@university.edu,student.test2152@gmail.com,Student 2152,Civil,B.Tech,2024,Active
24bcs12153,ENR-2026153,24bcs12153@university.edu,student.test2153@gmail.com,Student 2153,Computer Science,B.Tech,2024,Inactive
24bcs12154,ENR-2026154,24bcs12154@university.edu,student.test2154@gmail.com,Student 2154,Electronics,B.Tech,2024,Inactive
24bcs12155,ENR-2026155,24bcs12155@university.edu,student.test2155@gmail.com,Student 2155,Electronics,B.Tech,2024,Inactive
24bcs12156,ENR-2026156,24bcs12156@university.edu,student.test2156@gmail.com,Student 2156,Electronics,B.Tech,2024,Inactive
24bcs12157,ENR-2026157,24bcs12157@university.edu,student.test2157@gmail.com,Student 2157,Civil,B.Tech,2024,Inactive
24bcs12158,ENR-2026158,24bcs12158@university.edu,student.test2158@gmail.com,Student 2158,Electronics,B.Tech,2024,Active
24bcs12159,ENR-2026159,24bcs12159@university.edu,student.test2159@gmail.com,Student 2159,Electronics,B.Tech,2024,Active
24bcs12160,ENR-2026160,24bcs12160@university.edu,student.test2160@gmail.com,Student 2160,Mechanical,B.Tech,2024,Active
24bcs12161,ENR-2026161,24bcs12161@university.edu,student.test2161@gmail.com,Student 2161,Mechanical,B.Tech,2024,Active
24bcs12162,ENR-2026162,24bcs12162@university.edu,student.test2162@gmail.com,Student 2162,Mechanical,B.Tech,2024,Inactive
24bcs12163,ENR-2026163,24bcs12163@university.edu,student.test2163@gmail.com,Student 2163,Electronics,B.Tech,2024,Active
24bcs12164,ENR-2026164,24bcs12164@university.edu,student.test2164@gmail.com,Student 2164,Mechanical,B.Tech,2024,Active
24bcs12165,ENR-2026165,24bcs12165@university.edu,student.test2165@gmail.com,Student 2165,Mechanical,B.Tech,2024,Active
24bcs12166,ENR-2026166,24bcs12166@university.edu,student.test2166@gmail.com,Student 2166,Mechanical,B.Tech,2024,Active
24bcs12167,ENR-2026167,24bcs12167@university.edu,student.test2167@gmail.com,Student 2167,Mechanical,B.Tech,2024,Active
24bcs12168,ENR-2026168,24bcs12168@university.edu,student.test2168@gmail.com,Student 2168,Mechanical,B.Tech,2024,Active
24bcs12169,ENR-2026169,24bcs12169@university.edu,student.test2169@gmail.com,Student 2169,Civil,B.Tech,2024,Active
24bcs12170,ENR-2026170,24bcs12170@university.edu,student.test2170@gmail.com,Student 2170,Electronics,B.Tech,2024,Active
24bcs12171,ENR-2026171,24bcs12171@university.edu,student.test2171@gmail.com,Student 2171,Computer Science,B.Tech,2024,Inactive
24bcs12172,ENR-2026172,24bcs12172@university.edu,student.test2172@gmail.com,Student 2172,Mechanical,B.Tech,2024,Active
24bcs12173,ENR-2026173,24bcs12173@university.edu,student.test2173@gmail.com,Student 2173,Mechanical,B.Tech,2024,Active
24bcs12174,ENR-2026174,24bcs12174@university.edu,student.test2174@gmail.com,Student 2174,Computer Science,B.Tech,2024,Active
24bcs12175,ENR-2026175,24bcs12175@university.edu,student.test2175@gmail.com,Student 2175,Civil,B.Tech,2024,Active
24bcs12176,ENR-2026176,24bcs12176@university.edu,student.test2176@gmail.com,Student 2176,Electronics,B.Tech,2024,Active
24bcs12177,ENR-2026177,24bcs12177@university.edu,student.test2177@gmail.com,Student 2177,Mechanical,B.Tech,2024,Active
24bcs12178,ENR-2026178,24bcs12178@university.edu,student.test2178@gmail.com,Student 2178,Civil,B.Tech,2024,Active
24bcs12179,ENR-2026179,24bcs12179@university.edu,student.test2179@gmail.com,Student 2179,Civil,B.Tech,2024,Active
24bcs12180,ENR-2026180,24bcs12180@university.edu,student.test2180@gmail.com,Student 2180,Mechanical,B.Tech,2024,Active
24bcs12181,ENR-2026181,24bcs12181@university.edu,student.test2181@gmail.com,Student 2181,Mechanical,B.Tech,2024,Active
24bcs12182,ENR-2026182,24bcs12182@university.edu,student.test2182@gmail.com,Student 2182,Computer Science,B.Tech,2024,Active
24bcs12183,ENR-2026183,24bcs12183@university.edu,,Student 2183,Civil,B.Tech,2024,Active
24bcs12184,ENR-2026184,24bcs12184@university.edu,student.test2184@gmail.com,Student 2184,Computer Science,B.Tech,2024,Active
24bcs12185,ENR-2026185,24bcs12185@university.edu,student.test2185@gmail.com,Student 2185,Computer Science,B.Tech,2024,Active
24bcs12186,ENR-2026186,24bcs12186@university.edu,student.test2186@gmail.com,Student 2186,Mechanical,B.Tech,2024,Active
24bcs12187,ENR-2026187,24bcs12187@university.edu,student.test2187@gmail.com,Student 2187,Civil,B.Tech,2024,Active
24bcs12188,ENR-2026188,24bcs12188@university.edu,student.test2188@gmail.com,Student 2188,Electronics,B.Tech,2024,Active
24bcs12189,ENR-2026189,24bcs12189@university.edu,student.test2189@gmail.com,Student 2189,Computer Science,B.Tech,2024,Active
24bcs12190,ENR-2026190,24bcs12190@university.edu,student.test2190@gmail.com,Student 2190,Computer Science,B.Tech,2024,Inactive
24bcs12191,ENR-2026191,24bcs12191@university.edu,student.test2191@gmail.com,Student 2191,Mechanical,B.Tech,2024,Active
24bcs12192,ENR-2026192,24bcs12192@university.edu,student.test2192@gmail.com,Student 2192,Computer Science,B.Tech,2024,Active
24bcs12193,ENR-2026193,24bcs12193@university.edu,student.test2193@gmail.com,Student 2193,Civil,B.Tech,2024,Active
24bcs12194,ENR-2026194,24bcs12194@university.edu,student.test2194@gmail.com,Student 2194,Electronics,B.Tech,2024,Active
24bcs12195,ENR-2026195,24bcs12195@university.edu,,Student 2195,Computer Science,B.Tech,2024,Active
24bcs12196,ENR-2026196,24bcs12196@university.edu,student.test2196@gmail.com,Student 2196,Civil,B.Tech,2024,Active
24bcs12197,ENR-2026197,24bcs12197@university.edu,student.test2197@gmail.com,Student 2197,Mechanical,B.Tech,2024,Active
24bcs12198,ENR-2026198,24bcs12198@university.edu,student.test2198@gmail.com,Student 2198,Civil,B.Tech,2024,Active
24bcs12199,ENR-2026199,24bcs12199@university.edu,student.test2199@gmail.com,Student 2199,Electronics,B.Tech,2024,Active
24bcs12200,ENR-2026200,24bcs12200@university.edu,student.test2200@gmail.com,Student 2200,Computer Science,B.Tech,2024,Inactive
24bcs12201,ENR-2026201,24bcs12201@university.edu,student.test2201@gmail.com,Student 2201,Computer Science,B.Tech,2024,Active
24bcs12202,ENR-2026202,24bcs12202@university.edu,student.test2202@gmail.com,Student 2202,Computer Science,B.Tech,2024,Active
24bcs12203,ENR-2026203,24bcs12203@university.edu,student.test2203@gmail.com,Student 2203,Electronics,B.Tech,2024,Active
24bcs12204,ENR-2026204,24bcs12204@university.edu,student.test2204@gmail.com,Student 2204,Civil,B.Tech,2024,Active
24bcs12205,ENR-2026205,24bcs12205@university.edu,student.test2205@gmail.com,Student 2205,Civil,B.Tech,2024,Inactive
24bcs12206,ENR-2026206,24bcs12206@university.edu,student.test2206@gmail.com,Student 2206,Mechanical,B.Tech,2024,Active
24bcs12207,ENR-2026207,24bcs12207@university.edu,student.test2207@gmail.com,Student 2207,Electronics,B.Tech,2024,Active
24bcs12208,ENR-2026208,24bcs12208@university.edu,student.test2208@gmail.com,Student 2208,Computer Science,B.Tech,2024,Inactive
24bcs12209,ENR-2026209,24bcs12209@university.edu,student.test2209@gmail.com,Student 2209,Mechanical,B.Tech,2024,Active
24bcs12210,ENR-2026210,24bcs12210@university.edu,student.test2210@gmail.com,Student 2210,Electronics,B.Tech,2024,Active
24bcs12211,ENR-2026211,24bcs12211@university.edu,student.test2211@gmail.com,Student 2211,Civil,B.Tech,2024,Active
24bcs12212,ENR-2026212,24bcs12212@university.edu,student.test2212@gmail.com,Student 2212,Electronics,B.Tech,2024,Active
24bcs12213,ENR-2026213,24bcs12213@university.edu,student.test2213@gmail.com,Student 2213,Computer Science,B.Tech,2024,Active
24bcs12214,ENR-2026214,24bcs12214@university.edu,student.test2214@gmail.com,Student 2214,Civil,B.Tech,2024,Active
24bcs12215,ENR-2026215,24bcs12215@university.edu,student.test2215@gmail.com,Student 2215,Computer Science,B.Tech,2024,Active
24bcs12216,ENR-2026216,24bcs12216@university.edu,,Student 2216,Computer Science,B.Tech,2024,Active
24bcs12217,ENR-2026217,24bcs12217@university.edu,student.test2217@gmail.com,Student 2217,Civil,B.Tech,2024,Active
24bcs12218,ENR-2026218,24bcs12218@university.edu,student.test2218@gmail.com,Student 2218,Civil,B.Tech,2024,Active
24bcs12219,ENR-2026219,24bcs12219@university.edu,student.test2219@gmail.com,Student 2219,Computer Science,B.Tech,2024,Active
24bcs12220,ENR-2026220,24bcs12220@university.edu,student.test2220@gmail.com,Student 2220,Mechanical,B.Tech,2024,Active
24bcs12221,ENR-2026221,24bcs12221@university.edu,student.test2221@gmail.com,Student 2221,Civil,B.Tech,2024,Active
24bcs12222,ENR-2026222,24bcs12222@university.edu,student.test2222@gmail.com,Student 2222,Civil,B.Tech,2024,Active
24bcs12223,ENR-2026223,24bcs12223@university.edu,student.test2223@gmail.com,Student 2223,Electronics,B.Tech,2024,Active
24bcs12224,ENR-2026224,24bcs12224@university.edu,student.test2224@gmail.com,Student 2224,Electronics,B.Tech,2024,Active
24bcs12225,ENR-2026225,24bcs12225@university.edu,student.test2225@gmail.com,Student 2225,Electronics,B.Tech,2024,Active
24bcs12226,ENR-2026226,24bcs12226@university.edu,student.test2226@gmail.com,Student 2226,Mechanical,B.Tech,2024,Active
24bcs12227,ENR-2026227,24bcs12227@university.edu,,Student 2227,Electronics,B.Tech,2024,Inactive
24bcs12228,ENR-2026228,24bcs12228@university.edu,student.test2228@gmail.com,Student 2228,Electronics,B.Tech,2024,Active
24bcs12229,ENR-2026229,24bcs12229@university.edu,student.test2229@gmail.com,Student 2229,Computer Science,B.Tech,2024,Active
24bcs12230,ENR-2026230,24bcs12230@university.edu,student.test2230@gmail.com,Student 2230,Mechanical,B.Tech,2024,Active
24bcs12231,ENR-2026231,24bcs12231@university.edu,student.test2231@gmail.com,Student 2231,Civil,B.Tech,2024,Active
24bcs12232,ENR-2026232,24bcs12232@university.edu,student.test2232@gmail.com,Student 2232,Civil,B.Tech,2024,Active
24bcs12233,ENR-2026233,24bcs12233@university.edu,student.test2233@gmail.com,Student 2233,Civil,B.Tech,2024,Active
24bcs12234,ENR-2026234,24bcs12234@university.edu,student.test2234@gmail.com,Student 2234,Computer Science,B.Tech,2024,Active
24bcs12235,ENR-2026235,24bcs12235@university.edu,student.test2235@gmail.com,Student 2235,Electronics,B.Tech,2024,Active
24bcs12236,ENR-2026236,24bcs12236@university.edu,student.test2236@gmail.com,Student 2236,Civil,B.Tech,2024,Active
24bcs12237,ENR-2026237,24bcs12237@university.edu,student.test2237@gmail.com,Student 2237,Mechanical,B.Tech,2024,Inactive
24bcs12238,ENR-2026238,24bcs12238@university.edu,student.test2238@gmail.com,Student 2238,Computer Science,B.Tech,2024,Inactive
24bcs12239,ENR-2026239,24bcs12239@university.edu,student.test2239@gmail.com,Student 2239,Computer Science,B.Tech,2024,Active
24bcs12240,ENR-2026240,24bcs12240@university.edu,student.test2240@gmail.com,Student 2240,Electronics,B.Tech,2024,Active
24bcs12241,ENR-2026241,24bcs12241@university.edu,student.test2241@gmail.com,Student 2241,Electronics,B.Tech,2024,Inactive
24bcs12242,ENR-2026242,24bcs12242@university.edu,student.test2242@gmail.com,Student 2242,Computer Science,B.Tech,2024,Active
24bcs12243,ENR-2026243,24bcs12243@university.edu,student.test2243@gmail.com,Student 2243,Civil,B.Tech,2024,Active
24bcs12244,ENR-2026244,24bcs12244@university.edu,student.test2244@gmail.com,Student 2244,Mechanical,B.Tech,2024,Active
24bcs12245,ENR-2026245,24bcs12245@university.edu,student.test2245@gmail.com,Student 2245,Electronics,B.Tech,2024,Inactive
24bcs12246,ENR-2026246,24bcs12246@university.edu,student.test2246@gmail.com,Student 2246,Mechanical,B.Tech,2024,Active
24bcs12247,ENR-2026247,24bcs12247@university.edu,,Student 2247,Mechanical,B.Tech,2024,Active
24bcs12248,ENR-2026248,24bcs12248@university.edu,student.test2248@gmail.com,Student 2248,Electronics,B.Tech,2024,Inactive
24bcs12249,ENR-2026249,24bcs12249@university.edu,student.test2249@gmail.com,Student 2249,Mechanical,B.Tech,2024,Active
24bcs12250,ENR-2026250,24bcs12250@university.edu,student.test2250@gmail.com,Student 2250,Civil,B.Tech,2024,Active
24bcs12251,ENR-2026251,24bcs12251@university.edu,student.test2251@gmail.com,Student 2251,Mechanical,B.Tech,2024,Active
24bcs12252,ENR-2026252,24bcs12252@university.edu,student.test2252@gmail.com,Student 2252,Mechanical,B.Tech,2024,Active
24bcs12253,ENR-2026253,24bcs12253@university.edu,student.test2253@gmail.com,Student 2253,Mechanical,B.Tech,2024,Active
24bcs12254,ENR-2026254,24bcs12254@university.edu,student.test2254@gmail.com,Student 2254,Electronics,B.Tech,2024,Active
24bcs12255,ENR-2026255,24bcs12255@university.edu,student.test2255@gmail.com,Student 2255,Civil,B.Tech,2024,Active
24bcs12256,ENR-2026256,24bcs12256@university.edu,student.test2256@gmail.com,Student 2256,Mechanical,B.Tech,2024,Active
24bcs12257,ENR-2026257,24bcs12257@university.edu,student.test2257@gmail.com,Student 2257,Civil,B.Tech,2024,Active
24bcs12258,ENR-2026258,24bcs12258@university.edu,student.test2258@gmail.com,Student 2258,Electronics,B.Tech,2024,Active
24bcs12259,ENR-2026259,24bcs12259@university.edu,student.test2259@gmail.com,Student 2259,Electronics,B.Tech,2024,Active
24bcs12260,ENR-2026260,24bcs12260@university.edu,,Student 2260,Computer Science,B.Tech,2024,Active
24bcs12261,ENR-2026261,24bcs12261@university.edu,,Student 2261,Electronics,B.Tech,2024,Active
24bcs12262,ENR-2026262,24bcs12262@university.edu,student.test2262@gmail.com,Student 2262,Computer Science,B.Tech,2024,Active
24bcs12263,ENR-2026263,24bcs12263@university.edu,,Student 2263,Civil,B.Tech,2024,Active
24bcs12264,ENR-2026264,24bcs12264@university.edu,student.test2264@gmail.com,Student 2264,Mechanical,B.Tech,2024,Active
24bcs12265,ENR-2026265,24bcs12265@university.edu,student.test2265@gmail.com,Student 2265,Computer Science,B.Tech,2024,Inactive
24bcs12266,ENR-2026266,24bcs12266@university.edu,student.test2266@gmail.com,Student 2266,Electronics,B.Tech,2024,Active
24bcs12267,ENR-2026267,24bcs12267@university.edu,student.test2267@gmail.com,Student 2267,Mechanical,B.Tech,2024,Active
24bcs12268,ENR-2026268,24bcs12268@university.edu,student.test2268@gmail.com,Student 2268,Civil,B.Tech,2024,Active
24bcs12269,ENR-2026269,24bcs12269@university.edu,student.test2269@gmail.com,Student 2269,Computer Science,B.Tech,2024,Active
24bcs12270,ENR-2026270,24bcs12270@university.edu,student.test2270@gmail.com,Student 2270,Electronics,B.Tech,2024,Active
24bcs12271,ENR-2026271,24bcs12271@university.edu,student.test2271@gmail.com,Student 2271,Computer Science,B.Tech,2024,Active
24bcs12272,ENR-2026272,24bcs12272@university.edu,student.test2272@gmail.com,Student 2272,Electronics,B.Tech,2024,Active
24bcs12273,ENR-2026273,24bcs12273@university.edu,student.test2273@gmail.com,Student 2273,Electronics,B.Tech,2024,Inactive
24bcs12274,ENR-2026274,24bcs12274@university.edu,student.test2274@gmail.com,Student 2274,Civil,B.Tech,2024,Active
24bcs12275,ENR-2026275,24bcs12275@university.edu,student.test2275@gmail.com,Student 2275,Electronics,B.Tech,2024,Active
24bcs12276,ENR-2026276,24bcs12276@university.edu,student.test2276@gmail.com,Student 2276,Civil,B.Tech,2024,Active
24bcs12277,ENR-2026277,24bcs12277@university.edu,student.test2277@gmail.com,Student 2277,Civil,B.Tech,2024,Active
24bcs12278,ENR-2026278,24bcs12278@university.edu,student.test2278@gmail.com,Student 2278,Computer Science,B.Tech,2024,Inactive
24bcs12279,ENR-2026279,24bcs12279@university.edu,student.test2279@gmail.com,Student 2279,Electronics,B.Tech,2024,Active
24bcs12280,ENR-2026280,24bcs12280@university.edu,student.test2280@gmail.com,Student 2280,Computer Science,B.Tech,2024,Active
24bcs12281,ENR-2026281,24bcs12281@university.edu,student.test2281@gmail.com,Student 2281,Mechanical,B.Tech,2024,Active
24bcs12282,ENR-2026282,24bcs12282@university.edu,student.test2282@gmail.com,Student 2282,Electronics,B.Tech,2024,Inactive
24bcs12283,ENR-2026283,24bcs12283@university.edu,student.test2283@gmail.com,Student 2283,Computer Science,B.Tech,2024,Active
24bcs12284,ENR-2026284,24bcs12284@university.edu,student.test2284@gmail.com,Student 2284,Electronics,B.Tech,2024,Active
24bcs12285,ENR-2026285,24bcs12285@university.edu,,Student 2285,Civil,B.Tech,2024,Active
24bcs12286,ENR-2026286,24bcs12286@university.edu,,Student 2286,Computer Science,B.Tech,2024,Active
24bcs12287,ENR-2026287,24bcs12287@university.edu,student.test2287@gmail.com,Student 2287,Civil,B.Tech,2024,Active
24bcs12288,ENR-2026288,24bcs12288@university.edu,student.test2288@gmail.com,Student 2288,Mechanical,B.Tech,2024,Active
24bcs12289,ENR-2026289,24bcs12289@university.edu,student.test2289@gmail.com,Student 2289,Computer Science,B.Tech,2024,Inactive
24bcs12290,ENR-2026290,24bcs12290@university.edu,student.test2290@gmail.com,Student 2290,Mechanical,B.Tech,2024,Active
24bcs12291,ENR-2026291,24bcs12291@university.edu,student.test2291@gmail.com,Student 2291,Mechanical,B.Tech,2024,Inactive
24bcs12292,ENR-2026292,24bcs12292@university.edu,student.test2292@gmail.com,Student 2292,Mechanical,B.Tech,2024,Active
24bcs12293,ENR-2026293,24bcs12293@university.edu,student.test2293@gmail.com,Student 2293,Computer Science,B.Tech,2024,Active
24bcs12294,ENR-2026294,24bcs12294@university.edu,student.test2294@gmail.com,Student 2294,Electronics,B.Tech,2024,Active
24bcs12295,ENR-2026295,24bcs12295@university.edu,student.test2295@gmail.com,Student 2295,Mechanical,B.Tech,2024,Active
24bcs12296,ENR-2026296,24bcs12296@university.edu,student.test2296@gmail.com,Student 2296,Mechanical,B.Tech,2024,Active
24bcs12297,ENR-2026297,24bcs12297@university.edu,student.test2297@gmail.com,Student 2297,Civil,B.Tech,2024,Active
24bcs12298,ENR-2026298,24bcs12298@university.edu,student.test2298@gmail.com,Student 2298,Computer Science,B.Tech,2024,Active
24bcs12299,ENR-2026299,24bcs12299@university.edu,student.test2299@gmail.com,Student 2299,Civil,B.Tech,2024,Active
24bcs12300,ENR-2026300,24bcs12300@university.edu,student.test2300@gmail.com,Student 2300,Electronics,B.Tech,2024,Active
24bcs12301,ENR-2026301,24bcs12301@university.edu,student.test2301@gmail.com,Student 2301,Computer Science,B.Tech,2024,Inactive
24bcs12302,ENR-2026302,24bcs12302@university.edu,student.test2302@gmail.com,Student 2302,Electronics,B.Tech,2024,Active
24bcs12303,ENR-2026303,24bcs12303@university.edu,student.test2303@gmail.com,Student 2303,Electronics,B.Tech,2024,Active
24bcs12304,ENR-2026304,24bcs12304@university.edu,student.test2304@gmail.com,Student 2304,Electronics,B.Tech,2024,Inactive
24bcs12305,ENR-2026305,24bcs12305@university.edu,student.test2305@gmail.com,Student 2305,Mechanical,B.Tech,2024,Active
24bcs12306,ENR-2026306,24bcs12306@university.edu,student.test2306@gmail.com,Student 2306,Computer Science,B.Tech,2024,Active
24bcs12307,ENR-2026307,24bcs12307@university.edu,student.test2307@gmail.com,Student 2307,Mechanical,B.Tech,2024,Active
24bcs12308,ENR-2026308,24bcs12308@university.edu,student.test2308@gmail.com,Student 2308,Mechanical,B.Tech,2024,Active
24bcs12309,ENR-2026309,24bcs12309@university.edu,student.test2309@gmail.com,Student 2309,Mechanical,B.Tech,2024,Active
24bcs12310,ENR-2026310,24bcs12310@university.edu,,Student 2310,Mechanical,B.Tech,2024,Active
24bcs12311,ENR-2026311,24bcs12311@university.edu,student.test2311@gmail.com,Student 2311,Electronics,B.Tech,2024,Inactive
24bcs12312,ENR-2026312,24bcs12312@university.edu,student.test2312@gmail.com,Student 2312,Computer Science,B.Tech,2024,Inactive
24bcs12313,ENR-2026313,24bcs12313@university.edu,student.test2313@gmail.com,Student 2313,Mechanical,B.Tech,2024,Active
24bcs12314,ENR-2026314,24bcs12314@university.edu,student.test2314@gmail.com,Student 2314,Mechanical,B.Tech,2024,Active
24bcs12315,ENR-2026315,24bcs12315@university.edu,student.test2315@gmail.com,Student 2315,Civil,B.Tech,2024,Active
24bcs12316,ENR-2026316,24bcs12316@university.edu,student.test2316@gmail.com,Student 2316,Mechanical,B.Tech,2024,Active
24bcs12317,ENR-2026317,24bcs12317@university.edu,student.test2317@gmail.com,Student 2317,Computer Science,B.Tech,2024,Active
24bcs12318,ENR-2026318,24bcs12318@university.edu,student.test2318@gmail.com,Student 2318,Computer Science,B.Tech,2024,Active
24bcs12319,ENR-2026319,24bcs12319@university.edu,student.test2319@gmail.com,Student 2319,Civil,B.Tech,2024,Active
24bcs12320,ENR-2026320,24bcs12320@university.edu,student.test2320@gmail.com,Student 2320,Electronics,B.Tech,2024,Inactive
24bcs12321,ENR-2026321,24bcs12321@university.edu,student.test2321@gmail.com,Student 2321,Electronics,B.Tech,2024,Inactive
24bcs12322,ENR-2026322,24bcs12322@university.edu,student.test2322@gmail.com,Student 2322,Civil,B.Tech,2024,Inactive
24bcs12323,ENR-2026323,24bcs12323@university.edu,student.test2323@gmail.com,Student 2323,Computer Science,B.Tech,2024,Active
24bcs12324,ENR-2026324,24bcs12324@university.edu,student.test2324@gmail.com,Student 2324,Mechanical,B.Tech,2024,Active
24bcs12325,ENR-2026325,24bcs12325@university.edu,student.test2325@gmail.com,Student 2325,Civil,B.Tech,2024,Active
24bcs12326,ENR-2026326,24bcs12326@university.edu,student.test2326@gmail.com,Student 2326,Mechanical,B.Tech,2024,Active
24bcs12327,ENR-2026327,24bcs12327@university.edu,student.test2327@gmail.com,Student 2327,Mechanical,B.Tech,2024,Inactive
24bcs12328,ENR-2026328,24bcs12328@university.edu,student.test2328@gmail.com,Student 2328,Electronics,B.Tech,2024,Inactive
24bcs12329,ENR-2026329,24bcs12329@university.edu,student.test2329@gmail.com,Student 2329,Computer Science,B.Tech,2024,Active
24bcs12330,ENR-2026330,24bcs12330@university.edu,student.test2330@gmail.com,Student 2330,Electronics,B.Tech,2024,Active
24bcs12331,ENR-2026331,24bcs12331@university.edu,student.test2331@gmail.com,Student 2331,Computer Science,B.Tech,2024,Inactive
24bcs12332,ENR-2026332,24bcs12332@university.edu,student.test2332@gmail.com,Student 2332,Computer Science,B.Tech,2024,Active
24bcs12333,ENR-2026333,24bcs12333@university.edu,student.test2333@gmail.com,Student 2333,Civil,B.Tech,2024,Inactive
24bcs12334,ENR-2026334,24bcs12334@university.edu,student.test2334@gmail.com,Student 2334,Electronics,B.Tech,2024,Active
24bcs12335,ENR-2026335,24bcs12335@university.edu,,Student 2335,Electronics,B.Tech,2024,Inactive
24bcs12336,ENR-2026336,24bcs12336@university.edu,student.test2336@gmail.com,Student 2336,Civil,B.Tech,2024,Active
24bcs12337,ENR-2026337,24bcs12337@university.edu,student.test2337@gmail.com,Student 2337,Civil,B.Tech,2024,Active
24bcs12338,ENR-2026338,24bcs12338@university.edu,student.test2338@gmail.com,Student 2338,Mechanical,B.Tech,2024,Active
24bcs12339,ENR-2026339,24bcs12339@university.edu,student.test2339@gmail.com,Student 2339,Mechanical,B.Tech,2024,Active
24bcs12340,ENR-2026340,24bcs12340@university.edu,student.test2340@gmail.com,Student 2340,Electronics,B.Tech,2024,Inactive
24bcs12341,ENR-2026341,24bcs12341@university.edu,student.test2341@gmail.com,Student 2341,Civil,B.Tech,2024,Active
24bcs12342,ENR-2026342,24bcs12342@university.edu,student.test2342@gmail.com,Student 2342,Mechanical,B.Tech,2024,Active
24bcs12343,ENR-2026343,24bcs12343@university.edu,student.test2343@gmail.com,Student 2343,Computer Science,B.Tech,2024,Active
24bcs12344,ENR-2026344,24bcs12344@university.edu,student.test2344@gmail.com,Student 2344,Mechanical,B.Tech,2024,Active
24bcs12345,ENR-2026345,24bcs12345@university.edu,student.test2345@gmail.com,Student 2345,Computer Science,B.Tech,2024,Active
24bcs12346,ENR-2026346,24bcs12346@university.edu,student.test2346@gmail.com,Student 2346,Electronics,B.Tech,2024,Active
24bcs12347,ENR-2026347,24bcs12347@university.edu,student.test2347@gmail.com,Student 2347,Civil,B.Tech,2024,Inactive
24bcs12348,ENR-2026348,24bcs12348@university.edu,student.test2348@gmail.com,Student 2348,Civil,B.Tech,2024,Active
24bcs12349,ENR-2026349,24bcs12349@university.edu,student.test2349@gmail.com,Student 2349,Civil,B.Tech,2024,Active
24bcs12350,ENR-2026350,24bcs12350@university.edu,,Student 2350,Civil,B.Tech,2024,Active
24bcs12351,ENR-2026351,24bcs12351@university.edu,student.test2351@gmail.com,Student 2351,Mechanical,B.Tech,2024,Inactive
24bcs12352,ENR-2026352,24bcs12352@university.edu,student.test2352@gmail.com,Student 2352,Mechanical,B.Tech,2024,Active
24bcs12353,ENR-2026353,24bcs12353@university.edu,student.test2353@gmail.com,Student 2353,Computer Science,B.Tech,2024,Active
24bcs12354,ENR-2026354,24bcs12354@university.edu,student.test2354@gmail.com,Student 2354,Mechanical,B.Tech,2024,Active
24bcs12355,ENR-2026355,24bcs12355@university.edu,student.test2355@gmail.com,Student 2355,Computer Science,B.Tech,2024,Inactive
24bcs12356,ENR-2026356,24bcs12356@university.edu,student.test2356@gmail.com,Student 2356,Electronics,B.Tech,2024,Inactive
24bcs12357,ENR-2026357,24bcs12357@university.edu,student.test2357@gmail.com,Student 2357,Civil,B.Tech,2024,Active
24bcs12358,ENR-2026358,24bcs12358@university.edu,student.test2358@gmail.com,Student 2358,Computer Science,B.Tech,2024,Active
24bcs12359,ENR-2026359,24bcs12359@university.edu,,Student 2359,Mechanical,B.Tech,2024,Active
24bcs12360,ENR-2026360,24bcs12360@university.edu,student.test2360@gmail.com,Student 2360,Electronics,B.Tech,2024,Active
24bcs12361,ENR-2026361,24bcs12361@university.edu,student.test2361@gmail.com,Student 2361,Mechanical,B.Tech,2024,Active
24bcs12362,ENR-2026362,24bcs12362@university.edu,student.test2362@gmail.com,Student 2362,Civil,B.Tech,2024,Inactive
24bcs12363,ENR-2026363,24bcs12363@university.edu,,Student 2363,Mechanical,B.Tech,2024,Active
24bcs12364,ENR-2026364,24bcs12364@university.edu,student.test2364@gmail.com,Student 2364,Computer Science,B.Tech,2024,Active
24bcs12365,ENR-2026365,24bcs12365@university.edu,student.test2365@gmail.com,Student 2365,Computer Science,B.Tech,2024,Active
24bcs12366,ENR-2026366,24bcs12366@university.edu,student.test2366@gmail.com,Student 2366,Civil,B.Tech,2024,Active
24bcs12367,ENR-2026367,24bcs12367@university.edu,student.test2367@gmail.com,Student 2367,Mechanical,B.Tech,2024,Active
24bcs12368,ENR-2026368,24bcs12368@university.edu,student.test2368@gmail.com,Student 2368,Civil,B.Tech,2024,Inactive
24bcs12369,ENR-2026369,24bcs12369@university.edu,student.test2369@gmail.com,Student 2369,Electronics,B.Tech,2024,Active
24bcs12370,ENR-2026370,24bcs12370@university.edu,student.test2370@gmail.com,Student 2370,Mechanical,B.Tech,2024,Active
24bcs12371,ENR-2026371,24bcs12371@university.edu,student.test2371@gmail.com,Student 2371,Civil,B.Tech,2024,Active
24bcs12372,ENR-2026372,24bcs12372@university.edu,student.test2372@gmail.com,Student 2372,Computer Science,B.Tech,2024,Active
24bcs12373,ENR-2026373,24bcs12373@university.edu,student.test2373@gmail.com,Student 2373,Computer Science,B.Tech,2024,Active
24bcs12374,ENR-2026374,24bcs12374@university.edu,student.test2374@gmail.com,Student 2374,Civil,B.Tech,2024,Active
24bcs12375,ENR-2026375,24bcs12375@university.edu,student.test2375@gmail.com,Student 2375,Civil,B.Tech,2024,Active
24bcs12376,ENR-2026376,24bcs12376@university.edu,,Student 2376,Civil,B.Tech,2024,Inactive
24bcs12377,ENR-2026377,24bcs12377@university.edu,student.test2377@gmail.com,Student 2377,Civil,B.Tech,2024,Active
24bcs12378,ENR-2026378,24bcs12378@university.edu,student.test2378@gmail.com,Student 2378,Electronics,B.Tech,2024,Active
24bcs12379,ENR-2026379,24bcs12379@university.edu,student.test2379@gmail.com,Student 2379,Civil,B.Tech,2024,Inactive
24bcs12380,ENR-2026380,24bcs12380@university.edu,student.test2380@gmail.com,Student 2380,Computer Science,B.Tech,2024,Active
24bcs12381,ENR-2026381,24bcs12381@university.edu,student.test2381@gmail.com,Student 2381,Electronics,B.Tech,2024,Inactive
24bcs12382,ENR-2026382,24bcs12382@university.edu,student.test2382@gmail.com,Student 2382,Electronics,B.Tech,2024,Active
24bcs12383,ENR-2026383,24bcs12383@university.edu,student.test2383@gmail.com,Student 2383,Computer Science,B.Tech,2024,Active
24bcs12384,ENR-2026384,24bcs12384@university.edu,student.test2384@gmail.com,Student 2384,Civil,B.Tech,2024,Active
24bcs12385,ENR-2026385,24bcs12385@university.edu,student.test2385@gmail.com,Student 2385,Computer Science,B.Tech,2024,Inactive
24bcs12386,ENR-2026386,24bcs12386@university.edu,student.test2386@gmail.com,Student 2386,Computer Science,B.Tech,2024,Inactive
24bcs12387,ENR-2026387,24bcs12387@university.edu,student.test2387@gmail.com,Student 2387,Electronics,B.Tech,2024,Active
24bcs12388,ENR-2026388,24bcs12388@university.edu,student.test2388@gmail.com,Student 2388,Computer Science,B.Tech,2024,Active
24bcs12389,ENR-2026389,24bcs12389@university.edu,student.test2389@gmail.com,Student 2389,Mechanical,B.Tech,2024,Inactive
24bcs12390,ENR-2026390,24bcs12390@university.edu,student.test2390@gmail.com,Student 2390,Computer Science,B.Tech,2024,Active
24bcs12391,ENR-2026391,24bcs12391@university.edu,student.test2391@gmail.com,Student 2391,Electronics,B.Tech,2024,Active
24bcs12392,ENR-2026392,24bcs12392@university.edu,student.test2392@gmail.com,Student 2392,Mechanical,B.Tech,2024,Active
24bcs12393,ENR-2026393,24bcs12393@university.edu,student.test2393@gmail.com,Student 2393,Mechanical,B.Tech,2024,Active
24bcs12394,ENR-2026394,24bcs12394@university.edu,student.test2394@gmail.com,Student 2394,Computer Science,B.Tech,2024,Active
24bcs12395,ENR-2026395,24bcs12395@university.edu,student.test2395@gmail.com,Student 2395,Civil,B.Tech,2024,Active
24bcs12396,ENR-2026396,24bcs12396@university.edu,student.test2396@gmail.com,Student 2396,Mechanical,B.Tech,2024,Active
24bcs12397,ENR-2026397,24bcs12397@university.edu,student.test2397@gmail.com,Student 2397,Mechanical,B.Tech,2024,Active
24bcs12398,ENR-2026398,24bcs12398@university.edu,student.test2398@gmail.com,Student 2398,Electronics,B.Tech,2024,Active
24bcs12399,ENR-2026399,24bcs12399@university.edu,student.test2399@gmail.com,Student 2399,Electronics,B.Tech,2024,Inactive
24bcs12400,ENR-2026400,24bcs12400@university.edu,student.test2400@gmail.com,Student 2400,Computer Science,B.Tech,2024,Active
24bcs12401,ENR-2026401,24bcs12401@university.edu,student.test2401@gmail.com,Student 2401,Computer Science,B.Tech,2024,Inactive
24bcs12402,ENR-2026402,24bcs12402@university.edu,student.test2402@gmail.com,Student 2402,Computer Science,B.Tech,2024,Inactive
24bcs12403,ENR-2026403,24bcs12403@university.edu,student.test2403@gmail.com,Student 2403,Electronics,B.Tech,2024,Inactive
24bcs12404,ENR-2026404,24bcs12404@university.edu,student.test2404@gmail.com,Student 2404,Mechanical,B.Tech,2024,Inactive
24bcs12405,ENR-2026405,24bcs12405@university.edu,student.test2405@gmail.com,Student 2405,Civil,B.Tech,2024,Active
24bcs12406,ENR-2026406,24bcs12406@university.edu,student.test2406@gmail.com,Student 2406,Civil,B.Tech,2024,Active
24bcs12407,ENR-2026407,24bcs12407@university.edu,student.test2407@gmail.com,Student 2407,Computer Science,B.Tech,2024,Inactive
24bcs12408,ENR-2026408,24bcs12408@university.edu,student.test2408@gmail.com,Student 2408,Civil,B.Tech,2024,Active
24bcs12409,ENR-2026409,24bcs12409@university.edu,student.test2409@gmail.com,Student 2409,Mechanical,B.Tech,2024,Active
24bcs12410,ENR-2026410,24bcs12410@university.edu,student.test2410@gmail.com,Student 2410,Electronics,B.Tech,2024,Active
24bcs12411,ENR-2026411,24bcs12411@university.edu,student.test2411@gmail.com,Student 2411,Civil,B.Tech,2024,Inactive
24bcs12412,ENR-2026412,24bcs12412@university.edu,student.test2412@gmail.com,Student 2412,Civil,B.Tech,2024,Active
24bcs12413,ENR-2026413,24bcs12413@university.edu,student.test2413@gmail.com,Student 2413,Civil,B.Tech,2024,Inactive
24bcs12414,ENR-2026414,24bcs12414@university.edu,student.test2414@gmail.com,Student 2414,Mechanical,B.Tech,2024,Inactive
24bcs12415,ENR-2026415,24bcs12415@university.edu,student.test2415@gmail.com,Student 2415,Mechanical,B.Tech,2024,Active
24bcs12416,ENR-2026416,24bcs12416@university.edu,student.test2416@gmail.com,Student 2416,Civil,B.Tech,2024,Active
24bcs12417,ENR-2026417,24bcs12417@university.edu,student.test2417@gmail.com,Student 2417,Mechanical,B.Tech,2024,Active
24bcs12418,ENR-2026418,24bcs12418@university.edu,student.test2418@gmail.com,Student 2418,Civil,B.Tech,2024,Active
24bcs12419,ENR-2026419,24bcs12419@university.edu,student.test2419@gmail.com,Student 2419,Computer Science,B.Tech,2024,Inactive
24bcs12420,ENR-2026420,24bcs12420@university.edu,student.test2420@gmail.com,Student 2420,Civil,B.Tech,2024,Active
24bcs12421,ENR-2026421,24bcs12421@university.edu,student.test2421@gmail.com,Student 2421,Computer Science,B.Tech,2024,Active
24bcs12422,ENR-2026422,24bcs12422@university.edu,student.test2422@gmail.com,Student 2422,Mechanical,B.Tech,2024,Active
24bcs12423,ENR-2026423,24bcs12423@university.edu,student.test2423@gmail.com,Student 2423,Computer Science,B.Tech,2024,Inactive
24bcs12424,ENR-2026424,24bcs12424@university.edu,student.test2424@gmail.com,Student 2424,Computer Science,B.Tech,2024,Inactive
24bcs12425,ENR-2026425,24bcs12425@university.edu,student.test2425@gmail.com,Student 2425,Computer Science,B.Tech,2024,Inactive
24bcs12426,ENR-2026426,24bcs12426@university.edu,student.test2426@gmail.com,Student 2426,Electronics,B.Tech,2024,Active
24bcs12427,ENR-2026427,24bcs12427@university.edu,student.test2427@gmail.com,Student 2427,Computer Science,B.Tech,2024,Inactive
24bcs12428,ENR-2026428,24bcs12428@university.edu,student.test2428@gmail.com,Student 2428,Electronics,B.Tech,2024,Active
24bcs12429,ENR-2026429,24bcs12429@university.edu,,Student 2429,Electronics,B.Tech,2024,Active
24bcs12430,ENR-2026430,24bcs12430@university.edu,student.test2430@gmail.com,Student 2430,Electronics,B.Tech,2024,Active
24bcs12431,ENR-2026431,24bcs12431@university.edu,student.test2431@gmail.com,Student 2431,Computer Science,B.Tech,2024,Active
24bcs12432,ENR-2026432,24bcs12432@university.edu,student.test2432@gmail.com,Student 2432,Civil,B.Tech,2024,Active
24bcs12433,ENR-2026433,24bcs12433@university.edu,student.test2433@gmail.com,Student 2433,Computer Science,B.Tech,2024,Inactive
24bcs12434,ENR-2026434,24bcs12434@university.edu,student.test2434@gmail.com,Student 2434,Mechanical,B.Tech,2024,Active
24bcs12435,ENR-2026435,24bcs12435@university.edu,student.test2435@gmail.com,Student 2435,Civil,B.Tech,2024,Active
24bcs12436,ENR-2026436,24bcs12436@university.edu,student.test2436@gmail.com,Student 2436,Civil,B.Tech,2024,Inactive
24bcs12437,ENR-2026437,24bcs12437@university.edu,student.test2437@gmail.com,Student 2437,Computer Science,B.Tech,2024,Active
24bcs12438,ENR-2026438,24bcs12438@university.edu,student.test2438@gmail.com,Student 2438,Electronics,B.Tech,2024,Active
24bcs12439,ENR-2026439,24bcs12439@university.edu,student.test2439@gmail.com,Student 2439,Electronics,B.Tech,2024,Active
24bcs12440,ENR-2026440,24bcs12440@university.edu,student.test2440@gmail.com,Student 2440,Computer Science,B.Tech,2024,Inactive
24bcs12441,ENR-2026441,24bcs12441@university.edu,student.test2441@gmail.com,Student 2441,Mechanical,B.Tech,2024,Active
24bcs12442,ENR-2026442,24bcs12442@university.edu,,Student 2442,Computer Science,B.Tech,2024,Active
24bcs12443,ENR-2026443,24bcs12443@university.edu,student.test2443@gmail.com,Student 2443,Electronics,B.Tech,2024,Active
24bcs12444,ENR-2026444,24bcs12444@university.edu,student.test2444@gmail.com,Student 2444,Electronics,B.Tech,2024,Active
24bcs12445,ENR-2026445,24bcs12445@university.edu,student.test2445@gmail.com,Student 2445,Electronics,B.Tech,2024,Active
24bcs12446,ENR-2026446,24bcs12446@university.edu,,Student 2446,Computer Science,B.Tech,2024,Active
24bcs12447,ENR-2026447,24bcs12447@university.edu,student.test2447@gmail.com,Student 2447,Electronics,B.Tech,2024,Active
24bcs12448,ENR-2026448,24bcs12448@university.edu,student.test2448@gmail.com,Student 2448,Mechanical,B.Tech,2024,Inactive
24bcs12449,ENR-2026449,24bcs12449@university.edu,student.test2449@gmail.com,Student 2449,Civil,B.Tech,2024,Active
24bcs12450,ENR-2026450,24bcs12450@university.edu,student.test2450@gmail.com,Student 2450,Computer Science,B.Tech,2024,Active
24bcs12451,ENR-2026451,24bcs12451@university.edu,student.test2451@gmail.com,Student 2451,Civil,B.Tech,2024,Inactive
24bcs12452,ENR-2026452,24bcs12452@university.edu,student.test2452@gmail.com,Student 2452,Electronics,B.Tech,2024,Active
24bcs12453,ENR-2026453,24bcs12453@university.edu,student.test2453@gmail.com,Student 2453,Civil,B.Tech,2024,Inactive
24bcs12454,ENR-2026454,24bcs12454@university.edu,student.test2454@gmail.com,Student 2454,Computer Science,B.Tech,2024,Active
24bcs12455,ENR-2026455,24bcs12455@university.edu,student.test2455@gmail.com,Student 2455,Electronics,B.Tech,2024,Active
24bcs12456,ENR-2026456,24bcs12456@university.edu,student.test2456@gmail.com,Student 2456,Electronics,B.Tech,2024,Active
24bcs12457,ENR-2026457,24bcs12457@university.edu,student.test2457@gmail.com,Student 2457,Civil,B.Tech,2024,Active
24bcs12458,ENR-2026458,24bcs12458@university.edu,student.test2458@gmail.com,Student 2458,Civil,B.Tech,2024,Active
24bcs12459,ENR-2026459,24bcs12459@university.edu,student.test2459@gmail.com,Student 2459,Electronics,B.Tech,2024,Active
24bcs12460,ENR-2026460,24bcs12460@university.edu,student.test2460@gmail.com,Student 2460,Mechanical,B.Tech,2024,Active
24bcs12461,ENR-2026461,24bcs12461@university.edu,student.test2461@gmail.com,Student 2461,Mechanical,B.Tech,2024,Inactive
24bcs12462,ENR-2026462,24bcs12462@university.edu,student.test2462@gmail.com,Student 2462,Civil,B.Tech,2024,Active
24bcs12463,ENR-2026463,24bcs12463@university.edu,student.test2463@gmail.com,Student 2463,Electronics,B.Tech,2024,Active
24bcs12464,ENR-2026464,24bcs12464@university.edu,student.test2464@gmail.com,Student 2464,Electronics,B.Tech,2024,Active
24bcs12465,ENR-2026465,24bcs12465@university.edu,student.test2465@gmail.com,Student 2465,Electronics,B.Tech,2024,Active
24bcs12466,ENR-2026466,24bcs12466@university.edu,student.test2466@gmail.com,Student 2466,Electronics,B.Tech,2024,Active
24bcs12467,ENR-2026467,24bcs12467@university.edu,student.test2467@gmail.com,Student 2467,Civil,B.Tech,2024,Inactive
24bcs12468,ENR-2026468,24bcs12468@university.edu,student.test2468@gmail.com,Student 2468,Civil,B.Tech,2024,Active
24bcs12469,ENR-2026469,24bcs12469@university.edu,student.test2469@gmail.com,Student 2469,Civil,B.Tech,2024,Active
24bcs12470,ENR-2026470,24bcs12470@university.edu,student.test2470@gmail.com,Student 2470,Mechanical,B.Tech,2024,Active
24bcs12471,ENR-2026471,24bcs12471@university.edu,student.test2471@gmail.com,Student 2471,Electronics,B.Tech,2024,Active
24bcs12472,ENR-2026472,24bcs12472@university.edu,student.test2472@gmail.com,Student 2472,Computer Science,B.Tech,2024,Inactive
24bcs12473,ENR-2026473,24bcs12473@university.edu,student.test2473@gmail.com,Student 2473,Civil,B.Tech,2024,Inactive
24bcs12474,ENR-2026474,24bcs12474@university.edu,student.test2474@gmail.com,Student 2474,Computer Science,B.Tech,2024,Active
24bcs12475,ENR-2026475,24bcs12475@university.edu,student.test2475@gmail.com,Student 2475,Computer Science,B.Tech,2024,Inactive
24bcs12476,ENR-2026476,24bcs12476@university.edu,student.test2476@gmail.com,Student 2476,Mechanical,B.Tech,2024,Active
24bcs12477,ENR-2026477,24bcs12477@university.edu,student.test2477@gmail.com,Student 2477,Mechanical,B.Tech,2024,Active
24bcs12478,ENR-2026478,24bcs12478@university.edu,student.test2478@gmail.com,Student 2478,Mechanical,B.Tech,2024,Inactive
24bcs12479,ENR-2026479,24bcs12479@university.edu,,Student 2479,Mechanical,B.Tech,2024,Active
24bcs12480,ENR-2026480,24bcs12480@university.edu,student.test2480@gmail.com,Student 2480,Mechanical,B.Tech,2024,Active
24bcs12481,ENR-2026481,24bcs12481@university.edu,,Student 2481,Civil,B.Tech,2024,Active
24bcs12482,ENR-2026482,24bcs12482@university.edu,student.test2482@gmail.com,Student 2482,Computer Science,B.Tech,2024,Inactive
24bcs12483,ENR-2026483,24bcs12483@university.edu,,Student 2483,Electronics,B.Tech,2024,Active
24bcs12484,ENR-2026484,24bcs12484@university.edu,student.test2484@gmail.com,Student 2484,Civil,B.Tech,2024,Active
24bcs12485,ENR-2026485,24bcs12485@university.edu,student.test2485@gmail.com,Student 2485,Mechanical,B.Tech,2024,Active
24bcs12486,ENR-2026486,24bcs12486@university.edu,student.test2486@gmail.com,Student 2486,Mechanical,B.Tech,2024,Active
24bcs12487,ENR-2026487,24bcs12487@university.edu,student.test2487@gmail.com,Student 2487,Civil,B.Tech,2024,Active
24bcs12488,ENR-2026488,24bcs12488@university.edu,student.test2488@gmail.com,Student 2488,Civil,B.Tech,2024,Inactive
24bcs12489,ENR-2026489,24bcs12489@university.edu,student.test2489@gmail.com,Student 2489,Electronics,B.Tech,2024,Inactive
24bcs12490,ENR-2026490,24bcs12490@university.edu,student.test2490@gmail.com,Student 2490,Computer Science,B.Tech,2024,Active
24bcs12491,ENR-2026491,24bcs12491@university.edu,student.test2491@gmail.com,Student 2491,Mechanical,B.Tech,2024,Active
24bcs12492,ENR-2026492,24bcs12492@university.edu,student.test2492@gmail.com,Student 2492,Civil,B.Tech,2024,Active
24bcs12493,ENR-2026493,24bcs12493@university.edu,student.test2493@gmail.com,Student 2493,Electronics,B.Tech,2024,Active
24bcs12494,ENR-2026494,24bcs12494@university.edu,student.test2494@gmail.com,Student 2494,Mechanical,B.Tech,2024,Inactive
24bcs12495,ENR-2026495,24bcs12495@university.edu,student.test2495@gmail.com,Student 2495,Computer Science,B.Tech,2024,Active
24bcs12496,ENR-2026496,24bcs12496@university.edu,student.test2496@gmail.com,Student 2496,Computer Science,B.Tech,2024,Active
24bcs12497,ENR-2026497,24bcs12497@university.edu,student.test2497@gmail.com,Student 2497,Mechanical,B.Tech,2024,Active
24bcs12498,ENR-2026498,24bcs12498@university.edu,student.test2498@gmail.com,Student 2498,Mechanical,B.Tech,2024,Active
24bcs12499,ENR-2026499,24bcs12499@university.edu,student.test2499@gmail.com,Student 2499,Civil,B.Tech,2024,Active
24bcs12500,ENR-2026500,24bcs12500@university.edu,student.test2500@gmail.com,Student 2500,Mechanical,B.Tech,2024,Active
24bcs10011,ENR-2024011,24bcs10011@university.edu,student.test11@gmail.com,Student 11,Computer Science,B.Tech,2024,Active
24bcs10051,ENR-2024051,24bcs10051@university.edu,student.test51@gmail.com,Student 51,Mechanical,B.Tech,2024,Inactive
