student_id,clearance_month,resolution_timestamp,state,notes
24bcs12451,September,2026-09-04 15:09:28,Cleared,Cleared by admin
24bcs12079,September,2026-08-09 10:14:03,Cleared,Cleared by admin
24bcs10792,September,2026-09-07 03:24:45,Cleared,Cleared by admin
24bcs11302,September,2026-09-10 08:57:48,Cleared,Cleared by admin
24bcs10853,August,2026-08-30 14:53:28,Cleared,Cleared by admin
24bcs10134,August,2026-09-06 06:37:05,Cleared,Cleared by admin
24bcs12330,September,2026-09-17 16:39:18,Cleared,Cleared by admin
24bcs11891,September,2026-08-11 10:04:39,Cleared,Cleared by admin
24bcs11059,September,2026-08-26 05:22:20,Cleared,Cleared by admin
24bcs10718,August,2026-09-05 23:54:39,Cleared,Cleared by admin
24bcs10561,August,2026-09-11 16:55:00,Cleared,Batch processed
24bcs11782,September,2026-09-11 16:55:00,Cleared,Batch processed
24bcs12044,September,2026-09-13 23:16:23,Cleared,Cleared by admin
24bcs11606,September,2026-09-11 16:55:00,Cleared,Batch processed
24bcs10486,September,2026-09-14 05:44:40,Cleared,Cleared by admin
24bcs10632,September,2026-08-10 03:39:46,Cleared,Cleared by admin
24bcs10418,September,2026-08-28 22:23:34,Cleared,Cleared by admin
24bcs10966,August,2026-08-30 16:28:33,Cleared,Cleared by admin
24bcs10575,September,2026-08-12 15:27:59,Cleared,Cleared by admin
24bcs10094,August,2026-09-04 20:04:39,Cleared,Cleared by admin
24bcs11989,September,2026-09-11 16:55:00,Cleared,Batch processed
24bcs10827,August,2026-08-29 23:17:13,Cleared,Cleared by admin
24bcs11636,August,2026-09-11 16:55:00,Cleared,Batch processed
24bcs10267,August,2026-09-17 21:36:39,Cleared,Cleared by admin
24bcs10086,September,2026-08-07 07:35:20,Cleared,Cleared by admin
24bcs12226,September,2026-09-02 17:11:23,Cleared,Cleared by admin
24bcs11208,August,2026-09-11 16:55:00,Cleared,Batch processed
24bcs10471,August,2026-08-31 13:20:03,Cleared,Cleared by admin
24bcs12237,August,2026-08-30 12:27:56,Cleared,Cleared by admin
24bcs11089,September,2026-08-17 08:20:23,Cleared,Cleared by admin
24bcs10191,September,2026-08-04 14:08:20,Cleared,Cleared by admin
24bcs10472,August,2026-08-28 12:46:29,Cleared,Cleared by admin
24bcs11215,September,2026-08-05 17:53:40,Cleared,Cleared by admin
24bcs12308,September,2026-09-12 16:48:25,Cleared,Cleared by admin
24bcs12446,September,2026-09-17 00:14:42,Cleared,Cleared by admin
24bcs11387,August,2026-09-11 17:09:37,Cleared,Cleared by admin
24bcs12372,September,2026-09-15 15:53:01,Cleared,Cleared by admin
24bcs10498,August,2026-08-17 16:29:50,Cleared,Cleared by admin
24bcs12414,August,2026-08-27 02:28:25,Cleared,Cleared by admin
24bcs11465,August,2026-08-19 02:17:37,Cleared,Cleared by admin
24bcs11002,August,2026-08-16 21:34:34,Cleared,Cleared by admin
24bcs10926,September,2026-08-21 13:05:30,Cleared,Cleared by admin
24bcs10367,August,2026-09-11 16:55:00,Cleared,Batch processed
24bcs11939,August,2026-09-04 12:57:16,Cleared,Cleared by admin
24bcs11254,September,2026-08-17 00:55:27,Cleared,Cleared by admin
24bcs10787,September,2026-09-21 16:59:24,Cleared,Cleared by admin
24bcs11361,August,2026-08-31 16:13:49,Cleared,Cleared by admin
24bcs11749,August,2026-08-19 16:11:36,Cleared,Cleared by admin
24bcs11488,September,2026-08-14 19:45:08,Cleared,Cleared by admin
24bcs10337,September,2026-08-28 02:08:56,Cleared,Cleared by admin
24bcs11845,September,2026-09-12 12:58:34,Cleared,Cleared by admin
24bcs10633,August,2026-08-04 23:04:45,Cleared,Cleared by admin
24bcs10269,September,2026-09-22 09:27:11,Cleared,Cleared by admin
24bcs11590,September,2026-09-09 15:28:19,Cleared,Cleared by admin
24bcs11321,August,2026-08-05 02:32:37,Cleared,Cleared by admin
24bcs10360,September,2026-09-06 12:24:38,Cleared,Cleared by admin
24bcs11412,August,2026-09-11 16:55:00,Cleared,Batch processed
24bcs11118,August,2026-09-11 16:55:00,Cleared,Batch processed
24bcs10929,August,2026-09-11 16:55:00,Cleared,Batch processed
24bcs10156,August,2026-08-14 19:05:46,Cleared,Cleared by admin
24bcs10728,September,2026-08-15 22:15:09,Cleared,Cleared by admin
24bcs12140,August,2026-08-26 13:58:27,Cleared,Cleared by admin
24bcs10944,August,2026-08-31 11:10:56,Cleared,Cleared by admin
24bcs12149,August,2026-08-06 20:21:38,Cleared,Cleared by admin
24bcs11685,August,2026-08-18 21:55:25,Cleared,Cleared by admin
24bcs12086,September,2026-08-12 21:39:28,Cleared,Cleared by admin
24bcs12120,September,2026-09-07 11:29:55,Cleared,Cleared by admin
24bcs11507,September,2026-09-01 07:35:36,Cleared,Cleared by admin
24bcs12069,September,2026-08-07 14:46:37,Cleared,Cleared by admin
24bcs10723,August,2026-08-24 14:31:46,Cleared,Cleared by admin
24bcs11209,September,2026-08-02 19:59:43,Cleared,Cleared by admin
24bcs12112,August,2026-09-13 17:52:00,Cleared,Cleared by admin
24bcs12462,August,2026-09-11 16:55:00,Cleared,Batch processed
24bcs10854,August,2026-09-12 05:13:08,Cleared,Cleared by admin
24bcs10264,August,2026-09-11 16:55:00,Cleared,Batch processed
24bcs11073,September,2026-08-27 12:01:34,Cleared,Cleared by admin
24bcs12404,August,2026-09-03 12:05:50,Cleared,Cleared by admin
24bcs12220,September,2026-08-17 02:58:46,Cleared,Cleared by admin
24bcs10211,September,2026-09-07 03:23:40,Cleared,Cleared by admin
24bcs11113,August,2026-09-07 16:14:37,Cleared,Cleared by admin
24bcs11823,September,2026-08-10 11:38:43,Cleared,Cleared by admin
24bcs12214,September,2026-08-17 14:12:00,Cleared,Cleared by admin
24bcs10656,September,2026-09-11 16:55:00,Cleared,Batch processed
24bcs10385,August,2026-09-11 16:55:00,Cleared,Batch processed
24bcs11836,September,2026-09-01 04:50:54,Cleared,Cleared by admin
24bcs10390,August,2026-08-09 13:23:29,Cleared,Cleared by admin
24bcs12080,August,2026-09-02 06:15:22,Cleared,Cleared by admin
24bcs12254,September,2026-08-19 03:27:56,Cleared,Cleared by admin
24bcs10790,August,2026-09-02 05:31:14,Cleared,Cleared by admin
24bcs10562,August,2026-08-09 17:41:47,Cleared,Cleared by admin
24bcs11885,September,2026-08-04 10:09:39,Cleared,Cleared by admin
24bcs12072,September,2026-08-07 09:21:53,Cleared,Cleared by admin
24bcs11927,August,2026-09-15 06:26:06,Cleared,Cleared by admin
24bcs11392,September,2026-08-07 05:35:26,Cleared,Cleared by admin
24bcs10040,September,2026-09-11 16:55:00,Cleared,Batch processed
24bcs12194,August,2026-08-28 05:17:33,Cleared,Cleared by admin
24bcs11304,August,2026-08-22 03:09:50,Cleared,Cleared by admin
24bcs12178,September,2026-08-13 15:34:10,Cleared,Cleared by admin
24bcs10799,September,2026-09-11 16:55:00,Cleared,Batch processed
24bcs11761,September,2026-08-18 22:28:13,Cleared,Cleared by admin
24bcs11485,August,2026-09-01 02:07:21,Cleared,Cleared by admin
24bcs10520,September,2026-09-11 16:55:00,Cleared,Batch processed
24bcs12299,August,2026-09-02 17:23:49,Cleared,Cleared by admin
24bcs11781,September,2026-08-16 06:03:33,Cleared,Cleared by admin
24bcs12398,September,2026-08-16 22:25:26,Cleared,Cleared by admin
24bcs10218,September,2026-09-06 16:31:37,Cleared,Cleared by admin
24bcs12244,August,2026-09-11 16:55:00,Cleared,Batch processed
24bcs11751,August,2026-08-09 16:37:45,Cleared,Cleared by admin
24bcs10007,September,2026-09-11 16:55:00,Cleared,Batch processed
24bcs12269,August,2026-09-14 06:37:15,Cleared,Cleared by admin
24bcs10621,September,2026-08-10 21:01:44,Cleared,Cleared by admin
24bcs11218,August,2026-09-20 22:53:56,Cleared,Cleared by admin
24bcs11552,August,2026-08-21 10:09:46,Cleared,Cleared by admin
24bcs12493,August,2026-08-30 00:16:28,Cleared,Cleared by admin
24bcs11885,September,2026-09-06 02:43:53,Cleared,Cleared by admin
24bcs12284,August,2026-08-26 09:14:45,Cleared,Cleared by admin
24bcs10848,August,2026-09-07 23:46:54,Cleared,Cleared by admin
24bcs10384,September,2026-08-08 21:08:57,Cleared,Cleared by admin
24bcs12425,August,2026-09-11 11:02:04,Cleared,Cleared by admin
24bcs10293,August,2026-09-11 16:55:00,Cleared,Batch processed
24bcs10877,September,2026-09-11 16:55:00,Cleared,Batch processed
24bcs11234,September,2026-08-11 04:49:24,Cleared,Cleared by admin
24bcs12304,September,2026-09-11 17:16:33,Cleared,Cleared by admin
24bcs11727,August,2026-09-11 16:55:00,Cleared,Batch processed
24bcs12027,August,2026-08-30 20:47:49,Cleared,Cleared by admin
24bcs11734,August,2026-08-30 12:32:07,Cleared,Cleared by admin
24bcs12091,August,2026-08-05 18:08:48,Cleared,Cleared by admin
24bcs11331,August,2026-09-15 21:58:48,Cleared,Cleared by admin
24bcs11033,September,2026-09-14 15:10:36,Cleared,Cleared by admin
24bcs11275,August,2026-08-13 01:53:07,Cleared,Cleared by admin
24bcs10413,August,2026-09-13 01:40:34,Cleared,Cleared by admin
24bcs12242,August,2026-08-17 02:29:40,Cleared,Cleared by admin
24bcs12438,September,2026-09-05 11:16:31,Cleared,Cleared by admin
24bcs12269,September,2026-08-11 06:35:27,Cleared,Cleared by admin
24bcs11900,August,2026-09-05 09:38:35,Cleared,Cleared by admin
24bcs10970,September,2026-08-23 14:23:29,Cleared,Cleared by admin
24bcs10333,September,2026-09-11 16:55:00,Cleared,Batch processed
24bcs12001,August,2026-09-19 07:19:27,Cleared,Cleared by admin
24bcs11996,September,2026-08-07 04:04:51,Cleared,Cleared by admin
24bcs11499,September,2026-09-11 16:55:00,Cleared,Batch processed
24bcs11277,September,2026-08-12 16:26:25,Cleared,Cleared by admin
24bcs12012,September,2026-08-26 22:14:50,Cleared,Cleared by admin
24bcs12379,August,2026-09-22 09:24:35,Cleared,Cleared by admin
24bcs11973,August,2026-09-11 16:55:00,Cleared,Batch processed
24bcs11320,August,2026-09-12 06:55:35,Cleared,Cleared by admin
24bcs11968,September,2026-08-17 22:20:31,Cleared,Cleared by admin
24bcs10840,September,2026-09-06 10:11:25,Cleared,Cleared by admin
24bcs12398,September,2026-09-07 22:21:34,Cleared,Cleared by admin
24bcs11873,August,2026-09-17 03:34:09,Cleared,Cleared by admin
24bcs10367,August,2026-09-16 10:11:50,Cleared,Cleared by admin
24bcs11000,August,2026-09-14 19:51:40,Cleared,Cleared by admin
24bcs10762,September,2026-08-25 06:46:39,Cleared,Cleared by admin
24bcs12104,August,2026-09-19 12:13:40,Cleared,Cleared by admin
24bcs10199,August,2026-09-11 16:55:00,Cleared,Batch processed
24bcs10517,September,2026-08-11 10:14:21,Cleared,Cleared by admin
24bcs11777,August,2026-09-21 22:20:09,Cleared,Cleared by admin
24bcs10782,September,2026-09-20 18:18:24,Cleared,Cleared by admin
24bcs12308,August,2026-09-14 20:44:48,Cleared,Cleared by admin
24bcs12377,September,2026-08-29 14:53:31,Cleared,Cleared by admin
24bcs10362,August,2026-08-15 16:22:51,Cleared,Cleared by admin
24bcs10021,September,2026-09-11 15:17:26,Cleared,Cleared by admin
24bcs11963,September,2026-08-27 00:03:50,Cleared,Cleared by admin
24bcs11540,August,2026-08-26 17:51:32,Cleared,Cleared by admin
24bcs10920,September,2026-09-04 04:17:26,Cleared,Cleared by admin
24bcs12075,September,2026-08-22 14:28:51,Cleared,Cleared by admin
24bcs12373,September,2026-08-10 21:18:04,Cleared,Cleared by admin
24bcs10591,August,2026-08-10 23:01:25,Cleared,Cleared by admin
24bcs12393,August,2026-08-06 16:31:34,Cleared,Cleared by admin
24bcs10818,September,2026-09-10 13:16:45,Cleared,Cleared by admin
24bcs11396,August,2026-08-11 00:08:25,Cleared,Cleared by admin
24bcs12035,September,2026-09-15 02:47:12,Cleared,Cleared by admin
24bcs11148,September,2026-09-08 22:22:06,Cleared,Cleared by admin
24bcs11722,August,2026-09-11 16:55:00,Cleared,Batch processed
24bcs10350,September,2026-09-02 08:20:58,Cleared,Cleared by admin
24bcs10897,September,2026-08-06 00:47:45,Cleared,Cleared by admin
24bcs10689,August,2026-09-11 16:55:00,Cleared,Batch processed
24bcs10675,August,2026-09-11 16:55:00,Cleared,Batch processed
24bcs10384,August,2026-09-15 00:02:39,Cleared,Cleared by admin
24bcs12152,September,2026-09-11 16:55:00,Cleared,Batch processed
24bcs11076,September,2026-08-22 15:44:38,Cleared,Cleared by admin
24bcs11968,August,2026-08-12 01:06:27,Cleared,Cleared by admin
24bcs11766,September,2026-08-28 07:49:51,Cleared,Cleared by admin
24bcs12292,August,2026-08-22 07:25:49,Cleared,Cleared by admin
24bcs10297,September,2026-08-28 05:25:57,Cleared,Cleared by admin
24bcs10083,August,2026-08-14 18:20:33,Cleared,Cleared by admin
24bcs11028,August,2026-09-16 18:31:57,Cleared,Cleared by admin
24bcs11647,September,2026-09-11 16:55:00,Cleared,Batch processed
24bcs11303,August,2026-08-30 12:33:03,Cleared,Cleared by admin
24bcs10248,September,2026-09-11 16:55:00,Cleared,Batch processed
24bcs12340,September,2026-08-26 00:18:14,Cleared,Cleared by admin
24bcs11208,August,2026-08-15 06:45:43,Cleared,Cleared by admin
24bcs12123,September,2026-09-22 06:55:14,Cleared,Cleared by admin
24bcs11622,September,2026-08-18 01:23:50,Cleared,Cleared by admin
24bcs10269,August,2026-08-15 04:27:26,Cleared,Cleared by admin
24bcs12135,September,2026-08-07 01:11:37,Cleared,Cleared by admin
24bcs10805,August,2026-09-21 07:05:08,Cleared,Cleared by admin
24bcs10529,September,2026-09-18 15:02:21,Cleared,Cleared by admin
24bcs10837,September,2026-09-17 16:35:54,Cleared,Cleared by admin
24bcs10145,September,2026-09-01 20:20:22,Cleared,Cleared by admin
24bcs11298,August,2026-08-22 05:46:54,Cleared,Cleared by admin
24bcs12235,September,2026-08-30 09:44:40,Cleared,Cleared by admin
24bcs11666,August,2026-09-01 23:07:30,Cleared,Cleared by admin
24bcs10551,August,2026-08-06 14:52:35,Cleared,Cleared by admin
24bcs10710,September,2026-08-17 06:46:21,Cleared,Cleared by admin
24bcs11925,September,2026-08-07 07:28:08,Cleared,Cleared by admin
24bcs10404,August,2026-08-09 15:26:19,Cleared,Cleared by admin
24bcs11202,September,2026-09-11 16:55:00,Cleared,Batch processed
24bcs12272,August,2026-08-30 20:13:03,Cleared,Cleared by admin
24bcs12081,September,2026-08-09 14:09:56,Cleared,Cleared by admin
24bcs11279,September,2026-09-11 16:55:00,Cleared,Batch processed
24bcs10326,September,2026-09-12 07:13:39,Cleared,Cleared by admin
24bcs10385,September,2026-08-25 04:26:02,Cleared,Cleared by admin
24bcs12409,September,2026-09-11 16:55:00,Cleared,Batch processed
24bcs10306,September,2026-09-19 14:46:12,Cleared,Cleared by admin
24bcs10726,August,2026-09-18 20:02:18,Cleared,Cleared by admin
24bcs10216,August,2026-09-02 11:00:50,Cleared,Cleared by admin
24bcs11314,August,2026-08-15 21:10:47,Cleared,Cleared by admin
24bcs10051,August,2026-08-26 05:39:53,Cleared,Cleared by admin
24bcs11379,September,2026-09-18 22:25:29,Cleared,Cleared by admin
24bcs10231,August,2026-09-08 07:32:07,Cleared,Cleared by admin
24bcs11775,September,2026-09-19 03:40:44,Cleared,Cleared by admin
24bcs10129,August,2026-09-08 18:27:33,Cleared,Cleared by admin
24bcs11540,September,2026-09-04 13:58:02,Cleared,Cleared by admin
24bcs11363,August,2026-09-15 02:50:11,Cleared,Cleared by admin
24bcs10557,August,2026-08-08 14:42:21,Cleared,Cleared by admin
24bcs11420,August,2026-09-07 05:52:55,Cleared,Cleared by admin
24bcs11976,August,2026-08-10 13:06:04,Cleared,Cleared by admin
24bcs12381,August,2026-09-11 16:55:00,Cleared,Batch processed
24bcs12135,August,2026-09-08 02:00:33,Cleared,Cleared by admin
24bcs12094,August,2026-09-18 18:24:16,Cleared,Cleared by admin
24bcs10969,August,2026-08-11 00:01:59,Cleared,Cleared by admin
24bcs11522,September,2026-08-06 07:25:53,Cleared,Cleared by admin
24bcs12186,August,2026-09-10 21:30:27,Cleared,Cleared by admin
24bcs11411,September,2026-09-11 16:55:00,Cleared,Batch processed
24bcs11346,September,2026-08-15 05:19:43,Cleared,Cleared by admin
24bcs10202,September,2026-09-18 10:09:06,Cleared,Cleared by admin
24bcs12078,August,2026-08-09 12:28:36,Cleared,Cleared by admin
24bcs12239,August,2026-09-11 16:55:00,Cleared,Batch processed
24bcs10444,September,2026-08-17 05:50:21,Cleared,Cleared by admin
24bcs10426,August,2026-09-11 16:55:00,Cleared,Batch processed
24bcs10160,August,2026-08-20 12:59:05,Cleared,Cleared by admin
24bcs11900,September,2026-09-05 08:02:21,Cleared,Cleared by admin
24bcs10605,September,2026-09-19 01:14:34,Cleared,Cleared by admin
24bcs12063,August,2026-09-02 20:19:32,Cleared,Cleared by admin
24bcs11631,August,2026-09-17 17:41:54,Cleared,Cleared by admin
24bcs11568,September,2026-08-04 15:36:11,Cleared,Cleared by admin
24bcs10330,September,2026-08-25 00:20:14,Cleared,Cleared by admin
24bcs11424,September,2026-09-11 16:55:00,Cleared,Batch processed
24bcs10454,August,2026-09-05 11:41:46,Cleared,Cleared by admin
24bcs10488,September,2026-08-17 22:13:10,Cleared,Cleared by admin
24bcs10393,August,2026-08-15 05:29:53,Cleared,Cleared by admin
24bcs10597,August,2026-09-11 16:55:00,Cleared,Batch processed
24bcs11480,August,2026-09-11 16:55:00,Cleared,Batch processed
24bcs11257,August,2026-08-18 00:12:16,Cleared,Cleared by admin
24bcs11913,August,2026-08-15 02:01:26,Cleared,Cleared by admin
24bcs11427,August,2026-09-22 12:38:33,Cleared,Cleared by admin
24bcs12082,September,2026-09-11 16:55:00,Cleared,Batch processed
24bcs12439,August,2026-09-11 16:55:00,Cleared,Batch processed
24bcs10022,August,2026-08-07 20:04:15,Cleared,Cleared by admin
24bcs12009,September,2026-09-22 19:21:20,Cleared,Cleared by admin
24bcs10217,September,2026-08-11 18:16:15,Cleared,Cleared by admin
24bcs10665,August,2026-09-06 20:04:53,Cleared,Cleared by admin
24bcs11680,September,2026-08-23 07:36:40,Cleared,Cleared by admin
24bcs10335,September,2026-09-13 03:33:15,Cleared,Cleared by admin
24bcs12476,August,2026-08-30 17:09:45,Cleared,Cleared by admin
24bcs11170,September,2026-08-03 12:47:53,Cleared,Cleared by admin
24bcs11865,August,2026-09-20 12:41:27,Cleared,Cleared by admin
24bcs10976,September,2026-09-09 05:39:11,Cleared,Cleared by admin
24bcs11157,September,2026-09-01 18:53:29,Cleared,Cleared by admin
24bcs11029,September,2026-09-11 16:55:00,Cleared,Batch processed
24bcs10077,August,2026-09-11 16:55:00,Cleared,Batch processed
24bcs10236,September,2026-08-04 14:15:30,Cleared,Cleared by admin
24bcs12138,August,2026-09-16 10:11:51,Cleared,Cleared by admin
24bcs10731,September,2026-09-11 16:55:00,Cleared,Batch processed
24bcs10300,August,2026-09-09 09:12:39,Cleared,Cleared by admin
24bcs11714,September,2026-09-02 03:41:56,Cleared,Cleared by admin
24bcs10237,August,2026-08-26 03:34:34,Cleared,Cleared by admin
24bcs10018,September,2026-09-19 19:42:33,Cleared,Cleared by admin
24bcs11865,August,2026-09-10 01:50:22,Cleared,Cleared by admin
24bcs12321,September,2026-08-09 10:31:31,Cleared,Cleared by admin
24bcs11821,August,2026-08-21 22:12:38,Cleared,Cleared by admin
24bcs11757,August,2026-09-01 08:45:14,Cleared,Cleared by admin
24bcs11711,September,2026-09-15 20:46:36,Cleared,Cleared by admin
24bcs10645,September,2026-09-01 06:47:49,Cleared,Cleared by admin
24bcs11905,August,2026-09-01 01:12:56,Cleared,Cleared by admin
24bcs10899,August,2026-08-26 20:57:39,Cleared,Cleared by admin
24bcs10829,September,2026-09-21 21:04:05,Cleared,Cleared by admin
24bcs11681,September,2026-08-30 14:54:59,Cleared,Cleared by admin
24bcs10893,August,2026-09-11 16:55:00,Cleared,Batch processed
24bcs10590,September,2026-08-06 04:35:16,Cleared,Cleared by admin
24bcs10250,September,2026-09-06 05:48:58,Cleared,Cleared by admin
24bcs11853,September,2026-09-11 16:55:00,Cleared,Batch processed
24bcs10510,September,2026-09-09 02:23:53,Cleared,Cleared by admin
24bcs11285,August,2026-08-14 06:57:40,Cleared,Cleared by admin
24bcs10290,August,2026-08-17 17:21:59,Cleared,Cleared by admin
24bcs11332,September,2026-08-24 22:54:03,Cleared,Cleared by admin
24bcs10474,August,2026-09-04 19:44:29,Cleared,Cleared by admin
24bcs10481,September,2026-08-13 12:41:56,Cleared,Cleared by admin
24bcs10910,September,2026-09-08 17:28:58,Cleared,Cleared by admin
24bcs10923,August,2026-08-07 11:55:05,Cleared,Cleared by admin
24bcs11980,September,2026-09-14 15:24:12,Cleared,Cleared by admin
24bcs12253,September,2026-09-17 13:58:34,Cleared,Cleared by admin
24bcs10232,September,2026-09-09 17:38:35,Cleared,Cleared by admin
24bcs10192,August,2026-09-11 16:55:00,Cleared,Batch processed
24bcs10330,September,2026-09-07 11:58:46,Cleared,Cleared by admin
24bcs12132,August,2026-08-21 16:41:04,Cleared,Cleared by admin
24bcs11237,August,2026-08-19 16:29:54,Cleared,Cleared by admin
24bcs10943,August,2026-09-11 05:26:15,Cleared,Cleared by admin
24bcs10865,August,2026-09-13 16:09:31,Cleared,Cleared by admin
24bcs12333,September,2026-08-04 20:25:15,Cleared,Cleared by admin
24bcs10611,August,2026-08-19 19:33:10,Cleared,Cleared by admin
24bcs10185,August,2026-09-18 06:32:57,Cleared,Cleared by admin
24bcs12214,August,2026-09-21 21:19:12,Cleared,Cleared by admin
24bcs12125,August,2026-09-07 18:36:15,Cleared,Cleared by admin
24bcs10270,August,2026-08-15 00:45:52,Cleared,Cleared by admin
24bcs10559,August,2026-09-22 02:21:02,Cleared,Cleared by admin
24bcs10511,September,2026-09-11 16:55:00,Cleared,Batch processed
24bcs10620,September,2026-08-04 17:11:52,Cleared,Cleared by admin
24bcs11855,September,2026-08-12 01:54:23,Cleared,Cleared by admin
24bcs11362,August,2026-08-31 02:05:59,Cleared,Cleared by admin
24bcs11499,August,2026-09-11 16:55:00,Cleared,Batch processed
24bcs10709,August,2026-08-14 14:10:21,Cleared,Cleared by admin
24bcs10229,August,2026-08-21 04:07:32,Cleared,Cleared by admin
24bcs12471,August,2026-08-25 00:22:45,Cleared,Cleared by admin
24bcs11741,August,2026-09-16 15:34:05,Cleared,Cleared by admin
24bcs10535,August,2026-09-12 02:02:00,Cleared,Cleared by admin
24bcs11944,September,2026-09-05 10:14:44,Cleared,Cleared by admin
24bcs12430,August,2026-08-05 12:22:47,Cleared,Cleared by admin
24bcs11578,September,2026-08-26 01:24:07,Cleared,Cleared by admin
24bcs10781,August,2026-09-14 20:46:00,Cleared,Cleared by admin
24bcs11268,August,2026-09-11 16:55:00,Cleared,Batch processed
24bcs10084,August,2026-09-09 08:27:43,Cleared,Cleared by admin
24bcs11434,September,2026-09-11 16:55:00,Cleared,Batch processed
24bcs11931,September,2026-08-08 01:05:01,Cleared,Cleared by admin
24bcs11171,September,2026-08-12 00:59:43,Cleared,Cleared by admin
24bcs11882,September,2026-08-15 10:42:49,Cleared,Cleared by admin
24bcs10252,September,2026-08-07 02:57:08,Cleared,Cleared by admin
24bcs10534,September,2026-08-09 10:13:07,Cleared,Cleared by admin
24bcs11097,September,2026-09-11 16:55:00,Cleared,Batch processed
24bcs12064,September,2026-08-19 14:01:38,Cleared,Cleared by admin
24bcs12257,September,2026-09-19 00:12:01,Cleared,Cleared by admin
24bcs10006,August,2026-08-06 18:28:15,Cleared,Cleared by admin
24bcs10268,September,2026-09-04 09:26:27,Cleared,Cleared by admin
24bcs10238,August,2026-08-18 01:48:46,Cleared,Cleared by admin
24bcs12318,August,2026-08-23 23:02:17,Cleared,Cleared by admin
24bcs11723,August,2026-08-26 18:39:04,Cleared,Cleared by admin
24bcs10469,September,2026-08-18 21:05:06,Cleared,Cleared by admin
24bcs10379,August,2026-09-21 16:47:20,Cleared,Cleared by admin
24bcs11593,August,2026-08-28 10:03:46,Cleared,Cleared by admin
24bcs11006,September,2026-09-21 07:11:19,Cleared,Cleared by admin
24bcs10776,August,2026-09-04 12:49:14,Cleared,Cleared by admin
24bcs10906,September,2026-09-11 16:55:00,Cleared,Batch processed
24bcs10343,August,2026-09-21 00:50:26,Cleared,Cleared by admin
24bcs11802,September,2026-09-04 13:19:16,Cleared,Cleared by admin
24bcs10353,August,2026-09-17 19:46:54,Cleared,Cleared by admin
24bcs12461,August,2026-09-11 16:55:00,Cleared,Batch processed
24bcs12065,September,2026-08-15 23:02:56,Cleared,Cleared by admin
24bcs11589,September,2026-09-05 01:51:33,Cleared,Cleared by admin
24bcs10726,September,2026-08-17 13:11:16,Cleared,Cleared by admin
24bcs10084,September,2026-08-28 06:55:02,Cleared,Cleared by admin
24bcs11781,September,2026-08-27 12:18:19,Cleared,Cleared by admin
24bcs12081,September,2026-09-11 16:55:00,Cleared,Batch processed
24bcs10542,September,2026-09-19 12:14:35,Cleared,Cleared by admin
24bcs11021,August,2026-08-13 13:07:14,Cleared,Cleared by admin
24bcs12439,September,2026-08-10 08:27:00,Cleared,Cleared by admin
24bcs11850,September,2026-08-17 01:21:19,Cleared,Cleared by admin
24bcs10868,August,2026-09-11 16:55:00,Cleared,Batch processed
24bcs10263,September,2026-09-15 03:21:44,Cleared,Cleared by admin
24bcs12001,August,2026-09-22 19:45:17,Cleared,Cleared by admin
24bcs10651,September,2026-08-28 03:30:04,Cleared,Cleared by admin
24bcs11351,September,2026-08-08 23:44:18,Cleared,Cleared by admin
24bcs10587,August,2026-09-01 15:59:56,Cleared,Cleared by admin
24bcs12363,August,2026-09-22 22:39:04,Cleared,Cleared by admin
24bcs10547,August,2026-08-25 22:14:51,Cleared,Cleared by admin
24bcs11959,August,2026-09-20 11:56:59,Cleared,Cleared by admin
24bcs11843,September,2026-09-16 03:44:04,Cleared,Cleared by admin
24bcs10665,September,2026-08-29 08:53:47,Cleared,Cleared by admin
24bcs12292,September,2026-08-06 18:08:45,Cleared,Cleared by admin
24bcs10811,August,2026-08-23 11:08:14,Cleared,Cleared by admin
24bcs10147,September,2026-08-21 13:55:44,Cleared,Cleared by admin
24bcs11051,September,2026-08-18 16:36:27,Cleared,Cleared by admin
24bcs11978,August,2026-09-18 17:19:11,Cleared,Cleared by admin
24bcs12077,August,2026-09-18 07:42:09,Cleared,Cleared by admin
24bcs12207,September,2026-09-18 23:08:46,Cleared,Cleared by admin
24bcs11314,September,2026-09-11 16:55:00,Cleared,Batch processed
24bcs12406,August,2026-09-20 20:54:48,Cleared,Cleared by admin
24bcs11157,September,2026-08-28 08:54:27,Cleared,Cleared by admin
24bcs12231,August,2026-09-22 19:18:04,Cleared,Cleared by admin
24bcs10070,August,2026-09-06 15:23:22,Cleared,Cleared by admin
24bcs10519,August,2026-08-29 13:32:52,Cleared,Cleared by admin
24bcs12266,September,2026-08-12 04:48:40,Cleared,Cleared by admin
24bcs10614,August,2026-09-18 07:31:45,Cleared,Cleared by admin
24bcs11146,September,2026-08-12 04:19:28,Cleared,Cleared by admin
24bcs11867,August,2026-08-27 10:34:10,Cleared,Cleared by admin
24bcs12076,August,2026-08-28 20:15:57,Cleared,Cleared by admin
24bcs11435,August,2026-08-08 09:47:14,Cleared,Cleared by admin
24bcs12332,August,2026-08-17 15:47:54,Cleared,Cleared by admin
24bcs11806,September,2026-09-11 16:55:00,Cleared,Batch processed
24bcs10997,September,2026-09-01 18:56:54,Cleared,Cleared by admin
24bcs10931,September,2026-09-19 14:50:08,Cleared,Cleared by admin
24bcs12382,September,2026-09-11 00:08:35,Cleared,Cleared by admin
24bcs10048,September,2026-08-20 17:42:12,Cleared,Cleared by admin
24bcs10959,August,2026-08-24 08:12:36,Cleared,Cleared by admin
24bcs12113,September,2026-09-17 00:48:54,Cleared,Cleared by admin
24bcs11670,September,2026-09-02 17:33:07,Cleared,Cleared by admin
24bcs10280,September,2026-08-23 19:32:07,Cleared,Cleared by admin
24bcs11529,August,2026-08-10 15:14:11,Cleared,Cleared by admin
24bcs12186,September,2026-09-12 05:56:37,Cleared,Cleared by admin
24bcs12393,September,2026-08-20 07:24:13,Cleared,Cleared by admin
24bcs10559,September,2026-08-06 17:44:42,Cleared,Cleared by admin
24bcs10213,September,2026-08-14 00:52:42,Cleared,Cleared by admin
24bcs12172,August,2026-09-11 16:55:00,Cleared,Batch processed
24bcs10954,September,2026-08-29 14:30:49,Cleared,Cleared by admin
24bcs10755,September,2026-09-22 19:17:42,Cleared,Cleared by admin
24bcs11253,September,2026-09-11 02:31:54,Cleared,Cleared by admin
24bcs11479,September,2026-08-18 21:55:35,Cleared,Cleared by admin
24bcs10073,September,2026-08-07 18:25:57,Cleared,Cleared by admin
24bcs12276,August,2026-08-09 08:20:00,Cleared,Cleared by admin
24bcs10009,September,2026-08-12 02:15:03,Cleared,Cleared by admin
24bcs12417,September,2026-08-05 09:46:18,Cleared,Cleared by admin
24bcs11984,September,2026-09-21 06:10:42,Cleared,Cleared by admin
24bcs11751,August,2026-08-30 08:25:23,Cleared,Cleared by admin
24bcs12263,August,2026-09-11 16:55:00,Cleared,Batch processed
24bcs11338,August,2026-09-08 11:32:02,Cleared,Cleared by admin
24bcs11600,August,2026-08-14 09:15:31,Cleared,Cleared by admin
24bcs10184,September,2026-08-05 11:21:01,Cleared,Cleared by admin
24bcs12220,September,2026-08-17 11:01:50,Cleared,Cleared by admin
24bcs10456,September,2026-09-03 22:55:47,Cleared,Cleared by admin
24bcs10243,September,2026-09-11 08:04:45,Cleared,Cleared by admin
24bcs11799,August,2026-08-30 23:04:04,Cleared,Cleared by admin
24bcs12273,August,2026-09-11 16:55:00,Cleared,Batch processed
24bcs10827,August,2026-08-09 22:42:53,Cleared,Cleared by admin
24bcs11512,August,2026-09-12 11:10:01,Cleared,Cleared by admin
24bcs10744,August,2026-08-28 17:49:35,Cleared,Cleared by admin
24bcs11861,August,2026-09-11 16:55:00,Cleared,Batch processed
24bcs10154,August,2026-09-10 16:55:17,Cleared,Cleared by admin
24bcs10495,August,2026-08-16 05:50:05,Cleared,Cleared by admin
24bcs10416,September,2026-09-23 06:35:48,Cleared,Cleared by admin
24bcs10594,September,2026-09-11 16:55:00,Cleared,Batch processed
24bcs12442,September,2026-08-13 09:26:12,Cleared,Cleared by admin
24bcs11269,August,2026-09-17 04:52:10,Cleared,Cleared by admin
24bcs11587,September,2026-09-11 02:45:22,Cleared,Cleared by admin
24bcs11963,August,2026-08-23 00:13:40,Cleared,Cleared by admin
24bcs10328,September,2026-08-24 05:11:08,Cleared,Cleared by admin
24bcs10991,August,2026-09-16 21:47:30,Cleared,Cleared by admin
24bcs12047,August,2026-08-14 11:54:11,Cleared,Cleared by admin
24bcs11528,August,2026-08-11 07:14:50,Cleared,Cleared by admin
24bcs10810,August,2026-09-08 19:22:42,Cleared,Cleared by admin
24bcs10981,August,2026-09-20 07:12:53,Cleared,Cleared by admin
24bcs11008,September,2026-09-11 16:55:00,Cleared,Batch processed
24bcs11536,August,2026-09-11 16:55:00,Cleared,Batch processed
24bcs10720,August,2026-08-20 11:35:41,Cleared,Cleared by admin
24bcs10084,August,2026-08-19 22:40:55,Cleared,Cleared by admin
24bcs11932,September,2026-09-11 16:55:00,Cleared,Batch processed
24bcs11404,August,2026-08-07 02:26:38,Cleared,Cleared by admin
24bcs11469,September,2026-09-08 12:53:58,Cleared,Cleared by admin
24bcs10024,August,2026-08-05 02:11:02,Cleared,Cleared by admin
24bcs10692,September,2026-08-20 22:45:23,Cleared,Cleared by admin
24bcs11250,September,2026-08-16 13:59:17,Cleared,Cleared by admin
24bcs10210,September,2026-09-06 19:26:11,Cleared,Cleared by admin
24bcs11530,August,2026-08-28 20:42:11,Cleared,Cleared by admin
24bcs10673,September,2026-09-11 16:55:00,Cleared,Batch processed
24bcs12134,September,2026-09-17 18:29:18,Cleared,Cleared by admin
24bcs11700,August,2026-09-04 03:38:56,Cleared,Cleared by admin
24bcs10886,August,2026-09-19 18:00:29,Cleared,Cleared by admin
24bcs11619,September,2026-09-18 11:39:32,Cleared,Cleared by admin
24bcs12143,September,2026-08-05 12:01:05,Cleared,Cleared by admin
24bcs11297,September,2026-08-14 23:09:18,Cleared,Cleared by admin
24bcs10812,August,2026-09-19 07:03:38,Cleared,Cleared by admin
24bcs11562,September,2026-08-05 19:28:55,Cleared,Cleared by admin
24bcs11872,September,2026-08-29 20:42:01,Cleared,Cleared by admin
24bcs11112,August,2026-09-06 13:04:08,Cleared,Cleared by admin
24bcs11098,September,2026-09-13 12:37:07,Cleared,Cleared by admin
24bcs11275,August,2026-08-16 08:55:37,Cleared,Cleared by admin
24bcs10008,August,2026-08-15 02:55:20,Cleared,Cleared by admin
24bcs11926,September,2026-09-03 23:20:08,Cleared,Cleared by admin
24bcs11458,August,2026-08-11 19:06:23,Cleared,Cleared by admin
24bcs10085,August,2026-08-26 13:41:01,Cleared,Cleared by admin
24bcs11905,September,2026-08-13 23:10:10,Cleared,Cleared by admin
24bcs11002,August,2026-09-12 22:18:57,Cleared,Cleared by admin
24bcs11365,August,2026-08-25 07:07:28,Cleared,Cleared by admin
24bcs12275,August,2026-08-08 14:11:34,Cleared,Cleared by admin
24bcs10222,August,2026-09-11 16:55:00,Cleared,Batch processed
24bcs12255,August,2026-09-18 00:07:47,Cleared,Cleared by admin
24bcs10082,September,2026-09-17 09:12:54,Cleared,Cleared by admin
24bcs11272,August,2026-09-18 11:24:44,Cleared,Cleared by admin
24bcs12342,September,2026-08-06 01:21:20,Cleared,Cleared by admin
24bcs11990,August,2026-09-15 19:56:59,Cleared,Cleared by admin
24bcs12256,September,2026-08-15 16:07:37,Cleared,Cleared by admin
24bcs11746,August,2026-08-07 20:56:36,Cleared,Cleared by admin
24bcs12003,September,2026-08-17 13:51:08,Cleared,Cleared by admin
24bcs11865,August,2026-09-11 16:55:00,Cleared,Batch processed
24bcs10447,August,2026-09-16 03:35:24,Cleared,Cleared by admin
24bcs10839,September,2026-08-14 12:30:17,Cleared,Cleared by admin
24bcs11066,September,2026-08-19 00:07:43,Cleared,Cleared by admin
24bcs10325,September,2026-09-06 17:06:12,Cleared,Cleared by admin
24bcs12301,August,2026-09-19 01:11:13,Cleared,Cleared by admin
24bcs11965,August,2026-09-17 10:22:56,Cleared,Cleared by admin
24bcs11256,September,2026-08-22 02:56:22,Cleared,Cleared by admin
24bcs11613,September,2026-08-25 02:50:12,Cleared,Cleared by admin
24bcs10704,August,2026-09-11 16:55:00,Cleared,Batch processed
24bcs12058,August,2026-08-16 18:08:22,Cleared,Cleared by admin
24bcs11252,August,2026-08-17 22:12:41,Cleared,Cleared by admin
24bcs11594,September,2026-09-11 16:55:00,Cleared,Batch processed
24bcs10993,September,2026-08-04 10:44:10,Cleared,Cleared by admin
24bcs10128,September,2026-09-11 16:55:00,Cleared,Batch processed
24bcs11348,August,2026-09-11 16:55:00,Cleared,Batch processed
24bcs12303,August,2026-08-19 13:38:34,Cleared,Cleared by admin
24bcs10797,September,2026-09-20 05:55:55,Cleared,Cleared by admin
24bcs10087,August,2026-09-11 04:10:51,Cleared,Cleared by admin
24bcs10756,September,2026-09-21 07:11:59,Cleared,Cleared by admin
24bcs11521,August,2026-09-10 18:43:07,Cleared,Cleared by admin
24bcs12291,September,2026-09-01 22:23:38,Cleared,Cleared by admin
24bcs10628,September,2026-08-23 16:10:08,Cleared,Cleared by admin
24bcs10135,September,2026-08-19 12:26:35,Cleared,Cleared by admin
24bcs10147,August,2026-08-13 06:59:28,Cleared,Cleared by admin
24bcs12361,September,2026-09-11 16:55:00,Cleared,Batch processed
24bcs10047,August,2026-08-15 14:42:20,Cleared,Cleared by admin
24bcs10268,September,2026-08-11 06:39:37,Cleared,Cleared by admin
24bcs12013,August,2026-09-03 10:22:45,Cleared,Cleared by admin
24bcs10200,August,2026-08-11 16:27:27,Cleared,Cleared by admin
24bcs12480,August,2026-09-11 16:55:00,Cleared,Batch processed
24bcs11235,August,2026-08-23 01:09:38,Cleared,Cleared by admin
24bcs11479,August,2026-08-13 19:46:03,Cleared,Cleared by admin
24bcs10189,August,2026-08-15 20:49:04,Cleared,Cleared by admin
24bcs11799,August,2026-08-05 01:47:54,Cleared,Cleared by admin
24bcs10105,August,2026-08-09 22:23:56,Cleared,Cleared by admin
24bcs11600,September,2026-08-16 03:41:04,Cleared,Cleared by admin
24bcs11698,September,2026-09-02 18:33:38,Cleared,Cleared by admin
24bcs10306,August,2026-09-20 16:25:29,Cleared,Cleared by admin
24bcs11942,September,2026-08-26 11:27:35,Cleared,Cleared by admin
24bcs10802,September,2026-08-10 00:27:56,Cleared,Cleared by admin
24bcs10219,August,2026-09-18 10:32:03,Cleared,Cleared by admin
24bcs11810,August,2026-08-31 18:29:39,Cleared,Cleared by admin
24bcs10562,September,2026-09-21 21:50:10,Cleared,Cleared by admin
24bcs11696,August,2026-08-12 18:56:54,Cleared,Cleared by admin
24bcs11914,August,2026-09-11 16:55:00,Cleared,Batch processed
24bcs10135,August,2026-08-24 09:42:30,Cleared,Cleared by admin
24bcs11560,August,2026-08-28 23:26:31,Cleared,Cleared by admin
24bcs10108,September,2026-09-11 16:55:00,Cleared,Batch processed
24bcs11609,September,2026-08-11 14:36:25,Cleared,Cleared by admin
24bcs10094,September,2026-08-12 13:54:09,Cleared,Cleared by admin
24bcs10465,September,2026-08-19 23:14:10,Cleared,Cleared by admin
24bcs11253,September,2026-09-11 16:55:00,Cleared,Batch processed
24bcs12248,September,2026-09-13 07:11:05,Cleared,Cleared by admin
24bcs10249,September,2026-08-22 22:32:43,Cleared,Cleared by admin
24bcs12443,September,2026-08-21 21:00:25,Cleared,Cleared by admin
24bcs11707,September,2026-08-16 09:26:50,Cleared,Cleared by admin
24bcs11081,September,2026-09-11 16:55:00,Cleared,Batch processed
24bcs10274,September,2026-08-10 14:32:44,Cleared,Cleared by admin
24bcs11473,August,2026-08-21 22:25:02,Cleared,Cleared by admin
24bcs11720,September,2026-08-18 08:13:27,Cleared,Cleared by admin
24bcs10655,September,2026-08-24 04:06:18,Cleared,Cleared by admin
24bcs11407,August,2026-09-12 01:29:43,Cleared,Cleared by admin
24bcs10470,September,2026-09-11 16:55:00,Cleared,Batch processed
24bcs11439,August,2026-08-27 00:23:43,Cleared,Cleared by admin
24bcs11991,August,2026-09-12 09:16:25,Cleared,Cleared by admin
24bcs11697,August,2026-08-26 03:59:46,Cleared,Cleared by admin
24bcs10310,August,2026-09-07 19:09:16,Cleared,Cleared by admin
24bcs12269,August,2026-09-11 08:16:27,Cleared,Cleared by admin
24bcs11671,August,2026-08-08 05:21:57,Cleared,Cleared by admin
24bcs10711,August,2026-09-14 19:07:20,Cleared,Cleared by admin
24bcs10297,September,2026-09-11 16:55:00,Cleared,Batch processed
24bcs11819,September,2026-09-11 16:55:00,Cleared,Batch processed
24bcs10163,August,2026-08-18 21:35:57,Cleared,Cleared by admin
24bcs10879,August,2026-08-19 13:16:04,Cleared,Cleared by admin
24bcs11661,August,2026-08-27 19:45:19,Cleared,Cleared by admin
24bcs11934,August,2026-09-11 16:55:00,Cleared,Batch processed
24bcs10541,August,2026-09-11 16:55:00,Cleared,Batch processed
24bcs10736,September,2026-08-26 09:20:20,Cleared,Cleared by admin
24bcs11135,September,2026-09-06 04:51:05,Cleared,Cleared by admin
24bcs10221,August,2026-08-25 01:54:16,Cleared,Cleared by admin
24bcs10066,August,2026-09-01 04:31:50,Cleared,Cleared by admin
24bcs11088,September,2026-08-22 20:22:34,Cleared,Cleared by admin
24bcs11056,August,2026-08-18 07:53:36,Cleared,Cleared by admin
24bcs11823,September,2026-09-20 07:45:06,Cleared,Cleared by admin
24bcs10098,August,2026-08-10 11:56:58,Cleared,Cleared by admin
24bcs12470,September,2026-08-04 06:45:22,Cleared,Cleared by admin
24bcs12095,September,2026-08-22 11:12:23,Cleared,Cleared by admin
24bcs11165,September,2026-08-19 10:11:58,Cleared,Cleared by admin
24bcs11641,August,2026-08-13 10:29:31,Cleared,Cleared by admin
24bcs10085,August,2026-08-20 23:23:37,Cleared,Cleared by admin
24bcs12394,August,2026-09-08 01:58:08,Cleared,Cleared by admin
24bcs12066,September,2026-08-29 13:43:56,Cleared,Cleared by admin
24bcs10403,September,2026-09-07 03:49:12,Cleared,Cleared by admin
24bcs11266,September,2026-08-22 19:26:56,Cleared,Cleared by admin
24bcs11759,September,2026-08-21 10:39:16,Cleared,Cleared by admin
24bcs10635,August,2026-09-11 16:55:00,Cleared,Batch processed
24bcs11552,September,2026-09-11 04:04:55,Cleared,Cleared by admin
24bcs11215,September,2026-09-01 00:35:27,Cleared,Cleared by admin
24bcs10780,September,2026-08-26 14:00:58,Cleared,Cleared by admin
24bcs11629,September,2026-09-05 16:16:55,Cleared,Cleared by admin
24bcs10228,September,2026-08-23 20:27:46,Cleared,Cleared by admin
24bcs10151,September,2026-09-18 11:50:36,Cleared,Cleared by admin
24bcs10775,August,2026-09-11 16:55:00,Cleared,Batch processed
24bcs11217,August,2026-08-16 00:42:08,Cleared,Cleared by admin
24bcs11578,September,2026-08-27 10:14:59,Cleared,Cleared by admin
24bcs10578,August,2026-08-27 22:08:00,Cleared,Cleared by admin
24bcs12076,August,2026-09-09 16:59:22,Cleared,Cleared by admin
24bcs10767,September,2026-09-08 10:05:05,Cleared,Cleared by admin
24bcs10609,September,2026-08-18 12:47:19,Cleared,Cleared by admin
24bcs10838,August,2026-09-10 13:32:06,Cleared,Cleared by admin
24bcs10683,September,2026-08-18 22:42:00,Cleared,Cleared by admin
24bcs11037,September,2026-09-06 09:59:44,Cleared,Cleared by admin
24bcs12088,September,2026-09-15 17:45:07,Cleared,Cleared by admin
24bcs10389,August,2026-08-10 19:10:09,Cleared,Cleared by admin
24bcs10528,August,2026-09-01 14:03:07,Cleared,Cleared by admin
24bcs11813,September,2026-08-22 05:16:16,Cleared,Cleared by admin
24bcs12171,September,2026-08-12 21:40:52,Cleared,Cleared by admin
24bcs12167,September,2026-09-16 13:03:56,Cleared,Cleared by admin
24bcs11630,August,2026-09-11 16:55:00,Cleared,Batch processed
24bcs12412,August,2026-09-11 16:55:00,Cleared,Batch processed
24bcs11268,August,2026-09-22 19:37:48,Cleared,Cleared by admin
24bcs11936,September,2026-09-16 14:11:58,Cleared,Cleared by admin
24bcs12315,September,2026-08-20 17:17:50,Cleared,Cleared by admin
24bcs10859,August,2026-09-13 17:54:33,Cleared,Cleared by admin
24bcs10884,August,2026-08-07 15:55:14,Cleared,Cleared by admin
24bcs10225,August,2026-09-15 21:07:43,Cleared,Cleared by admin
24bcs11255,September,2026-09-22 03:19:28,Cleared,Cleared by admin
24bcs11468,September,2026-08-14 01:07:29,Cleared,Cleared by admin
24bcs11752,September,2026-09-11 16:55:00,Cleared,Batch processed
24bcs10148,September,2026-08-05 19:40:13,Cleared,Cleared by admin
24bcs12054,August,2026-09-02 05:43:34,Cleared,Cleared by admin
24bcs10816,September,2026-08-27 03:37:52,Cleared,Cleared by admin
24bcs12167,August,2026-09-16 14:11:45,Cleared,Cleared by admin
24bcs11512,September,2026-08-10 03:39:34,Cleared,Cleared by admin
24bcs10219,August,2026-08-22 22:20:38,Cleared,Cleared by admin
24bcs12214,September,2026-09-08 07:23:37,Cleared,Cleared by admin
24bcs12102,September,2026-09-15 00:50:23,Cleared,Cleared by admin
24bcs11299,September,2026-08-12 09:10:43,Cleared,Cleared by admin
24bcs11763,August,2026-09-11 16:55:00,Cleared,Batch processed
24bcs12199,September,2026-08-24 18:15:02,Cleared,Cleared by admin
24bcs10277,September,2026-08-11 02:29:28,Cleared,Cleared by admin
24bcs12377,September,2026-08-27 05:58:41,Cleared,Cleared by admin
24bcs11717,August,2026-09-11 16:55:00,Cleared,Batch processed
24bcs11114,August,2026-09-21 12:07:32,Cleared,Cleared by admin
24bcs11109,August,2026-09-05 09:59:47,Cleared,Cleared by admin
24bcs10632,September,2026-09-05 08:56:26,Cleared,Cleared by admin
24bcs10866,August,2026-09-11 16:55:00,Cleared,Batch processed
24bcs10507,August,2026-09-11 16:55:00,Cleared,Batch processed
24bcs11072,August,2026-09-11 16:55:00,Cleared,Batch processed
24bcs10383,August,2026-09-11 16:55:00,Cleared,Batch processed
24bcs12077,September,2026-08-10 02:52:17,Cleared,Cleared by admin
24bcs11908,September,2026-08-23 17:04:31,Cleared,Cleared by admin
24bcs11470,August,2026-08-10 21:27:49,Cleared,Cleared by admin
24bcs10097,August,2026-08-28 14:02:08,Cleared,Cleared by admin
24bcs11151,September,2026-08-31 17:08:38,Cleared,Cleared by admin
24bcs11201,August,2026-08-13 17:13:31,Cleared,Cleared by admin
24bcs10091,August,2026-08-04 12:25:32,Cleared,Cleared by admin
24bcs10420,September,2026-08-22 23:03:07,Cleared,Cleared by admin
24bcs11137,August,2026-09-11 16:55:00,Cleared,Batch processed
24bcs10560,September,2026-09-05 14:01:15,Cleared,Cleared by admin
24bcs11068,September,2026-09-05 13:06:54,Cleared,Cleared by admin
24bcs11960,August,2026-09-11 16:55:00,Cleared,Batch processed
24bcs10997,August,2026-09-01 06:07:12,Cleared,Cleared by admin
24bcs11917,August,2026-09-12 09:39:08,Cleared,Cleared by admin
24bcs11174,September,2026-08-13 17:36:13,Cleared,Cleared by admin
24bcs10733,September,2026-08-02 17:46:42,Cleared,Cleared by admin
24bcs11478,August,2026-08-12 18:32:53,Cleared,Cleared by admin
24bcs12031,September,2026-09-04 04:43:19,Cleared,Cleared by admin
24bcs11494,August,2026-09-08 15:29:02,Cleared,Cleared by admin
24bcs10875,August,2026-09-05 10:58:30,Cleared,Cleared by admin
24bcs11311,August,2026-08-17 17:14:01,Cleared,Cleared by admin
24bcs12492,August,2026-09-09 17:10:13,Cleared,Cleared by admin
24bcs12113,August,2026-08-30 03:25:23,Cleared,Cleared by admin
24bcs10164,August,2026-08-23 18:00:10,Cleared,Cleared by admin
24bcs11702,August,2026-09-11 16:55:00,Cleared,Batch processed
24bcs11076,August,2026-09-16 18:29:08,Cleared,Cleared by admin
24bcs11747,August,2026-09-10 21:37:23,Cleared,Cleared by admin
24bcs10636,September,2026-08-07 03:30:22,Cleared,Cleared by admin
24bcs10158,August,2026-09-09 01:58:22,Cleared,Cleared by admin
24bcs10793,August,2026-08-06 20:46:07,Cleared,Cleared by admin
24bcs10118,September,2026-09-11 16:55:00,Cleared,Batch processed
24bcs12035,August,2026-09-01 00:36:09,Cleared,Cleared by admin
24bcs12123,September,2026-09-11 16:55:00,Cleared,Batch processed
24bcs12329,August,2026-08-31 00:57:26,Cleared,Cleared by admin
24bcs10531,August,2026-08-08 09:20:55,Cleared,Cleared by admin
24bcs10248,August,2026-08-11 04:30:43,Cleared,Cleared by admin
24bcs12254,August,2026-08-14 12:26:33,Cleared,Cleared by admin
24bcs12295,September,2026-08-23 19:01:28,Cleared,Cleared by admin
24bcs10487,September,2026-09-12 09:48:04,Cleared,Cleared by admin
24bcs11251,August,2026-09-11 16:55:00,Cleared,Batch processed
24bcs12310,August,2026-08-29 03:38:18,Cleared,Cleared by admin
24bcs10003,August,2026-09-04 22:42:18,Cleared,Cleared by admin
24bcs11524,August,2026-09-03 18:43:28,Cleared,Cleared by admin
24bcs11032,August,2026-08-07 01:36:22,Cleared,Cleared by admin
24bcs10245,September,2026-09-23 06:42:08,Cleared,Cleared by admin
24bcs11878,September,2026-09-11 16:55:00,Cleared,Batch processed
24bcs10877,August,2026-09-11 04:41:54,Cleared,Cleared by admin
24bcs12394,August,2026-09-11 16:55:00,Cleared,Batch processed
24bcs10566,August,2026-09-01 12:40:26,Cleared,Cleared by admin
24bcs11844,August,2026-09-08 05:07:42,Cleared,Cleared by admin
24bcs10951,August,2026-08-25 02:02:18,Cleared,Cleared by admin
24bcs11817,August,2026-08-10 22:06:39,Cleared,Cleared by admin
24bcs10691,September,2026-09-12 14:56:53,Cleared,Cleared by admin
24bcs11358,September,2026-08-15 21:21:32,Cleared,Cleared by admin
24bcs11186,August,2026-09-11 16:55:00,Cleared,Batch processed
24bcs11338,September,2026-08-22 22:50:46,Cleared,Cleared by admin
24bcs12291,September,2026-09-18 11:46:00,Cleared,Cleared by admin
24bcs11931,September,2026-09-15 14:49:07,Cleared,Cleared by admin
24bcs10173,September,2026-09-02 10:56:51,Cleared,Cleared by admin
24bcs11285,August,2026-09-13 18:22:01,Cleared,Cleared by admin
24bcs11298,August,2026-09-10 00:11:08,Cleared,Cleared by admin
24bcs10265,August,2026-09-08 15:02:29,Cleared,Cleared by admin
24bcs11993,September,2026-09-13 15:06:58,Cleared,Cleared by admin
24bcs11233,September,2026-09-11 16:55:00,Cleared,Batch processed
24bcs12159,August,2026-08-26 13:11:21,Cleared,Cleared by admin
24bcs10190,September,2026-08-21 12:59:07,Cleared,Cleared by admin
24bcs10848,September,2026-08-18 04:01:08,Cleared,Cleared by admin
24bcs11683,September,2026-08-18 17:11:01,Cleared,Cleared by admin
24bcs11246,September,2026-08-07 07:30:01,Cleared,Cleared by admin
24bcs11393,August,2026-08-26 19:14:26,Cleared,Cleared by admin
24bcs12100,August,2026-08-19 07:40:59,Cleared,Cleared by admin
24bcs10846,September,2026-09-11 16:55:00,Cleared,Batch processed
24bcs10815,September,2026-08-23 11:30:11,Cleared,Cleared by admin
24bcs10057,August,2026-09-13 10:21:13,Cleared,Cleared by admin
24bcs11345,September,2026-09-06 05:09:51,Cleared,Cleared by admin
24bcs11449,September,2026-09-05 04:48:47,Cleared,Cleared by admin
24bcs10432,September,2026-08-13 04:12:26,Cleared,Cleared by admin
24bcs11431,August,2026-09-11 16:55:00,Cleared,Batch processed
24bcs10392,September,2026-09-11 16:55:00,Cleared,Batch processed
24bcs11264,September,2026-09-11 16:55:00,Cleared,Batch processed
24bcs10658,August,2026-09-11 16:55:00,Cleared,Batch processed
24bcs11852,September,2026-08-07 22:59:53,Cleared,Cleared by admin
24bcs10799,September,2026-09-11 16:55:00,Cleared,Batch processed
24bcs12191,August,2026-08-28 22:31:32,Cleared,Cleared by admin
24bcs12054,September,2026-09-12 13:54:59,Cleared,Cleared by admin
24bcs11006,September,2026-09-02 18:14:30,Cleared,Cleared by admin
24bcs11991,September,2026-09-11 16:55:00,Cleared,Batch processed
24bcs10356,September,2026-08-22 23:27:17,Cleared,Cleared by admin
24bcs11071,August,2026-08-04 15:33:57,Cleared,Cleared by admin
24bcs11583,August,2026-08-23 19:51:52,Cleared,Cleared by admin
24bcs11488,August,2026-08-16 17:37:35,Cleared,Cleared by admin
24bcs11469,August,2026-08-11 04:38:10,Cleared,Cleared by admin
24bcs10668,September,2026-08-12 11:27:31,Cleared,Cleared by admin
24bcs10649,September,2026-08-19 09:39:41,Cleared,Cleared by admin
24bcs11492,September,2026-08-25 07:17:12,Cleared,Cleared by admin
24bcs11186,September,2026-08-26 17:32:40,Cleared,Cleared by admin
24bcs11184,August,2026-08-26 15:01:40,Cleared,Cleared by admin
24bcs11492,August,2026-08-31 06:23:45,Cleared,Cleared by admin
24bcs12299,August,2026-08-30 12:54:14,Cleared,Cleared by admin
24bcs12249,September,2026-09-06 03:44:57,Cleared,Cleared by admin
24bcs11903,August,2026-09-18 15:07:52,Cleared,Cleared by admin
24bcs10080,September,2026-08-28 23:40:50,Cleared,Cleared by admin
24bcs12330,September,2026-08-15 22:26:50,Cleared,Cleared by admin
24bcs10784,August,2026-08-29 21:54:17,Cleared,Cleared by admin
24bcs10411,September,2026-08-29 18:57:17,Cleared,Cleared by admin
24bcs11237,September,2026-09-23 14:40:47,Cleared,Cleared by admin
24bcs12442,September,2026-08-28 20:53:38,Cleared,Cleared by admin
24bcs11742,September,2026-08-10 09:28:15,Cleared,Cleared by admin
24bcs11386,September,2026-09-06 03:08:52,Cleared,Cleared by admin
24bcs12457,August,2026-08-04 13:04:06,Cleared,Cleared by admin
24bcs12210,September,2026-08-07 13:38:08,Cleared,Cleared by admin
24bcs11219,September,2026-09-11 16:55:00,Cleared,Batch processed
24bcs11116,August,2026-09-11 00:03:53,Cleared,Cleared by admin
24bcs11780,August,2026-08-27 05:26:24,Cleared,Cleared by admin
24bcs10364,September,2026-08-06 22:25:54,Cleared,Cleared by admin
24bcs11288,September,2026-08-10 00:50:49,Cleared,Cleared by admin
24bcs10485,September,2026-09-07 15:20:49,Cleared,Cleared by admin
24bcs10500,September,2026-09-11 16:55:00,Cleared,Batch processed
24bcs10368,August,2026-08-23 17:41:41,Cleared,Cleared by admin
24bcs12334,September,2026-08-08 23:48:56,Cleared,Cleared by admin
24bcs10580,September,2026-08-04 20:08:48,Cleared,Cleared by admin
24bcs11591,September,2026-08-25 07:38:14,Cleared,Cleared by admin
24bcs10394,August,2026-09-11 16:55:00,Cleared,Batch processed
24bcs10194,September,2026-08-29 18:53:05,Cleared,Cleared by admin
24bcs11259,August,2026-08-25 08:22:12,Cleared,Cleared by admin
24bcs11764,September,2026-09-11 16:55:00,Cleared,Batch processed
24bcs12145,September,2026-08-30 23:55:06,Cleared,Cleared by admin
24bcs12457,September,2026-09-09 08:26:11,Cleared,Cleared by admin
24bcs10919,September,2026-08-25 19:22:04,Cleared,Cleared by admin
24bcs10456,September,2026-08-08 02:18:04,Cleared,Cleared by admin
24bcs10700,August,2026-08-17 00:55:54,Cleared,Cleared by admin
24bcs10422,September,2026-09-07 19:57:53,Cleared,Cleared by admin
24bcs10128,September,2026-09-11 16:55:00,Cleared,Batch processed
24bcs11496,August,2026-09-16 20:06:59,Cleared,Cleared by admin
24bcs12120,August,2026-08-18 01:36:38,Cleared,Cleared by admin
24bcs11756,August,2026-09-09 07:07:31,Cleared,Cleared by admin
24bcs10563,September,2026-09-11 16:55:00,Cleared,Batch processed
24bcs11974,September,2026-08-10 04:40:09,Cleared,Cleared by admin
24bcs10549,August,2026-08-19 14:50:59,Cleared,Cleared by admin
24bcs10435,September,2026-08-18 14:31:04,Cleared,Cleared by admin
24bcs10962,September,2026-09-11 16:55:00,Cleared,Batch processed
24bcs10332,September,2026-08-05 21:48:59,Cleared,Cleared by admin
24bcs10153,September,2026-08-10 07:46:14,Cleared,Cleared by admin
24bcs12072,August,2026-09-12 19:44:31,Cleared,Cleared by admin
24bcs10940,September,2026-08-08 15:43:43,Cleared,Cleared by admin
24bcs10719,September,2026-08-06 21:44:08,Cleared,Cleared by admin
24bcs10185,August,2026-08-09 09:20:41,Cleared,Cleared by admin
24bcs11257,September,2026-09-11 16:55:00,Cleared,Batch processed
24bcs12486,August,2026-09-02 22:45:59,Cleared,Cleared by admin
24bcs10475,August,2026-08-26 22:43:15,Cleared,Cleared by admin
24bcs10741,September,2026-08-05 00:49:33,Cleared,Cleared by admin
24bcs12346,August,2026-09-11 16:55:00,Cleared,Batch processed
24bcs12363,August,2026-08-31 08:33:23,Cleared,Cleared by admin
24bcs11848,August,2026-08-02 02:15:53,Cleared,Cleared by admin
24bcs10052,August,2026-09-17 18:13:53,Cleared,Cleared by admin
24bcs11631,August,2026-09-14 18:47:48,Cleared,Cleared by admin
24bcs10419,September,2026-09-11 16:55:00,Cleared,Batch processed
24bcs10022,September,2026-09-01 14:00:10,Cleared,Cleared by admin
24bcs10294,August,2026-08-25 22:28:48,Cleared,Cleared by admin
24bcs10509,August,2026-09-11 16:55:00,Cleared,Batch processed
24bcs10398,August,2026-08-08 04:03:34,Cleared,Cleared by admin
24bcs11840,August,2026-08-14 16:38:29,Cleared,Cleared by admin
24bcs11428,August,2026-08-31 11:36:10,Cleared,Cleared by admin
24bcs10970,September,2026-09-04 01:47:30,Cleared,Cleared by admin
24bcs12474,August,2026-08-17 05:56:12,Cleared,Cleared by admin
24bcs10629,September,2026-09-11 16:55:00,Cleared,Batch processed
24bcs11271,August,2026-08-10 20:36:35,Cleared,Cleared by admin
24bcs11935,August,2026-08-02 03:44:49,Cleared,Cleared by admin
24bcs11046,August,2026-08-22 11:42:06,Cleared,Cleared by admin
24bcs10939,August,2026-09-11 16:55:00,Cleared,Batch processed
24bcs10160,September,2026-08-18 03:19:37,Cleared,Cleared by admin
24bcs10853,September,2026-08-18 02:25:08,Cleared,Cleared by admin
24bcs11216,September,2026-09-11 16:55:00,Cleared,Batch processed
24bcs11910,September,2026-08-11 02:23:40,Cleared,Cleared by admin
24bcs11897,September,2026-09-15 00:26:08,Cleared,Cleared by admin
24bcs11584,September,2026-09-07 01:49:28,Cleared,Cleared by admin
24bcs10942,September,2026-09-02 14:33:08,Cleared,Cleared by admin
24bcs10111,August,2026-09-07 01:06:49,Cleared,Cleared by admin
24bcs12472,September,2026-09-11 16:55:00,Cleared,Batch processed
24bcs10312,August,2026-08-21 12:50:16,Cleared,Cleared by admin
24bcs11724,August,2026-09-17 20:48:09,Cleared,Cleared by admin
24bcs12315,August,2026-09-20 22:25:37,Cleared,Cleared by admin
24bcs11074,September,2026-08-07 12:34:31,Cleared,Cleared by admin
24bcs10022,August,2026-09-10 04:45:12,Cleared,Cleared by admin
24bcs10287,August,2026-08-06 23:56:16,Cleared,Cleared by admin
24bcs12000,August,2026-08-08 15:24:09,Cleared,Cleared by admin
24bcs10104,August,2026-08-16 12:58:58,Cleared,Cleared by admin
24bcs10682,August,2026-08-24 07:17:11,Cleared,Cleared by admin
24bcs10533,September,2026-09-11 16:55:00,Cleared,Batch processed
24bcs12133,August,2026-09-14 01:18:23,Cleared,Cleared by admin
24bcs11654,September,2026-09-16 09:01:42,Cleared,Cleared by admin
24bcs10140,August,2026-08-16 17:26:44,Cleared,Cleared by admin
24bcs10788,August,2026-08-23 19:51:54,Cleared,Cleared by admin
24bcs10384,September,2026-08-09 00:59:10,Cleared,Cleared by admin
24bcs10242,August,2026-09-06 23:28:30,Cleared,Cleared by admin
24bcs10019,September,2026-08-29 06:07:40,Cleared,Cleared by admin
24bcs10398,September,2026-09-03 00:52:47,Cleared,Cleared by admin
24bcs12049,September,2026-09-11 16:55:00,Cleared,Batch processed
24bcs10509,September,2026-08-12 09:32:56,Cleared,Cleared by admin
24bcs11986,September,2026-09-10 13:47:02,Cleared,Cleared by admin
24bcs11529,August,2026-09-10 01:54:58,Cleared,Cleared by admin
24bcs12313,August,2026-08-28 11:53:07,Cleared,Cleared by admin
24bcs10582,September,2026-08-30 05:29:10,Cleared,Cleared by admin
24bcs10757,September,2026-08-03 07:41:01,Cleared,Cleared by admin
24bcs11409,September,2026-09-17 21:58:50,Cleared,Cleared by admin
24bcs10165,August,2026-09-06 19:09:35,Cleared,Cleared by admin
24bcs11394,August,2026-08-28 04:01:29,Cleared,Cleared by admin
24bcs11734,September,2026-09-06 18:19:42,Cleared,Cleared by admin
24bcs11945,August,2026-09-11 16:55:00,Cleared,Batch processed
24bcs11168,September,2026-08-13 19:29:34,Cleared,Cleared by admin
24bcs10849,September,2026-09-14 20:09:54,Cleared,Cleared by admin
24bcs11306,September,2026-08-03 00:01:53,Cleared,Cleared by admin
24bcs10570,August,2026-09-13 19:23:36,Cleared,Cleared by admin
24bcs10847,August,2026-09-09 08:45:53,Cleared,Cleared by admin
24bcs10920,September,2026-09-11 16:55:00,Cleared,Batch processed
24bcs11759,August,2026-08-07 06:00:38,Cleared,Cleared by admin
24bcs12167,September,2026-08-08 14:28:06,Cleared,Cleared by admin
24bcs11349,August,2026-08-28 09:12:21,Cleared,Cleared by admin
24bcs11651,September,2026-09-14 02:06:59,Cleared,Cleared by admin
24bcs10060,September,2026-09-09 16:24:29,Cleared,Cleared by admin
24bcs10259,August,2026-08-20 09:38:22,Cleared,Cleared by admin
24bcs11175,September,2026-08-18 10:22:06,Cleared,Cleared by admin
24bcs11814,August,2026-08-28 00:56:05,Cleared,Cleared by admin
24bcs11340,August,2026-09-12 06:49:04,Cleared,Cleared by admin
24bcs10417,August,2026-08-27 05:47:55,Cleared,Cleared by admin
24bcs10734,September,2026-09-04 09:35:41,Cleared,Cleared by admin
24bcs11708,September,2026-09-19 07:43:04,Cleared,Cleared by admin
24bcs10238,September,2026-08-20 20:59:32,Cleared,Cleared by admin
24bcs11798,September,2026-09-11 16:55:00,Cleared,Batch processed
24bcs10732,September,2026-08-12 13:59:43,Cleared,Cleared by admin
24bcs10145,September,2026-09-20 17:34:43,Cleared,Cleared by admin
24bcs11192,September,2026-08-23 00:05:45,Cleared,Cleared by admin
24bcs10372,August,2026-09-08 13:59:12,Cleared,Cleared by admin
24bcs11992,September,2026-09-09 12:36:02,Cleared,Cleared by admin
24bcs10809,September,2026-09-20 15:46:36,Cleared,Cleared by admin
24bcs10252,August,2026-08-16 08:51:47,Cleared,Cleared by admin
24bcs11050,August,2026-09-11 16:55:00,Cleared,Batch processed
24bcs11332,August,2026-09-11 16:55:00,Cleared,Batch processed
24bcs12052,September,2026-09-13 00:33:48,Cleared,Cleared by admin
24bcs10816,September,2026-08-25 14:38:32,Cleared,Cleared by admin
24bcs11220,August,2026-08-09 10:41:37,Cleared,Cleared by admin
24bcs11876,August,2026-09-11 16:42:19,Cleared,Cleared by admin
24bcs10011,September,2026-09-04 13:18:46,Cleared,Cleared by admin
24bcs10388,September,2026-09-17 09:23:07,Cleared,Cleared by admin
24bcs11312,August,2026-08-17 19:33:36,Cleared,Cleared by admin
24bcs12083,August,2026-09-20 11:32:08,Cleared,Cleared by admin
24bcs10603,August,2026-09-11 16:55:00,Cleared,Batch processed
24bcs11913,August,2026-08-05 20:23:09,Cleared,Cleared by admin
24bcs10798,August,2026-09-12 15:01:24,Cleared,Cleared by admin
24bcs11405,September,2026-08-22 22:58:18,Cleared,Cleared by admin
24bcs12057,August,2026-09-11 16:55:00,Cleared,Batch processed
24bcs10239,September,2026-08-13 15:43:28,Cleared,Cleared by admin
24bcs12093,September,2026-09-11 16:55:00,Cleared,Batch processed
24bcs10473,September,2026-09-03 23:47:20,Cleared,Cleared by admin
24bcs12297,September,2026-09-12 05:42:52,Cleared,Cleared by admin
24bcs10834,September,2026-09-17 01:11:17,Cleared,Cleared by admin
24bcs10384,August,2026-09-11 16:55:00,Cleared,Batch processed
24bcs10874,September,2026-09-11 16:55:00,Cleared,Batch processed
24bcs11069,August,2026-08-04 15:56:28,Cleared,Cleared by admin
24bcs11395,September,2026-08-31 00:05:53,Cleared,Cleared by admin
24bcs12141,August,2026-09-09 08:45:57,Cleared,Cleared by admin
24bcs10142,August,2026-09-01 09:55:51,Cleared,Cleared by admin
24bcs10968,August,2026-08-15 09:02:57,Cleared,Cleared by admin
24bcs10421,September,2026-09-11 16:55:00,Cleared,Batch processed
24bcs11002,September,2026-09-02 13:43:03,Cleared,Cleared by admin
24bcs12400,August,2026-08-05 11:21:57,Cleared,Cleared by admin
24bcs11686,September,2026-08-20 05:22:09,Cleared,Cleared by admin
24bcs12277,September,2026-08-09 09:04:29,Cleared,Cleared by admin
24bcs12217,August,2026-08-15 04:17:47,Cleared,Cleared by admin
24bcs10926,September,2026-09-19 01:49:05,Cleared,Cleared by admin
24bcs10326,September,2026-08-05 22:12:36,Cleared,Cleared by admin
24bcs10256,August,2026-09-13 11:17:34,Cleared,Cleared by admin
24bcs10172,August,2026-09-13 01:22:33,Cleared,Cleared by admin
24bcs10195,September,2026-08-07 02:43:21,Cleared,Cleared by admin
24bcs10727,August,2026-08-13 09:01:18,Cleared,Cleared by admin
24bcs11893,September,2026-09-17 21:28:54,Cleared,Cleared by admin
24bcs10484,August,2026-08-10 16:50:21,Cleared,Cleared by admin
24bcs10368,September,2026-08-06 17:06:24,Cleared,Cleared by admin
24bcs12391,September,2026-09-01 03:25:21,Cleared,Cleared by admin
24bcs10962,September,2026-09-11 15:42:14,Cleared,Cleared by admin
24bcs12301,August,2026-08-14 10:01:34,Cleared,Cleared by admin
24bcs12121,August,2026-08-24 13:22:21,Cleared,Cleared by admin
24bcs12475,August,2026-08-28 06:56:37,Cleared,Cleared by admin
24bcs12184,September,2026-08-31 03:42:16,Cleared,Cleared by admin
24bcs10375,September,2026-09-06 13:56:04,Cleared,Cleared by admin
24bcs12476,September,2026-09-20 13:18:39,Cleared,Cleared by admin
24bcs12461,September,2026-09-11 16:55:00,Cleared,Batch processed
24bcs10473,September,2026-09-14 20:26:17,Cleared,Cleared by admin
24bcs10985,August,2026-08-27 22:32:05,Cleared,Cleared by admin
24bcs10466,September,2026-09-01 09:30:55,Cleared,Cleared by admin
24bcs10323,August,2026-09-11 16:55:00,Cleared,Batch processed
24bcs11714,September,2026-09-13 01:53:19,Cleared,Cleared by admin
24bcs10571,September,2026-08-21 18:16:40,Cleared,Cleared by admin
24bcs10295,September,2026-09-21 11:19:14,Cleared,Cleared by admin
24bcs10270,August,2026-09-04 21:21:33,Cleared,Cleared by admin
24bcs10049,August,2026-08-20 08:35:41,Cleared,Cleared by admin
24bcs12419,August,2026-08-09 16:36:25,Cleared,Cleared by admin
24bcs11982,September,2026-08-19 22:15:05,Cleared,Cleared by admin
24bcs10880,September,2026-08-14 07:11:21,Cleared,Cleared by admin
24bcs11196,August,2026-09-05 21:00:27,Cleared,Cleared by admin
24bcs10775,September,2026-08-24 19:04:29,Cleared,Cleared by admin
24bcs10626,August,2026-09-11 16:55:00,Cleared,Batch processed
24bcs12122,September,2026-09-11 16:55:00,Cleared,Batch processed
24bcs11572,September,2026-09-18 05:42:26,Cleared,Cleared by admin
24bcs10391,September,2026-08-30 11:11:19,Cleared,Cleared by admin
24bcs10046,August,2026-08-17 13:41:11,Cleared,Cleared by admin
24bcs11661,August,2026-08-10 03:36:52,Cleared,Cleared by admin
24bcs12407,August,2026-09-12 14:36:10,Cleared,Cleared by admin
24bcs11156,September,2026-08-24 12:28:19,Cleared,Cleared by admin
24bcs10074,September,2026-08-31 05:03:23,Cleared,Cleared by admin
24bcs12208,August,2026-08-20 05:22:52,Cleared,Cleared by admin
24bcs11389,August,2026-08-08 01:30:34,Cleared,Cleared by admin
24bcs11182,September,2026-08-21 08:21:21,Cleared,Cleared by admin
24bcs12048,September,2026-08-24 09:20:51,Cleared,Cleared by admin
24bcs11860,September,2026-09-03 10:50:58,Cleared,Cleared by admin
24bcs11972,September,2026-09-11 16:55:00,Cleared,Batch processed
24bcs10537,September,2026-09-11 16:55:00,Cleared,Batch processed
24bcs11033,August,2026-09-11 16:55:00,Cleared,Batch processed
24bcs10800,September,2026-09-11 16:55:00,Cleared,Batch processed
24bcs10811,August,2026-08-31 10:58:12,Cleared,Cleared by admin
24bcs10738,September,2026-08-19 11:08:09,Cleared,Cleared by admin
24bcs10938,September,2026-08-21 12:48:38,Cleared,Cleared by admin
24bcs11059,September,2026-08-04 01:01:17,Cleared,Cleared by admin
24bcs12216,September,2026-08-21 11:45:51,Cleared,Cleared by admin
24bcs12324,September,2026-08-14 01:02:33,Cleared,Cleared by admin
24bcs10246,September,2026-08-20 22:23:04,Cleared,Cleared by admin
24bcs10455,September,2026-09-14 14:37:01,Cleared,Cleared by admin
24bcs11401,September,2026-08-21 02:38:01,Cleared,Cleared by admin
24bcs11445,August,2026-09-16 15:29:55,Cleared,Cleared by admin
24bcs12135,September,2026-08-10 19:40:05,Cleared,Cleared by admin
24bcs10311,September,2026-08-24 22:22:59,Cleared,Cleared by admin
24bcs10882,August,2026-09-11 03:10:14,Cleared,Cleared by admin
24bcs11268,August,2026-09-08 07:42:21,Cleared,Cleared by admin
24bcs10587,September,2026-09-22 21:10:06,Cleared,Cleared by admin
24bcs11861,September,2026-08-04 13:59:16,Cleared,Cleared by admin
24bcs10321,September,2026-08-15 18:45:04,Cleared,Cleared by admin
24bcs10786,September,2026-08-04 23:16:20,Cleared,Cleared by admin
24bcs10297,August,2026-09-17 03:38:19,Cleared,Cleared by admin
24bcs10947,August,2026-09-16 07:41:35,Cleared,Cleared by admin
24bcs10812,September,2026-09-11 16:55:00,Cleared,Batch processed
24bcs10735,September,2026-08-12 04:42:51,Cleared,Cleared by admin
24bcs10201,August,2026-09-05 01:50:51,Cleared,Cleared by admin
24bcs12408,September,2026-09-04 02:44:24,Cleared,Cleared by admin
24bcs10332,September,2026-09-21 16:00:39,Cleared,Cleared by admin
24bcs10905,September,2026-08-27 13:27:43,Cleared,Cleared by admin
24bcs11938,August,2026-09-11 16:55:00,Cleared,Batch processed
24bcs10708,August,2026-08-31 18:07:12,Cleared,Cleared by admin
24bcs10117,August,2026-09-11 16:55:00,Cleared,Batch processed
24bcs12181,August,2026-08-14 09:28:26,Cleared,Cleared by admin
24bcs10836,August,2026-09-19 13:37:42,Cleared,Cleared by admin
24bcs10721,August,2026-08-30 11:48:44,Cleared,Cleared by admin
24bcs11111,September,2026-09-20 03:57:59,Cleared,Cleared by admin
24bcs12171,August,2026-09-04 12:28:42,Cleared,Cleared by admin
24bcs10448,August,2026-08-09 08:01:13,Cleared,Cleared by admin
24bcs11392,August,2026-09-14 11:27:23,Cleared,Cleared by admin
24bcs10567,August,2026-09-05 02:04:20,Cleared,Cleared by admin
24bcs11547,September,2026-08-25 05:31:28,Cleared,Cleared by admin
24bcs10838,August,2026-08-31 08:15:46,Cleared,Cleared by admin
24bcs12217,August,2026-08-30 17:35:38,Cleared,Cleared by admin
24bcs10294,August,2026-08-06 13:09:01,Cleared,Cleared by admin
24bcs11330,August,2026-08-29 05:33:01,Cleared,Cleared by admin
24bcs11342,August,2026-08-26 02:32:12,Cleared,Cleared by admin
24bcs11498,August,2026-09-07 10:39:30,Cleared,Cleared by admin
24bcs11474,August,2026-09-09 16:20:11,Cleared,Cleared by admin
24bcs12098,August,2026-09-03 08:15:37,Cleared,Cleared by admin
24bcs10837,September,2026-09-12 00:43:44,Cleared,Cleared by admin
24bcs11597,August,2026-09-11 16:55:00,Cleared,Batch processed
24bcs11041,September,2026-09-21 15:37:57,Cleared,Cleared by admin
24bcs12342,September,2026-08-29 09:57:58,Cleared,Cleared by admin
24bcs12189,September,2026-09-05 18:22:46,Cleared,Cleared by admin
24bcs11593,September,2026-09-10 03:16:44,Cleared,Cleared by admin
24bcs11760,September,2026-09-10 09:13:50,Cleared,Cleared by admin
24bcs11360,August,2026-08-16 15:55:26,Cleared,Cleared by admin
24bcs12490,September,2026-08-30 10:46:24,Cleared,Cleared by admin
24bcs10333,September,2026-09-17 03:35:11,Cleared,Cleared by admin
24bcs10231,September,2026-09-11 16:55:00,Cleared,Batch processed
24bcs11308,September,2026-09-04 02:19:05,Cleared,Cleared by admin
24bcs10184,September,2026-09-11 16:55:00,Cleared,Batch processed
24bcs10802,August,2026-09-11 17:11:55,Cleared,Cleared by admin
24bcs10386,September,2026-08-13 11:45:55,Cleared,Cleared by admin
24bcs11938,August,2026-09-14 08:06:13,Cleared,Cleared by admin
24bcs11717,September,2026-09-11 16:55:00,Cleared,Batch processed
24bcs11548,September,2026-08-18 00:09:49,Cleared,Cleared by admin
24bcs10892,September,2026-08-18 20:02:52,Cleared,Cleared by admin
24bcs11855,September,2026-09-12 16:42:17,Cleared,Cleared by admin
24bcs11139,August,2026-09-20 10:18:42,Cleared,Cleared by admin
24bcs10272,August,2026-09-11 16:55:00,Cleared,Batch processed
24bcs11918,August,2026-09-11 16:55:00,Cleared,Batch processed
24bcs11157,September,2026-09-08 02:19:06,Cleared,Cleared by admin
24bcs11872,August,2026-08-24 22:10:35,Cleared,Cleared by admin
24bcs11499,September,2026-09-11 16:55:00,Cleared,Batch processed
24bcs12149,September,2026-08-17 23:58:51,Cleared,Cleared by admin
24bcs12318,August,2026-09-22 02:53:37,Cleared,Cleared by admin
24bcs11549,September,2026-08-30 20:08:22,Cleared,Cleared by admin
24bcs10091,September,2026-09-06 22:53:24,Cleared,Cleared by admin
24bcs10798,September,2026-08-26 07:11:06,Cleared,Cleared by admin
24bcs11091,August,2026-08-29 13:21:12,Cleared,Cleared by admin
24bcs11160,August,2026-09-11 04:26:33,Cleared,Cleared by admin
24bcs11380,August,2026-08-06 22:19:07,Cleared,Cleared by admin
24bcs11276,August,2026-08-09 03:22:37,Cleared,Cleared by admin
24bcs11591,September,2026-08-13 11:51:19,Cleared,Cleared by admin
24bcs10345,August,2026-09-22 00:58:29,Cleared,Cleared by admin
24bcs11785,September,2026-09-17 19:07:44,Cleared,Cleared by admin
24bcs10579,September,2026-09-17 14:55:53,Cleared,Cleared by admin
24bcs10812,September,2026-08-13 03:53:19,Cleared,Cleared by admin
24bcs10757,September,2026-09-11 16:55:00,Cleared,Batch processed
24bcs10010,August,2026-08-13 07:54:06,Cleared,Cleared by admin
24bcs11446,September,2026-09-11 16:55:00,Cleared,Batch processed
24bcs11591,September,2026-09-21 19:22:07,Cleared,Cleared by admin
24bcs11153,September,2026-08-24 13:31:25,Cleared,Cleared by admin
24bcs11913,September,2026-09-07 11:35:50,Cleared,Cleared by admin
24bcs12349,September,2026-08-08 00:34:15,Cleared,Cleared by admin
24bcs11184,August,2026-08-15 11:39:18,Cleared,Cleared by admin
24bcs10077,August,2026-09-15 07:33:25,Cleared,Cleared by admin
24bcs12444,August,2026-08-30 17:01:36,Cleared,Cleared by admin
24bcs10308,August,2026-08-16 01:30:34,Cleared,Cleared by admin
24bcs11723,August,2026-08-15 20:22:20,Cleared,Cleared by admin
24bcs11310,August,2026-08-26 05:56:52,Cleared,Cleared by admin
24bcs11687,August,2026-09-17 07:59:01,Cleared,Cleared by admin
24bcs12239,September,2026-08-20 23:46:50,Cleared,Cleared by admin
24bcs10183,August,2026-09-05 14:33:10,Cleared,Cleared by admin
24bcs11401,August,2026-08-31 06:04:37,Cleared,Cleared by admin
24bcs10460,August,2026-09-11 16:55:00,Cleared,Batch processed
24bcs10754,September,2026-08-31 23:46:24,Cleared,Cleared by admin
24bcs12427,September,2026-08-25 16:29:28,Cleared,Cleared by admin
24bcs11577,August,2026-08-08 19:27:19,Cleared,Cleared by admin
24bcs12083,August,2026-08-27 22:22:04,Cleared,Cleared by admin
24bcs10230,August,2026-09-11 16:55:00,Cleared,Batch processed
24bcs10781,August,2026-08-18 01:16:57,Cleared,Cleared by admin
24bcs12197,August,2026-08-12 11:22:32,Cleared,Cleared by admin
24bcs10030,August,2026-09-08 03:07:08,Cleared,Cleared by admin
24bcs11260,September,2026-09-14 03:57:08,Cleared,Cleared by admin
24bcs11647,August,2026-09-07 09:02:23,Cleared,Cleared by admin
24bcs11988,August,2026-09-01 23:31:03,Cleared,Cleared by admin
24bcs10764,September,2026-08-24 07:35:15,Cleared,Cleared by admin
24bcs12231,September,2026-08-23 08:38:57,Cleared,Cleared by admin
24bcs11432,August,2026-09-10 19:25:46,Cleared,Cleared by admin
24bcs10003,September,2026-08-24 19:50:33,Cleared,Cleared by admin
24bcs11999,August,2026-08-07 12:53:46,Cleared,Cleared by admin
24bcs11627,August,2026-09-11 16:55:00,Cleared,Batch processed
24bcs10306,August,2026-09-11 16:55:00,Cleared,Batch processed
24bcs11534,September,2026-08-20 08:44:00,Cleared,Cleared by admin
24bcs11393,August,2026-08-11 15:03:24,Cleared,Cleared by admin
24bcs11882,September,2026-08-23 20:13:57,Cleared,Cleared by admin
24bcs12275,September,2026-09-08 14:57:33,Cleared,Cleared by admin
24bcs11819,August,2026-09-21 18:24:37,Cleared,Cleared by admin
24bcs11643,September,2026-09-04 21:07:03,Cleared,Cleared by admin
24bcs10985,September,2026-08-24 08:18:53,Cleared,Cleared by admin
24bcs10305,August,2026-08-24 19:37:06,Cleared,Cleared by admin
24bcs11744,August,2026-08-12 05:06:06,Cleared,Cleared by admin
24bcs11596,August,2026-09-11 16:55:00,Cleared,Batch processed
24bcs10737,September,2026-08-22 06:35:51,Cleared,Cleared by admin
24bcs10849,September,2026-08-22 11:46:47,Cleared,Cleared by admin
24bcs11308,August,2026-09-18 20:37:14,Cleared,Cleared by admin
24bcs10065,August,2026-09-11 16:55:00,Cleared,Batch processed
24bcs11152,August,2026-08-21 00:21:27,Cleared,Cleared by admin
24bcs12215,September,2026-09-11 16:55:00,Cleared,Batch processed
24bcs11553,August,2026-08-31 15:59:31,Cleared,Cleared by admin
24bcs11344,September,2026-09-09 00:29:46,Cleared,Cleared by admin
24bcs12087,September,2026-09-04 04:03:05,Cleared,Cleared by admin
24bcs12425,September,2026-08-28 19:57:21,Cleared,Cleared by admin
24bcs11750,August,2026-08-31 14:54:04,Cleared,Cleared by admin
24bcs12241,August,2026-09-04 10:52:14,Cleared,Cleared by admin
24bcs10956,August,2026-09-14 13:57:20,Cleared,Cleared by admin
24bcs10952,September,2026-09-11 01:10:31,Cleared,Cleared by admin
24bcs10694,September,2026-08-05 23:56:34,Cleared,Cleared by admin
24bcs12462,August,2026-09-18 08:33:21,Cleared,Cleared by admin
24bcs10060,September,2026-08-21 07:30:26,Cleared,Cleared by admin
24bcs11269,August,2026-08-10 01:13:18,Cleared,Cleared by admin
24bcs10090,September,2026-08-10 16:04:46,Cleared,Cleared by admin
24bcs10707,September,2026-09-17 01:13:15,Cleared,Cleared by admin
24bcs10264,August,2026-08-16 20:26:30,Cleared,Cleared by admin
24bcs10853,August,2026-08-05 23:03:39,Cleared,Cleared by admin
24bcs11771,September,2026-08-20 11:56:51,Cleared,Cleared by admin
24bcs10936,August,2026-09-16 02:27:39,Cleared,Cleared by admin
24bcs11985,August,2026-08-15 00:23:48,Cleared,Cleared by admin
24bcs10661,August,2026-08-25 01:10:08,Cleared,Cleared by admin
24bcs12068,August,2026-08-08 02:53:48,Cleared,Cleared by admin
24bcs12089,September,2026-09-11 16:04:24,Cleared,Cleared by admin
24bcs10376,August,2026-08-22 07:42:04,Cleared,Cleared by admin
24bcs11468,September,2026-09-02 09:11:26,Cleared,Cleared by admin
24bcs10220,September,2026-09-21 01:00:52,Cleared,Cleared by admin
24bcs11568,August,2026-08-12 06:18:26,Cleared,Cleared by admin
24bcs12011,August,2026-09-11 17:33:20,Cleared,Cleared by admin
24bcs10759,August,2026-08-18 14:31:38,Cleared,Cleared by admin
24bcs12468,September,2026-08-15 21:49:08,Cleared,Cleared by admin
24bcs11048,August,2026-09-12 19:00:49,Cleared,Cleared by admin
24bcs10091,September,2026-09-05 03:02:27,Cleared,Cleared by admin
24bcs12482,September,2026-08-20 16:22:06,Cleared,Cleared by admin
24bcs10470,September,2026-09-08 10:40:18,Cleared,Cleared by admin
24bcs10099,September,2026-09-11 16:55:00,Cleared,Batch processed
24bcs11877,August,2026-08-31 03:50:51,Cleared,Cleared by admin
24bcs10089,September,2026-08-15 18:15:36,Cleared,Cleared by admin
24bcs12490,September,2026-09-13 14:56:17,Cleared,Cleared by admin
24bcs11981,September,2026-08-13 07:17:42,Cleared,Cleared by admin
24bcs11207,August,2026-08-05 16:25:15,Cleared,Cleared by admin
24bcs11138,August,2026-08-22 02:29:41,Cleared,Cleared by admin
24bcs10040,September,2026-08-12 10:51:27,Cleared,Cleared by admin
24bcs10032,September,2026-09-11 16:55:00,Cleared,Batch processed
24bcs10344,August,2026-09-11 16:55:00,Cleared,Batch processed
24bcs10587,August,2026-09-09 22:35:13,Cleared,Cleared by admin
24bcs11598,August,2026-08-12 11:13:18,Cleared,Cleared by admin
24bcs12106,September,2026-08-05 03:11:33,Cleared,Cleared by admin
24bcs11326,August,2026-09-20 02:28:26,Cleared,Cleared by admin
24bcs12174,August,2026-08-09 05:04:59,Cleared,Cleared by admin
24bcs10600,September,2026-08-06 16:01:32,Cleared,Cleared by admin
24bcs10109,August,2026-09-21 07:13:59,Cleared,Cleared by admin
24bcs11313,September,2026-08-16 18:20:57,Cleared,Cleared by admin
24bcs11204,September,2026-09-06 17:06:52,Cleared,Cleared by admin
24bcs10518,August,2026-08-11 12:15:42,Cleared,Cleared by admin
24bcs11739,August,2026-08-22 23:39:48,Cleared,Cleared by admin
24bcs10048,August,2026-09-05 14:08:19,Cleared,Cleared by admin
24bcs12024,September,2026-09-01 00:28:25,Cleared,Cleared by admin
24bcs11743,August,2026-09-13 15:29:12,Cleared,Cleared by admin
24bcs10072,September,2026-09-06 09:37:31,Cleared,Cleared by admin
24bcs11421,September,2026-09-11 16:55:00,Cleared,Batch processed
24bcs10975,August,2026-09-14 02:05:20,Cleared,Cleared by admin
24bcs11670,September,2026-09-17 08:44:56,Cleared,Cleared by admin
24bcs11565,September,2026-09-11 16:55:00,Cleared,Batch processed
24bcs11439,September,2026-08-10 01:16:45,Cleared,Cleared by admin
24bcs10264,August,2026-09-11 16:55:00,Cleared,Batch processed
24bcs11172,August,2026-08-15 16:44:17,Cleared,Cleared by admin
24bcs11343,September,2026-09-11 16:55:00,Cleared,Batch processed
24bcs11069,September,2026-08-30 03:27:10,Cleared,Cleared by admin
24bcs10884,August,2026-08-18 07:09:24,Cleared,Cleared by admin
24bcs11963,September,2026-09-11 06:25:24,Cleared,Cleared by admin
24bcs12286,August,2026-08-10 02:45:07,Cleared,Cleared by admin
24bcs10050,August,2026-09-15 22:01:41,Cleared,Cleared by admin
24bcs10001,September,2026-08-10 18:32:20,Cleared,Cleared by admin
24bcs10656,September,2026-08-15 20:00:49,Cleared,Cleared by admin
24bcs11335,August,2026-09-18 14:30:45,Cleared,Cleared by admin
24bcs10744,August,2026-08-02 18:44:02,Cleared,Cleared by admin
24bcs10181,September,2026-08-13 11:39:38,Cleared,Cleared by admin
24bcs11410,September,2026-09-15 16:03:00,Cleared,Cleared by admin
24bcs12463,September,2026-09-11 16:55:00,Cleared,Batch processed
24bcs10368,August,2026-09-20 11:50:08,Cleared,Cleared by admin
24bcs10759,August,2026-09-09 00:32:51,Cleared,Cleared by admin
24bcs11353,September,2026-09-14 23:27:00,Cleared,Cleared by admin
24bcs11443,August,2026-08-19 00:24:17,Cleared,Cleared by admin
24bcs10868,August,2026-09-11 16:55:00,Cleared,Batch processed
24bcs12237,September,2026-09-17 06:03:01,Cleared,Cleared by admin
24bcs10324,August,2026-08-24 10:52:30,Cleared,Cleared by admin
24bcs10113,August,2026-08-11 07:05:59,Cleared,Cleared by admin
24bcs12357,September,2026-09-13 18:44:06,Cleared,Cleared by admin
24bcs10047,September,2026-08-13 01:41:07,Cleared,Cleared by admin
24bcs12008,August,2026-09-11 16:55:00,Cleared,Batch processed
24bcs10729,September,2026-09-06 12:09:03,Cleared,Cleared by admin
24bcs12445,August,2026-08-23 14:21:19,Cleared,Cleared by admin
24bcs11076,August,2026-09-11 16:55:00,Cleared,Batch processed
24bcs10181,September,2026-09-09 22:01:25,Cleared,Cleared by admin
24bcs11948,August,2026-09-11 16:55:00,Cleared,Batch processed
24bcs10559,August,2026-08-05 22:27:17,Cleared,Cleared by admin
24bcs11883,September,2026-08-19 04:34:35,Cleared,Cleared by admin
24bcs11075,August,2026-09-11 16:55:00,Cleared,Batch processed
24bcs10405,September,2026-08-30 10:35:10,Cleared,Cleared by admin
24bcs11364,September,2026-08-16 13:21:53,Cleared,Cleared by admin
24bcs10931,September,2026-09-20 00:12:54,Cleared,Cleared by admin
24bcs11623,September,2026-08-30 06:40:09,Cleared,Cleared by admin
24bcs10710,September,2026-09-10 14:13:09,Cleared,Cleared by admin
24bcs10902,August,2026-08-19 02:25:55,Cleared,Cleared by admin
24bcs10295,September,2026-08-09 14:02:18,Cleared,Cleared by admin
24bcs10332,August,2026-09-07 08:34:54,Cleared,Cleared by admin
24bcs12119,August,2026-09-11 16:55:00,Cleared,Batch processed
24bcs11567,September,2026-09-11 16:55:00,Cleared,Batch processed
24bcs10827,August,2026-09-22 09:35:12,Cleared,Cleared by admin
24bcs12080,September,2026-09-11 16:55:00,Cleared,Batch processed
24bcs12045,August,2026-09-07 16:28:24,Cleared,Cleared by admin
24bcs12155,August,2026-08-18 11:51:16,Cleared,Cleared by admin
24bcs12212,September,2026-08-08 01:26:41,Cleared,Cleared by admin
24bcs11784,August,2026-08-04 17:05:21,Cleared,Cleared by admin
24bcs10574,September,2026-09-19 17:40:54,Cleared,Cleared by admin
24bcs11415,August,2026-08-14 10:44:42,Cleared,Cleared by admin
24bcs11368,September,2026-08-27 22:39:42,Cleared,Cleared by admin
24bcs10369,August,2026-08-13 15:47:39,Cleared,Cleared by admin
24bcs12496,September,2026-08-28 15:26:00,Cleared,Cleared by admin
24bcs11323,August,2026-09-11 16:55:00,Cleared,Batch processed
24bcs10954,August,2026-08-23 09:02:02,Cleared,Cleared by admin
24bcs12426,August,2026-09-11 16:55:00,Cleared,Batch processed
24bcs11823,September,2026-09-11 08:02:29,Cleared,Cleared by admin
24bcs12232,September,2026-09-11 16:55:00,Cleared,Batch processed
24bcs12155,August,2026-08-13 02:36:59,Cleared,Cleared by admin
24bcs10171,September,2026-09-15 21:49:40,Cleared,Cleared by admin
24bcs10543,September,2026-08-25 07:15:43,Cleared,Cleared by admin
24bcs12279,September,2026-09-10 05:05:35,Cleared,Cleared by admin
24bcs11186,September,2026-08-29 02:15:35,Cleared,Cleared by admin
24bcs10294,August,2026-09-21 16:04:18,Cleared,Cleared by admin
24bcs10786,August,2026-08-05 17:57:49,Cleared,Cleared by admin
24bcs11818,September,2026-09-14 22:31:34,Cleared,Cleared by admin
24bcs11581,August,2026-09-06 00:17:47,Cleared,Cleared by admin
24bcs11481,September,2026-08-23 09:11:48,Cleared,Cleared by admin
24bcs10258,August,2026-09-10 14:37:53,Cleared,Cleared by admin
24bcs10552,September,2026-08-23 22:50:43,Cleared,Cleared by admin
24bcs11988,September,2026-08-07 07:27:56,Cleared,Cleared by admin
24bcs11835,August,2026-09-21 17:36:59,Cleared,Cleared by admin
24bcs12431,August,2026-08-16 15:09:50,Cleared,Cleared by admin
24bcs12242,September,2026-09-11 16:55:00,Cleared,Batch processed
24bcs10064,August,2026-09-15 20:30:14,Cleared,Cleared by admin
24bcs10111,August,2026-09-20 20:24:23,Cleared,Cleared by admin
24bcs10605,September,2026-08-23 13:35:57,Cleared,Cleared by admin
24bcs12399,September,2026-09-11 16:55:00,Cleared,Batch processed
24bcs11770,August,2026-09-11 11:36:42,Cleared,Cleared by admin
24bcs11650,August,2026-09-11 16:55:00,Cleared,Batch processed
24bcs10818,August,2026-08-18 13:03:46,Cleared,Cleared by admin
24bcs12000,August,2026-09-11 16:55:00,Cleared,Batch processed
24bcs10607,September,2026-09-11 16:55:00,Cleared,Batch processed
24bcs10153,September,2026-09-09 08:39:09,Cleared,Cleared by admin
24bcs11510,August,2026-08-24 22:01:22,Cleared,Cleared by admin
24bcs10151,September,2026-08-27 11:11:12,Cleared,Cleared by admin
24bcs10545,September,2026-08-28 05:43:37,Cleared,Cleared by admin
24bcs12136,August,2026-09-15 01:51:22,Cleared,Cleared by admin
24bcs12244,September,2026-09-11 16:55:00,Cleared,Batch processed
24bcs10068,August,2026-09-06 10:03:26,Cleared,Cleared by admin
24bcs10922,August,2026-08-30 00:23:18,Cleared,Cleared by admin
24bcs12386,September,2026-09-15 08:11:38,Cleared,Cleared by admin
24bcs10897,August,2026-09-07 17:12:57,Cleared,Cleared by admin
24bcs10907,August,2026-09-08 21:20:31,Cleared,Cleared by admin
24bcs10332,September,2026-09-04 20:54:06,Cleared,Cleared by admin
24bcs12348,September,2026-09-07 20:53:50,Cleared,Cleared by admin
24bcs11456,September,2026-09-21 13:58:15,Cleared,Cleared by admin
24bcs12191,September,2026-09-15 17:43:20,Cleared,Cleared by admin
24bcs12293,August,2026-09-02 13:09:45,Cleared,Cleared by admin
24bcs11166,September,2026-08-17 22:38:58,Cleared,Cleared by admin
24bcs11245,August,2026-09-02 22:55:27,Cleared,Cleared by admin
24bcs12394,August,2026-09-11 14:59:04,Cleared,Cleared by admin
24bcs11348,September,2026-08-22 04:52:50,Cleared,Cleared by admin
24bcs11262,August,2026-09-03 14:44:46,Cleared,Cleared by admin
24bcs11293,September,2026-08-15 10:29:34,Cleared,Cleared by admin
24bcs10843,September,2026-09-11 16:55:00,Cleared,Batch processed
24bcs11997,September,2026-09-07 20:50:00,Cleared,Cleared by admin
24bcs10546,September,2026-08-11 17:00:17,Cleared,Cleared by admin
24bcs10298,August,2026-09-21 10:17:14,Cleared,Cleared by admin
24bcs11901,September,2026-08-24 22:15:27,Cleared,Cleared by admin
24bcs12182,September,2026-09-20 09:08:48,Cleared,Cleared by admin
24bcs10987,September,2026-08-18 18:17:19,Cleared,Cleared by admin
24bcs11053,September,2026-08-12 19:47:06,Cleared,Cleared by admin
24bcs11778,September,2026-08-04 18:01:22,Cleared,Cleared by admin
24bcs10529,September,2026-09-11 16:55:00,Cleared,Batch processed
24bcs11486,September,2026-09-11 16:55:00,Cleared,Batch processed
24bcs10076,September,2026-09-10 18:00:08,Cleared,Cleared by admin
24bcs11272,September,2026-08-12 13:53:14,Cleared,Cleared by admin
24bcs10196,August,2026-08-22 10:46:53,Cleared,Cleared by admin
24bcs10971,August,2026-09-19 17:10:33,Cleared,Cleared by admin
24bcs12242,September,2026-09-12 04:17:13,Cleared,Cleared by admin
24bcs10800,August,2026-08-27 17:30:01,Cleared,Cleared by admin
24bcs11618,September,2026-08-11 06:12:00,Cleared,Cleared by admin
24bcs10061,September,2026-09-01 02:57:26,Cleared,Cleared by admin
24bcs10414,September,2026-08-09 17:51:03,Cleared,Cleared by admin
24bcs10433,August,2026-08-20 06:04:53,Cleared,Cleared by admin
24bcs10938,August,2026-09-11 16:55:00,Cleared,Batch processed
24bcs11978,August,2026-08-05 17:55:06,Cleared,Cleared by admin
24bcs11314,September,2026-09-01 07:33:05,Cleared,Cleared by admin
24bcs10124,August,2026-08-21 13:05:55,Cleared,Cleared by admin
24bcs11568,August,2026-09-09 14:51:03,Cleared,Cleared by admin
24bcs11985,September,2026-08-31 03:56:12,Cleared,Cleared by admin
24bcs10800,September,2026-09-10 14:40:21,Cleared,Cleared by admin
24bcs10546,August,2026-08-29 02:26:22,Cleared,Cleared by admin
24bcs10464,September,2026-08-12 22:28:15,Cleared,Cleared by admin
24bcs11800,August,2026-09-13 17:22:32,Cleared,Cleared by admin
24bcs11498,August,2026-08-12 10:25:01,Cleared,Cleared by admin
24bcs10885,August,2026-08-26 21:31:20,Cleared,Cleared by admin
24bcs10249,September,2026-09-11 16:55:00,Cleared,Batch processed
24bcs10821,August,2026-09-01 06:58:28,Cleared,Cleared by admin
24bcs10188,August,2026-09-11 16:55:00,Cleared,Batch processed
24bcs10153,August,2026-08-28 17:05:14,Cleared,Cleared by admin
24bcs10101,August,2026-08-19 15:08:30,Cleared,Cleared by admin
24bcs12046,September,2026-09-08 19:44:12,Cleared,Cleared by admin
24bcs11379,September,2026-08-15 12:42:42,Cleared,Cleared by admin
24bcs11974,September,2026-09-15 00:24:07,Cleared,Cleared by admin
24bcs11967,August,2026-09-12 01:36:55,Cleared,Cleared by admin
24bcs11009,August,2026-09-11 16:55:00,Cleared,Batch processed
24bcs12397,August,2026-08-31 17:30:49,Cleared,Cleared by admin
24bcs11015,August,2026-09-11 16:55:00,Cleared,Batch processed
24bcs10025,September,2026-08-05 09:58:47,Cleared,Cleared by admin
24bcs12019,September,2026-08-22 11:48:48,Cleared,Cleared by admin
24bcs11288,September,2026-09-15 17:25:43,Cleared,Cleared by admin
24bcs10201,August,2026-08-12 09:30:59,Cleared,Cleared by admin
24bcs10199,August,2026-08-17 14:02:25,Cleared,Cleared by admin
24bcs10385,September,2026-09-06 03:53:22,Cleared,Cleared by admin
24bcs11731,August,2026-09-20 10:53:33,Cleared,Cleared by admin
24bcs10558,September,2026-08-07 10:44:11,Cleared,Cleared by admin
24bcs11420,August,2026-09-11 16:55:00,Cleared,Batch processed
24bcs12446,September,2026-09-11 16:55:00,Cleared,Batch processed
24bcs10581,August,2026-09-17 15:49:21,Cleared,Cleared by admin
24bcs10037,September,2026-09-11 16:55:00,Cleared,Batch processed
24bcs12038,September,2026-08-15 18:50:00,Cleared,Cleared by admin
24bcs11103,September,2026-09-09 07:57:06,Cleared,Cleared by admin
24bcs12359,September,2026-09-11 16:55:00,Cleared,Batch processed
24bcs11077,August,2026-09-18 19:39:12,Cleared,Cleared by admin
24bcs11005,August,2026-08-19 10:52:30,Cleared,Cleared by admin
24bcs12053,September,2026-09-03 11:29:16,Cleared,Cleared by admin
24bcs10498,September,2026-08-07 06:52:13,Cleared,Cleared by admin
24bcs10728,August,2026-08-27 16:17:16,Cleared,Cleared by admin
24bcs10332,September,2026-09-11 16:55:00,Cleared,Batch processed
24bcs12174,August,2026-08-06 13:46:10,Cleared,Cleared by admin
24bcs10089,September,2026-09-11 05:49:44,Cleared,Cleared by admin
24bcs11216,September,2026-09-12 13:42:56,Cleared,Cleared by admin
24bcs12162,August,2026-09-11 16:55:00,Cleared,Batch processed
24bcs10623,August,2026-09-11 16:55:00,Cleared,Batch processed
24bcs10646,August,2026-08-04 22:12:15,Cleared,Cleared by admin
24bcs12218,August,2026-08-21 20:25:15,Cleared,Cleared by admin
24bcs10205,August,2026-09-07 19:22:27,Cleared,Cleared by admin
24bcs11085,August,2026-08-27 07:52:51,Cleared,Cleared by admin
24bcs11999,September,2026-09-09 12:25:13,Cleared,Cleared by admin
24bcs12168,September,2026-09-05 07:32:58,Cleared,Cleared by admin
24bcs11461,September,2026-09-11 16:55:00,Cleared,Batch processed
24bcs12167,August,2026-09-11 16:55:00,Cleared,Batch processed
24bcs11874,September,2026-09-11 16:55:00,Cleared,Batch processed
24bcs11371,August,2026-08-12 14:16:14,Cleared,Cleared by admin
24bcs10490,August,2026-09-08 23:31:43,Cleared,Cleared by admin
24bcs11482,August,2026-08-12 20:38:05,Cleared,Cleared by admin
24bcs10264,August,2026-08-09 14:17:42,Cleared,Cleared by admin
24bcs11073,August,2026-08-24 04:36:48,Cleared,Cleared by admin
24bcs12406,August,2026-08-21 20:36:30,Cleared,Cleared by admin
24bcs11421,September,2026-09-12 18:22:33,Cleared,Cleared by admin
24bcs10430,August,2026-08-21 18:10:54,Cleared,Cleared by admin
24bcs11240,September,2026-08-31 06:23:41,Cleared,Cleared by admin
24bcs12282,August,2026-09-20 18:15:43,Cleared,Cleared by admin
24bcs10281,September,2026-09-09 20:28:50,Cleared,Cleared by admin
24bcs12203,September,2026-08-18 03:27:49,Cleared,Cleared by admin
24bcs10344,August,2026-08-07 00:30:17,Cleared,Cleared by admin
24bcs10025,September,2026-09-19 18:32:30,Cleared,Cleared by admin
24bcs10804,August,2026-08-21 04:14:36,Cleared,Cleared by admin
24bcs11217,August,2026-09-07 11:37:18,Cleared,Cleared by admin
24bcs11169,September,2026-09-01 00:35:37,Cleared,Cleared by admin
24bcs12209,August,2026-09-15 19:55:46,Cleared,Cleared by admin
24bcs10873,August,2026-09-08 15:33:52,Cleared,Cleared by admin
24bcs12385,September,2026-08-14 07:06:13,Cleared,Cleared by admin
24bcs11633,August,2026-08-05 21:39:20,Cleared,Cleared by admin
24bcs10184,September,2026-09-08 20:25:50,Cleared,Cleared by admin
24bcs11980,August,2026-08-30 18:10:16,Cleared,Cleared by admin
24bcs11066,August,2026-08-16 11:58:02,Cleared,Cleared by admin
24bcs10721,August,2026-08-16 05:42:26,Cleared,Cleared by admin
24bcs10317,August,2026-08-19 16:16:20,Cleared,Cleared by admin
24bcs10869,August,2026-08-06 19:18:06,Cleared,Cleared by admin
24bcs11433,August,2026-08-21 16:15:42,Cleared,Cleared by admin
24bcs11733,August,2026-09-11 16:55:00,Cleared,Batch processed
24bcs11751,August,2026-09-20 14:08:31,Cleared,Cleared by admin
24bcs11227,August,2026-09-01 21:57:37,Cleared,Cleared by admin
24bcs10147,August,2026-09-09 21:10:32,Cleared,Cleared by admin
24bcs12260,August,2026-08-05 07:42:24,Cleared,Cleared by admin
24bcs11382,September,2026-09-12 14:48:09,Cleared,Cleared by admin
24bcs10573,September,2026-09-11 16:55:00,Cleared,Batch processed
24bcs10487,August,2026-09-12 03:39:37,Cleared,Cleared by admin
24bcs10455,September,2026-09-06 21:11:46,Cleared,Cleared by admin
24bcs10647,August,2026-09-17 02:36:11,Cleared,Cleared by admin
24bcs11712,August,2026-09-06 12:56:24,Cleared,Cleared by admin
24bcs10102,September,2026-08-29 06:19:07,Cleared,Cleared by admin
24bcs11222,August,2026-08-08 14:42:44,Cleared,Cleared by admin
24bcs10699,August,2026-08-06 09:01:07,Cleared,Cleared by admin
24bcs10705,August,2026-09-03 15:09:57,Cleared,Cleared by admin
24bcs11338,August,2026-08-10 03:33:38,Cleared,Cleared by admin
24bcs11384,August,2026-08-23 03:18:27,Cleared,Cleared by admin
24bcs10266,August,2026-08-08 04:51:38,Cleared,Cleared by admin
24bcs10083,August,2026-08-19 21:45:17,Cleared,Cleared by admin
24bcs12152,September,2026-08-20 12:01:59,Cleared,Cleared by admin
24bcs12078,September,2026-08-15 13:13:53,Cleared,Cleared by admin
24bcs10110,August,2026-08-20 16:53:42,Cleared,Cleared by admin
24bcs11941,September,2026-08-10 11:43:32,Cleared,Cleared by admin
24bcs11896,August,2026-09-03 14:23:35,Cleared,Cleared by admin
24bcs11412,September,2026-08-19 21:32:15,Cleared,Cleared by admin
24bcs11603,August,2026-09-09 01:25:50,Cleared,Cleared by admin
24bcs10143,September,2026-09-11 16:55:00,Cleared,Batch processed
24bcs11165,August,2026-08-31 07:21:15,Cleared,Cleared by admin
24bcs11821,September,2026-08-18 15:16:33,Cleared,Cleared by admin
24bcs11758,September,2026-09-11 16:55:00,Cleared,Batch processed
24bcs10251,August,2026-08-16 20:54:41,Cleared,Cleared by admin
24bcs12486,August,2026-08-31 18:20:24,Cleared,Cleared by admin
24bcs12396,August,2026-08-19 15:34:29,Cleared,Cleared by admin
24bcs10692,September,2026-09-18 20:22:10,Cleared,Cleared by admin
24bcs10005,September,2026-08-11 09:43:49,Cleared,Cleared by admin
24bcs11637,August,2026-08-24 00:23:35,Cleared,Cleared by admin
24bcs11027,August,2026-09-11 16:55:00,Cleared,Batch processed
24bcs10994,September,2026-09-16 08:40:26,Cleared,Cleared by admin
24bcs10873,August,2026-09-13 19:22:19,Cleared,Cleared by admin
24bcs11808,September,2026-09-11 16:55:00,Cleared,Batch processed
24bcs11273,August,2026-08-17 23:58:27,Cleared,Cleared by admin
24bcs11359,August,2026-08-09 00:28:10,Cleared,Cleared by admin
24bcs10172,August,2026-09-23 16:37:03,Cleared,Cleared by admin
24bcs10186,September,2026-08-07 10:08:17,Cleared,Cleared by admin
24bcs10771,September,2026-08-06 19:20:04,Cleared,Cleared by admin
24bcs10201,September,2026-08-03 19:50:12,Cleared,Cleared by admin
24bcs10068,September,2026-09-08 22:33:25,Cleared,Cleared by admin
24bcs10430,September,2026-09-11 16:55:00,Cleared,Batch processed
24bcs11631,September,2026-08-12 12:47:53,Cleared,Cleared by admin
24bcs12470,August,2026-09-17 16:15:13,Cleared,Cleared by admin
24bcs10960,August,2026-08-30 12:27:18,Cleared,Cleared by admin
24bcs10015,August,2026-08-09 18:25:15,Cleared,Cleared by admin
24bcs11705,September,2026-08-11 06:54:02,Cleared,Cleared by admin
24bcs12277,August,2026-08-26 06:16:29,Cleared,Cleared by admin
24bcs10120,September,2026-08-19 22:34:33,Cleared,Cleared by admin
24bcs11967,September,2026-08-24 04:20:07,Cleared,Cleared by admin
24bcs10985,August,2026-09-13 11:14:48,Cleared,Cleared by admin
24bcs11056,September,2026-09-09 14:07:19,Cleared,Cleared by admin
24bcs10100,August,2026-08-28 17:45:33,Cleared,Cleared by admin
24bcs10108,September,2026-08-03 23:58:35,Cleared,Cleared by admin
24bcs10250,September,2026-09-11 16:55:00,Cleared,Batch processed
24bcs10986,August,2026-09-07 14:19:28,Cleared,Cleared by admin
24bcs12280,August,2026-09-21 15:38:16,Cleared,Cleared by admin
24bcs10152,August,2026-08-17 00:18:46,Cleared,Cleared by admin
24bcs11293,August,2026-09-17 08:14:30,Cleared,Cleared by admin
24bcs11908,August,2026-09-19 17:49:44,Cleared,Cleared by admin
24bcs10626,September,2026-08-14 20:20:46,Cleared,Cleared by admin
24bcs11048,September,2026-09-11 16:55:00,Cleared,Batch processed
24bcs11720,August,2026-08-17 07:44:33,Cleared,Cleared by admin
24bcs10233,August,2026-08-11 16:06:16,Cleared,Cleared by admin
24bcs10529,September,2026-09-08 09:25:10,Cleared,Cleared by admin
24bcs12368,August,2026-08-28 01:50:21,Cleared,Cleared by admin
24bcs12324,August,2026-08-27 14:31:53,Cleared,Cleared by admin
24bcs12443,September,2026-08-12 23:43:38,Cleared,Cleared by admin
24bcs11078,August,2026-09-05 03:59:19,Cleared,Cleared by admin
24bcs12118,September,2026-08-24 00:34:17,Cleared,Cleared by admin
24bcs12071,September,2026-08-13 12:27:02,Cleared,Cleared by admin
24bcs10593,August,2026-09-19 16:38:58,Cleared,Cleared by admin
24bcs12086,September,2026-08-13 09:05:31,Cleared,Cleared by admin
24bcs10846,August,2026-09-03 00:02:09,Cleared,Cleared by admin
24bcs10004,August,2026-08-21 07:01:43,Cleared,Cleared by admin
24bcs10460,August,2026-09-13 12:01:48,Cleared,Cleared by admin
24bcs11882,August,2026-08-24 19:54:29,Cleared,Cleared by admin
24bcs10435,September,2026-09-18 20:33:27,Cleared,Cleared by admin
24bcs10314,September,2026-08-22 20:57:09,Cleared,Cleared by admin
24bcs10431,August,2026-08-25 08:53:05,Cleared,Cleared by admin
24bcs11290,August,2026-09-21 23:39:18,Cleared,Cleared by admin
24bcs11041,September,2026-08-14 15:33:48,Cleared,Cleared by admin
24bcs12293,September,2026-09-11 16:55:00,Cleared,Batch processed
24bcs11208,September,2026-09-11 16:55:00,Cleared,Batch processed
24bcs10889,August,2026-08-30 12:35:54,Cleared,Cleared by admin
24bcs10363,September,2026-09-18 04:37:58,Cleared,Cleared by admin
24bcs12079,September,2026-08-15 07:59:52,Cleared,Cleared by admin
24bcs10477,August,2026-09-11 16:55:00,Cleared,Batch processed
24bcs10149,August,2026-08-02 09:59:31,Cleared,Cleared by admin
24bcs10669,September,2026-08-30 15:05:08,Cleared,Cleared by admin
24bcs11913,September,2026-08-25 16:47:43,Cleared,Cleared by admin
24bcs11097,August,2026-09-11 16:55:00,Cleared,Batch processed
24bcs11994,September,2026-09-11 16:55:00,Cleared,Batch processed
24bcs11427,September,2026-08-15 01:45:33,Cleared,Cleared by admin
24bcs11246,August,2026-09-01 14:37:24,Cleared,Cleared by admin
24bcs12111,September,2026-09-08 12:13:13,Cleared,Cleared by admin
24bcs10750,August,2026-09-19 23:01:35,Cleared,Cleared by admin
24bcs12386,August,2026-09-20 00:58:59,Cleared,Cleared by admin
24bcs12106,August,2026-09-04 14:23:03,Cleared,Cleared by admin
24bcs12336,August,2026-08-21 08:03:21,Cleared,Cleared by admin
24bcs11893,August,2026-09-16 05:19:29,Cleared,Cleared by admin
24bcs12416,September,2026-08-07 13:56:13,Cleared,Cleared by admin
24bcs10711,August,2026-08-13 17:53:51,Cleared,Cleared by admin
24bcs11732,August,2026-09-11 16:55:00,Cleared,Batch processed
24bcs11282,September,2026-09-09 15:21:47,Cleared,Cleared by admin
24bcs10309,August,2026-08-10 21:11:56,Cleared,Cleared by admin
24bcs11557,September,2026-09-11 16:55:00,Cleared,Batch processed
24bcs12353,September,2026-09-11 16:55:00,Cleared,Batch processed
24bcs10779,August,2026-09-10 19:05:18,Cleared,Cleared by admin
24bcs11898,August,2026-09-01 06:42:42,Cleared,Cleared by admin
24bcs11663,September,2026-08-13 13:28:35,Cleared,Cleared by admin
24bcs11903,September,2026-09-07 11:10:10,Cleared,Cleared by admin
24bcs10550,September,2026-08-25 14:40:51,Cleared,Cleared by admin
24bcs10585,August,2026-08-24 04:57:36,Cleared,Cleared by admin
24bcs10613,September,2026-08-25 19:34:06,Cleared,Cleared by admin
24bcs11883,August,2026-09-08 20:49:10,Cleared,Cleared by admin
24bcs10365,September,2026-09-13 23:31:10,Cleared,Cleared by admin
24bcs10639,September,2026-09-20 11:15:43,Cleared,Cleared by admin
24bcs10398,August,2026-09-02 14:25:51,Cleared,Cleared by admin
24bcs11212,September,2026-08-31 13:35:02,Cleared,Cleared by admin
24bcs12370,August,2026-08-10 23:41:26,Cleared,Cleared by admin
24bcs10599,August,2026-09-04 03:46:11,Cleared,Cleared by admin
24bcs10115,September,2026-09-21 17:04:08,Cleared,Cleared by admin
24bcs10325,September,2026-09-17 03:16:54,Cleared,Cleared by admin
24bcs12196,September,2026-09-14 13:14:25,Cleared,Cleared by admin
24bcs10567,August,2026-08-20 03:37:09,Cleared,Cleared by admin
24bcs10303,September,2026-09-09 08:21:05,Cleared,Cleared by admin
24bcs10406,September,2026-08-14 00:42:23,Cleared,Cleared by admin
24bcs11385,September,2026-08-28 00:43:25,Cleared,Cleared by admin
24bcs11563,August,2026-09-11 16:55:00,Cleared,Batch processed
24bcs11019,August,2026-09-17 11:31:13,Cleared,Cleared by admin
24bcs11390,August,2026-09-04 02:41:33,Cleared,Cleared by admin
24bcs10354,August,2026-08-31 13:47:34,Cleared,Cleared by admin
24bcs11402,August,2026-08-28 16:57:11,Cleared,Cleared by admin
24bcs12384,September,2026-09-11 16:55:00,Cleared,Batch processed
24bcs10721,August,2026-09-11 16:55:00,Cleared,Batch processed
24bcs10291,August,2026-08-25 01:17:09,Cleared,Cleared by admin
24bcs10975,September,2026-09-05 21:48:05,Cleared,Cleared by admin
24bcs10967,August,2026-09-09 20:46:27,Cleared,Cleared by admin
24bcs11342,September,2026-08-26 00:22:39,Cleared,Cleared by admin
24bcs10673,September,2026-09-06 00:53:50,Cleared,Cleared by admin
24bcs10646,September,2026-08-31 21:48:08,Cleared,Cleared by admin
24bcs10574,September,2026-09-11 16:55:00,Cleared,Batch processed
24bcs10319,September,2026-09-03 19:26:52,Cleared,Cleared by admin
24bcs10541,August,2026-08-07 21:12:26,Cleared,Cleared by admin
24bcs12377,September,2026-08-05 11:38:57,Cleared,Cleared by admin
24bcs11632,September,2026-09-11 16:55:00,Cleared,Batch processed
24bcs10943,August,2026-09-09 04:55:06,Cleared,Cleared by admin
24bcs12025,September,2026-08-25 19:41:35,Cleared,Cleared by admin
24bcs10836,August,2026-09-11 16:55:00,Cleared,Batch processed
24bcs10932,September,2026-08-05 16:21:56,Cleared,Cleared by admin
24bcs10355,September,2026-09-01 02:59:18,Cleared,Cleared by admin
24bcs12439,September,2026-09-04 19:45:02,Cleared,Cleared by admin
24bcs11786,September,2026-09-11 16:55:00,Cleared,Batch processed
24bcs11911,August,2026-09-03 20:09:32,Cleared,Cleared by admin
24bcs10887,August,2026-09-06 18:53:03,Cleared,Cleared by admin
24bcs11597,August,2026-09-15 00:18:50,Cleared,Cleared by admin
24bcs11662,September,2026-09-11 16:55:00,Cleared,Batch processed
24bcs10425,September,2026-09-06 19:59:57,Cleared,Cleared by admin
24bcs10481,August,2026-09-22 12:06:18,Cleared,Cleared by admin
24bcs12336,September,2026-09-04 21:06:02,Cleared,Cleared by admin
24bcs12131,August,2026-09-11 16:55:00,Cleared,Batch processed
24bcs11997,August,2026-08-23 21:52:07,Cleared,Cleared by admin
24bcs10269,August,2026-09-11 16:55:00,Cleared,Batch processed
24bcs11345,August,2026-09-04 11:17:24,Cleared,Cleared by admin
24bcs10861,September,2026-08-06 14:14:59,Cleared,Cleared by admin
24bcs11725,September,2026-09-01 23:03:25,Cleared,Cleared by admin
24bcs12472,August,2026-08-22 22:40:17,Cleared,Cleared by admin
24bcs11782,August,2026-08-24 09:08:15,Cleared,Cleared by admin
24bcs10439,August,2026-08-03 08:23:21,Cleared,Cleared by admin
24bcs10171,September,2026-08-05 14:47:39,Cleared,Cleared by admin
24bcs11586,August,2026-09-06 00:26:43,Cleared,Cleared by admin
24bcs11946,August,2026-09-11 16:55:00,Cleared,Batch processed
24bcs10761,September,2026-08-18 02:28:21,Cleared,Cleared by admin
24bcs11921,August,2026-09-19 05:36:09,Cleared,Cleared by admin
24bcs11878,September,2026-08-12 01:11:52,Cleared,Cleared by admin
24bcs10249,August,2026-09-16 11:06:55,Cleared,Cleared by admin
24bcs10637,September,2026-09-08 08:17:52,Cleared,Cleared by admin
24bcs11299,August,2026-08-04 13:52:27,Cleared,Cleared by admin
24bcs10705,September,2026-09-12 14:47:38,Cleared,Cleared by admin
24bcs10913,September,2026-08-21 05:48:27,Cleared,Cleared by admin
24bcs10387,September,2026-09-12 13:03:43,Cleared,Cleared by admin
24bcs11325,September,2026-08-12 11:48:11,Cleared,Cleared by admin
24bcs10100,September,2026-09-10 19:24:46,Cleared,Cleared by admin
24bcs11820,September,2026-09-04 11:58:39,Cleared,Cleared by admin
24bcs10105,August,2026-09-11 16:55:00,Cleared,Batch processed
24bcs12208,August,2026-09-11 16:55:00,Cleared,Batch processed
24bcs10649,August,2026-09-10 03:31:03,Cleared,Cleared by admin
24bcs11185,September,2026-09-11 16:55:00,Cleared,Batch processed
24bcs11978,August,2026-08-07 12:27:36,Cleared,Cleared by admin
24bcs11661,September,2026-09-20 06:53:56,Cleared,Cleared by admin
24bcs10867,September,2026-09-11 16:55:00,Cleared,Batch processed
24bcs10422,August,2026-09-16 18:39:21,Cleared,Cleared by admin
24bcs11088,August,2026-08-18 14:14:51,Cleared,Cleared by admin
24bcs11230,September,2026-09-09 23:27:41,Cleared,Cleared by admin
24bcs11383,September,2026-08-15 01:42:01,Cleared,Cleared by admin
24bcs10993,August,2026-08-10 17:01:17,Cleared,Cleared by admin
24bcs12260,September,2026-08-14 14:02:10,Cleared,Cleared by admin
24bcs12162,August,2026-08-22 14:24:39,Cleared,Cleared by admin
24bcs11229,August,2026-09-11 16:55:00,Cleared,Batch processed
24bcs10366,September,2026-09-23 11:48:34,Cleared,Cleared by admin
24bcs10886,August,2026-08-16 04:41:34,Cleared,Cleared by admin
24bcs11653,August,2026-08-12 16:22:11,Cleared,Cleared by admin
24bcs11241,August,2026-08-27 02:26:07,Cleared,Cleared by admin
24bcs11078,September,2026-08-06 10:13:50,Cleared,Cleared by admin
24bcs10408,September,2026-08-16 15:20:37,Cleared,Cleared by admin
24bcs10600,September,2026-08-25 07:48:57,Cleared,Cleared by admin
24bcs11320,September,2026-09-04 14:32:16,Cleared,Cleared by admin
24bcs10476,September,2026-08-22 01:23:13,Cleared,Cleared by admin
24bcs11067,September,2026-09-11 16:55:00,Cleared,Batch processed
24bcs11718,September,2026-09-15 22:51:42,Cleared,Cleared by admin
24bcs11856,September,2026-08-06 07:10:12,Cleared,Cleared by admin
24bcs11168,September,2026-08-04 16:27:17,Cleared,Cleared by admin
24bcs10043,August,2026-09-11 16:55:00,Cleared,Batch processed
24bcs10086,September,2026-08-04 20:22:25,Cleared,Cleared by admin
24bcs10455,September,2026-08-08 22:21:39,Cleared,Cleared by admin
24bcs12459,September,2026-08-04 19:51:35,Cleared,Cleared by admin
24bcs12016,August,2026-09-08 21:30:52,Cleared,Cleared by admin
24bcs11631,August,2026-08-09 08:10:43,Cleared,Cleared by admin
24bcs11285,September,2026-09-17 08:33:15,Cleared,Cleared by admin
24bcs12321,September,2026-09-11 16:55:00,Cleared,Batch processed
24bcs11565,September,2026-09-17 18:59:45,Cleared,Cleared by admin
24bcs12127,August,2026-09-08 00:21:08,Cleared,Cleared by admin
24bcs12077,August,2026-09-22 08:26:00,Cleared,Cleared by admin
24bcs11940,August,2026-08-14 10:41:42,Cleared,Cleared by admin
24bcs10281,August,2026-09-14 19:34:06,Cleared,Cleared by admin
24bcs11608,September,2026-09-18 05:42:34,Cleared,Cleared by admin
24bcs11055,August,2026-08-11 09:07:41,Cleared,Cleared by admin
24bcs10777,August,2026-08-19 07:54:10,Cleared,Cleared by admin
24bcs11658,August,2026-09-15 06:22:32,Cleared,Cleared by admin
24bcs11704,September,2026-08-26 00:49:46,Cleared,Cleared by admin
24bcs11604,August,2026-09-09 17:20:41,Cleared,Cleared by admin
24bcs11017,August,2026-09-11 16:55:00,Cleared,Batch processed
24bcs10852,September,2026-08-22 06:50:47,Cleared,Cleared by admin
24bcs11671,August,2026-08-06 11:55:52,Cleared,Cleared by admin
24bcs11276,August,2026-08-19 05:34:05,Cleared,Cleared by admin
24bcs10407,August,2026-09-18 02:49:34,Cleared,Cleared by admin
24bcs12254,August,2026-09-11 16:55:00,Cleared,Batch processed
24bcs11127,September,2026-09-11 03:12:04,Cleared,Cleared by admin
24bcs10751,September,2026-08-31 23:08:49,Cleared,Cleared by admin
24bcs10469,August,2026-08-18 21:36:06,Cleared,Cleared by admin
24bcs10079,August,2026-08-06 23:17:04,Cleared,Cleared by admin
24bcs12173,August,2026-09-09 14:00:04,Cleared,Cleared by admin
24bcs10974,September,2026-08-05 22:30:37,Cleared,Cleared by admin
24bcs11943,August,2026-09-08 16:11:30,Cleared,Cleared by admin
24bcs10325,September,2026-09-05 02:08:10,Cleared,Cleared by admin
24bcs11870,September,2026-08-20 16:44:07,Cleared,Cleared by admin
24bcs12080,September,2026-08-16 03:52:07,Cleared,Cleared by admin
24bcs11333,September,2026-08-06 20:07:04,Cleared,Cleared by admin
24bcs10559,September,2026-09-14 03:05:09,Cleared,Cleared by admin
24bcs12167,September,2026-09-07 13:00:54,Cleared,Cleared by admin
24bcs11191,September,2026-09-16 21:21:10,Cleared,Cleared by admin
24bcs10280,September,2026-08-22 15:35:52,Cleared,Cleared by admin
24bcs11229,September,2026-09-05 01:31:32,Cleared,Cleared by admin
24bcs10823,August,2026-09-11 11:26:47,Cleared,Cleared by admin
24bcs11450,August,2026-09-21 06:30:34,Cleared,Cleared by admin
24bcs11397,September,2026-09-20 17:06:49,Cleared,Cleared by admin
24bcs12181,August,2026-08-18 18:53:55,Cleared,Cleared by admin
24bcs11038,September,2026-09-15 18:12:05,Cleared,Cleared by admin
24bcs11505,September,2026-09-15 07:38:09,Cleared,Cleared by admin
24bcs11723,August,2026-09-12 06:44:38,Cleared,Cleared by admin
24bcs12438,September,2026-09-21 02:10:55,Cleared,Cleared by admin
24bcs11821,August,2026-09-11 16:55:00,Cleared,Batch processed
24bcs10061,August,2026-08-06 14:06:50,Cleared,Cleared by admin
24bcs10133,September,2026-09-11 16:55:00,Cleared,Batch processed
24bcs12180,August,2026-09-18 06:22:29,Cleared,Cleared by admin
24bcs11818,August,2026-08-29 13:26:01,Cleared,Cleared by admin
24bcs10970,August,2026-09-16 17:15:32,Cleared,Cleared by admin
24bcs11024,August,2026-08-13 10:18:27,Cleared,Cleared by admin
24bcs12022,August,2026-09-08 03:00:03,Cleared,Cleared by admin
24bcs12258,September,2026-09-11 16:55:00,Cleared,Batch processed
24bcs11215,September,2026-08-08 16:05:35,Cleared,Cleared by admin
24bcs11530,September,2026-09-10 21:22:36,Cleared,Cleared by admin
24bcs10811,August,2026-09-04 14:57:48,Cleared,Cleared by admin
24bcs10864,September,2026-09-11 16:55:00,Cleared,Batch processed
24bcs11539,September,2026-08-29 04:23:02,Cleared,Cleared by admin
24bcs10467,August,2026-09-11 16:55:00,Cleared,Batch processed
24bcs10981,August,2026-09-06 22:34:12,Cleared,Cleared by admin
24bcs12456,September,2026-09-23 00:07:33,Cleared,Cleared by admin
24bcs12467,August,2026-09-11 16:55:00,Cleared,Batch processed
24bcs11766,September,2026-09-04 05:35:38,Cleared,Cleared by admin
24bcs11952,August,2026-09-11 16:55:00,Cleared,Batch processed
24bcs12012,September,2026-08-08 17:03:38,Cleared,Cleared by admin
24bcs12460,September,2026-08-07 08:07:08,Cleared,Cleared by admin
24bcs12017,September,2026-09-09 08:33:44,Cleared,Cleared by admin
24bcs11738,September,2026-08-09 20:44:38,Cleared,Cleared by admin
24bcs11893,September,2026-09-11 16:55:00,Cleared,Batch processed
24bcs11415,September,2026-08-09 14:08:09,Cleared,Cleared by admin
24bcs12158,September,2026-08-08 05:03:00,Cleared,Cleared by admin
24bcs10721,September,2026-09-05 00:52:45,Cleared,Cleared by admin
24bcs10916,August,2026-09-11 16:55:00,Cleared,Batch processed
24bcs10320,August,2026-08-24 11:24:05,Cleared,Cleared by admin
24bcs10541,August,2026-08-24 17:35:09,Cleared,Cleared by admin
24bcs10012,September,2026-08-10 18:36:28,Cleared,Cleared by admin
24bcs10319,September,2026-09-18 03:02:32,Cleared,Cleared by admin
24bcs12409,August,2026-09-11 16:55:00,Cleared,Batch processed
24bcs11077,August,2026-08-29 12:11:00,Cleared,Cleared by admin
24bcs11505,September,2026-09-20 06:55:58,Cleared,Cleared by admin
24bcs11672,August,2026-09-15 14:59:53,Cleared,Cleared by admin
24bcs10989,September,2026-09-11 16:55:00,Cleared,Batch processed
24bcs11555,September,2026-09-10 22:29:56,Cleared,Cleared by admin
24bcs12100,August,2026-08-17 19:53:56,Cleared,Cleared by admin
24bcs11861,September,2026-08-18 13:01:34,Cleared,Cleared by admin
24bcs10947,September,2026-09-15 00:59:13,Cleared,Cleared by admin
24bcs12483,September,2026-09-08 09:49:05,Cleared,Cleared by admin
24bcs12315,August,2026-08-11 08:38:26,Cleared,Cleared by admin
24bcs10927,September,2026-08-12 07:16:37,Cleared,Cleared by admin
24bcs12178,August,2026-08-11 03:02:02,Cleared,Cleared by admin
24bcs10808,August,2026-08-07 04:24:37,Cleared,Cleared by admin
24bcs10272,August,2026-09-14 15:38:02,Cleared,Cleared by admin
24bcs11861,September,2026-09-20 13:32:15,Cleared,Cleared by admin
24bcs10834,September,2026-08-13 09:46:58,Cleared,Cleared by admin
24bcs11644,August,2026-09-18 06:55:17,Cleared,Cleared by admin
24bcs12432,August,2026-08-20 11:45:52,Cleared,Cleared by admin
24bcs11760,September,2026-09-12 04:47:09,Cleared,Cleared by admin
24bcs11191,September,2026-09-11 16:55:00,Cleared,Batch processed
24bcs10874,September,2026-09-18 04:52:56,Cleared,Cleared by admin
24bcs10493,September,2026-08-09 07:05:08,Cleared,Cleared by admin
24bcs10802,August,2026-08-28 11:11:06,Cleared,Cleared by admin
24bcs12165,September,2026-08-09 16:46:36,Cleared,Cleared by admin
24bcs10319,August,2026-09-03 14:31:29,Cleared,Cleared by admin
24bcs10830,August,2026-08-06 15:24:26,Cleared,Cleared by admin
24bcs10515,August,2026-08-26 13:20:01,Cleared,Cleared by admin
24bcs10894,August,2026-08-23 22:46:10,Cleared,Cleared by admin
24bcs10012,August,2026-09-11 16:55:00,Cleared,Batch processed
24bcs11067,September,2026-09-06 03:42:38,Cleared,Cleared by admin
24bcs11708,August,2026-08-29 04:15:19,Cleared,Cleared by admin
24bcs12012,August,2026-08-16 07:14:16,Cleared,Cleared by admin
24bcs10515,September,2026-08-26 12:50:39,Cleared,Cleared by admin
24bcs11583,September,2026-08-23 09:32:14,Cleared,Cleared by admin
24bcs11305,August,2026-09-02 10:25:37,Cleared,Cleared by admin
24bcs11078,August,2026-08-10 13:30:49,Cleared,Cleared by admin
24bcs10710,September,2026-08-06 06:49:23,Cleared,Cleared by admin
24bcs12031,September,2026-09-11 16:55:00,Cleared,Batch processed
24bcs12300,September,2026-09-11 16:55:00,Cleared,Batch processed
24bcs12435,August,2026-08-22 19:21:31,Cleared,Cleared by admin
24bcs12058,September,2026-09-08 16:44:57,Cleared,Cleared by admin
24bcs11936,August,2026-09-11 16:55:00,Cleared,Batch processed
24bcs11042,September,2026-08-28 04:44:30,Cleared,Cleared by admin
24bcs11873,August,2026-09-07 05:18:59,Cleared,Cleared by admin
24bcs10890,September,2026-09-05 07:43:45,Cleared,Cleared by admin
24bcs12475,September,2026-09-11 16:55:00,Cleared,Batch processed
24bcs12021,August,2026-09-03 23:55:24,Cleared,Cleared by admin
24bcs11010,August,2026-08-26 22:23:38,Cleared,Cleared by admin
24bcs11940,September,2026-08-27 10:31:31,Cleared,Cleared by admin
24bcs11921,August,2026-09-13 18:20:12,Cleared,Cleared by admin
24bcs10899,September,2026-08-22 05:31:14,Cleared,Cleared by admin
24bcs10556,September,2026-09-08 11:33:00,Cleared,Cleared by admin
24bcs11810,September,2026-09-16 11:30:11,Cleared,Cleared by admin
24bcs10813,August,2026-08-18 13:36:31,Cleared,Cleared by admin
24bcs10713,September,2026-09-11 16:55:00,Cleared,Batch processed
24bcs11640,September,2026-08-11 09:01:58,Cleared,Cleared by admin
24bcs12218,August,2026-09-01 19:23:15,Cleared,Cleared by admin
24bcs11375,September,2026-09-05 23:36:14,Cleared,Cleared by admin
24bcs11266,September,2026-08-23 20:17:20,Cleared,Cleared by admin
24bcs11896,August,2026-09-09 02:40:52,Cleared,Cleared by admin
24bcs10679,September,2026-08-08 21:10:49,Cleared,Cleared by admin
24bcs11129,August,2026-08-15 13:05:20,Cleared,Cleared by admin
24bcs11679,September,2026-08-17 21:05:09,Cleared,Cleared by admin
24bcs11815,September,2026-08-18 02:53:46,Cleared,Cleared by admin
24bcs10663,August,2026-08-07 05:31:43,Cleared,Cleared by admin
24bcs10427,August,2026-09-19 12:27:57,Cleared,Cleared by admin
24bcs11424,August,2026-08-03 20:53:22,Cleared,Cleared by admin
24bcs10941,September,2026-08-24 06:01:00,Cleared,Cleared by admin
24bcs12327,August,2026-09-07 02:52:31,Cleared,Cleared by admin
24bcs12268,August,2026-09-11 16:55:00,Cleared,Batch processed
24bcs11309,September,2026-08-10 23:00:55,Cleared,Cleared by admin
24bcs11658,August,2026-08-03 06:43:06,Cleared,Cleared by admin
24bcs10259,August,2026-08-12 06:22:03,Cleared,Cleared by admin
24bcs10501,September,2026-09-11 16:55:00,Cleared,Batch processed
24bcs11532,August,2026-08-06 22:01:15,Cleared,Cleared by admin
24bcs12022,September,2026-09-12 20:49:11,Cleared,Cleared by admin
24bcs11216,August,2026-09-11 16:55:00,Cleared,Batch processed
24bcs12443,September,2026-08-06 13:52:31,Cleared,Cleared by admin
24bcs10849,September,2026-09-17 00:05:03,Cleared,Cleared by admin
24bcs10676,September,2026-09-18 11:46:10,Cleared,Cleared by admin
24bcs12440,August,2026-08-25 01:49:47,Cleared,Cleared by admin
24bcs11650,September,2026-09-11 16:55:00,Cleared,Batch processed
24bcs10869,August,2026-09-20 23:10:57,Cleared,Cleared by admin
24bcs12397,August,2026-09-08 13:25:25,Cleared,Cleared by admin
24bcs10523,September,2026-09-21 03:23:27,Cleared,Cleared by admin
24bcs10926,September,2026-09-20 18:43:28,Cleared,Cleared by admin
24bcs10970,August,2026-08-03 00:13:32,Cleared,Cleared by admin
24bcs10815,September,2026-08-24 19:39:42,Cleared,Cleared by admin
24bcs10716,September,2026-09-14 03:59:19,Cleared,Cleared by admin
24bcs10873,August,2026-09-08 13:43:50,Cleared,Cleared by admin
24bcs11970,August,2026-09-15 14:24:46,Cleared,Cleared by admin
24bcs11596,September,2026-09-10 03:09:47,Cleared,Cleared by admin
24bcs12239,August,2026-09-03 14:38:58,Cleared,Cleared by admin
24bcs11140,August,2026-08-18 21:26:20,Cleared,Cleared by admin
24bcs11946,August,2026-08-18 05:40:40,Cleared,Cleared by admin
24bcs11641,September,2026-09-13 21:17:27,Cleared,Cleared by admin
24bcs10535,September,2026-09-11 03:39:14,Cleared,Cleared by admin
24bcs11216,August,2026-08-21 20:57:42,Cleared,Cleared by admin
24bcs11598,September,2026-09-11 16:55:00,Cleared,Batch processed
24bcs11988,August,2026-09-03 08:01:15,Cleared,Cleared by admin
24bcs12175,August,2026-09-10 09:39:20,Cleared,Cleared by admin
24bcs10021,September,2026-09-08 20:59:20,Cleared,Cleared by admin
24bcs11895,August,2026-08-21 16:14:21,Cleared,Cleared by admin
24bcs11950,August,2026-08-15 23:56:29,Cleared,Cleared by admin
24bcs11127,September,2026-08-20 04:49:55,Cleared,Cleared by admin
24bcs12078,September,2026-08-10 18:43:56,Cleared,Cleared by admin
24bcs10911,August,2026-09-06 15:56:55,Cleared,Cleared by admin
24bcs10378,August,2026-09-01 05:46:24,Cleared,Cleared by admin
24bcs10911,September,2026-09-11 16:55:00,Cleared,Batch processed
24bcs12038,August,2026-09-04 01:56:03,Cleared,Cleared by admin
24bcs11560,September,2026-08-16 09:34:30,Cleared,Cleared by admin
24bcs11398,August,2026-09-05 02:25:59,Cleared,Cleared by admin
24bcs10004,August,2026-09-21 18:54:15,Cleared,Cleared by admin
24bcs11010,September,2026-09-20 14:42:06,Cleared,Cleared by admin
24bcs10571,September,2026-08-22 06:49:07,Cleared,Cleared by admin
24bcs11116,August,2026-08-12 07:02:47,Cleared,Cleared by admin
24bcs10873,September,2026-08-28 12:53:09,Cleared,Cleared by admin
24bcs11707,August,2026-09-11 16:55:00,Cleared,Batch processed
24bcs10674,September,2026-09-16 15:30:23,Cleared,Cleared by admin
24bcs11137,September,2026-09-03 12:08:46,Cleared,Cleared by admin
24bcs11343,September,2026-08-18 11:58:05,Cleared,Cleared by admin
24bcs11889,August,2026-08-25 19:00:18,Cleared,Cleared by admin
24bcs10659,September,2026-09-11 16:55:00,Cleared,Batch processed
24bcs10593,September,2026-09-07 01:15:11,Cleared,Cleared by admin
24bcs10266,August,2026-09-14 00:52:09,Cleared,Cleared by admin
24bcs10258,August,2026-09-12 10:02:33,Cleared,Cleared by admin
24bcs11962,August,2026-09-05 22:27:32,Cleared,Cleared by admin
24bcs12180,August,2026-08-25 12:58:59,Cleared,Cleared by admin
24bcs11959,September,2026-08-15 11:06:16,Cleared,Cleared by admin
24bcs10093,August,2026-08-04 10:06:12,Cleared,Cleared by admin
24bcs11126,August,2026-09-11 16:55:00,Cleared,Batch processed
24bcs12201,September,2026-08-05 15:06:33,Cleared,Cleared by admin
24bcs10249,August,2026-09-09 19:22:14,Cleared,Cleared by admin
24bcs10075,August,2026-08-28 00:21:47,Cleared,Cleared by admin
24bcs10100,August,2026-08-26 06:04:35,Cleared,Cleared by admin
24bcs11028,August,2026-09-17 20:15:57,Cleared,Cleared by admin
24bcs10160,August,2026-08-31 21:36:43,Cleared,Cleared by admin
24bcs12150,September,2026-08-15 14:15:39,Cleared,Cleared by admin
24bcs10948,September,2026-08-29 04:20:45,Cleared,Cleared by admin
24bcs11766,September,2026-09-06 20:40:28,Cleared,Cleared by admin
24bcs11346,August,2026-08-09 11:34:38,Cleared,Cleared by admin
24bcs10046,September,2026-08-14 21:43:32,Cleared,Cleared by admin
24bcs11966,September,2026-08-27 23:43:09,Cleared,Cleared by admin
24bcs10596,September,2026-09-11 16:55:00,Cleared,Batch processed
24bcs10550,August,2026-09-10 13:36:22,Cleared,Cleared by admin
24bcs11302,August,2026-08-15 05:09:58,Cleared,Cleared by admin
24bcs12433,September,2026-08-25 07:15:11,Cleared,Cleared by admin
24bcs11418,September,2026-09-09 19:50:33,Cleared,Cleared by admin
24bcs10955,September,2026-09-12 20:39:38,Cleared,Cleared by admin
24bcs11986,August,2026-08-12 01:12:58,Cleared,Cleared by admin
24bcs11204,September,2026-09-15 01:32:34,Cleared,Cleared by admin
24bcs11554,September,2026-09-11 16:55:00,Cleared,Batch processed
24bcs10347,September,2026-08-16 15:46:35,Cleared,Cleared by admin
24bcs11961,August,2026-09-11 16:29:25,Cleared,Cleared by admin
24bcs10100,August,2026-08-18 06:34:49,Cleared,Cleared by admin
24bcs11393,September,2026-09-19 08:14:18,Cleared,Cleared by admin
